Description,Price,Rating,ReviewCount,Url
"KTC 34 Inch Ultrawide Monitor, 165Hz WQHD 3440X1440 Curved Gaming Monitor, 1500R PC Monitor, HDR, FreeSync & G-Sync, HDMI, DisplayPort, VESA, Tilt Swivel Height Pivot Adjustment, H34S18S",$299.99,4.4,139.0,https://www.amazon.com/sspa/click?ie=UTF8&spc=MTo4NjEzODk3Mzg2NjA0Mjc6MTczMzY4NTgxMDpzcF9hdGY6MzAwMzczNDI4NjE1MTAyOjowOjo&url=%2FKTC-Ultrawide-DisplayPort-Adjustment-H34S18S%2Fdp%2FB0CT4KKS7N%2Fref%3Dsr_1_1_sspa%3Fdib%3DeyJ2IjoiMSJ9.ZS9e2riiSTqu5CujMo0-LkiOCvzD6_YW1h1_ymZEj6PiYgCrc4m8vq75W1ybebPJYBCCfFjcCqrbDkqWOSbRivAt8TA-VrvFbIgpCMPlzSs_qbIVlBO0wYCA-QOc9K56mC7-IwpCKmZaInWBRsjTXdmVs77gdrJQ3sHIGGkwF7cUDgvcGxS7ovYOe-L0KJmBJ4iF8wv3Lmv9WqzxbS8XOIZSZ9ACcUipMIOcm69K3f8.k6xT0DXAaTO99L09XiEKqW3s9xEVFPWExTRprURirhI%26dib_tag%3Dse%26keywords%3Dultrawide%2Bmonitor%26qid%3D1733685810%26sr%3D8-1-spons%26sp_csd%3Dd2lkZ2V0TmFtZT1zcF9hdGY%26psc%3D1
"SAMSUNG 34"" ViewFinity S50GC Series Ultra-WQHD Monitor, 100Hz, 5ms, HDR10, AMD FreeSync, Eye Care, Borderless Design, PIP, PBP, LS34C502GANXZA, 2023, Black",$219.99,4.3,2831.0,https://www.amazon.com/SAMSUNG-ViewFinity-Ultra-WQHD-Borderless-LS34C502GANXZA/dp/B0C1KPXPM9/ref=sr_1_3?dib=eyJ2IjoiMSJ9.ZS9e2riiSTqu5CujMo0-LkiOCvzD6_YW1h1_ymZEj6PiYgCrc4m8vq75W1ybebPJYBCCfFjcCqrbDkqWOSbRivAt8TA-VrvFbIgpCMPlzSs_qbIVlBO0wYCA-QOc9K56mC7-IwpCKmZaInWBRsjTXdmVs77gdrJQ3sHIGGkwF7cUDgvcGxS7ovYOe-L0KJmBJ4iF8wv3Lmv9WqzxbS8XOIZSZ9ACcUipMIOcm69K3f8.k6xT0DXAaTO99L09XiEKqW3s9xEVFPWExTRprURirhI&dib_tag=se&keywords=ultrawide+monitor&qid=1733685810&sr=8-3
"LG 34WP65C-B UltraWide Computer Monitor 34-inch QHD (3440x1440) 160Hz, HDR10, AMD FreeSync Premium, Built-In Speaker, Borderless Design, Tilt/Height Stand, HDMI DisplayPort, Black",$284.99,4.6,1048.0,https://www.amazon.com/LG-34WP65C-B-34-Inch-Borderless-Adjustable/dp/B093TB6HZH/ref=sr_1_4?dib=eyJ2IjoiMSJ9.ZS9e2riiSTqu5CujMo0-LkiOCvzD6_YW1h1_ymZEj6PiYgCrc4m8vq75W1ybebPJYBCCfFjcCqrbDkqWOSbRivAt8TA-VrvFbIgpCMPlzSs_qbIVlBO0wYCA-QOc9K56mC7-IwpCKmZaInWBRsjTXdmVs77gdrJQ3sHIGGkwF7cUDgvcGxS7ovYOe-L0KJmBJ4iF8wv3Lmv9WqzxbS8XOIZSZ9ACcUipMIOcm69K3f8.k6xT0DXAaTO99L09XiEKqW3s9xEVFPWExTRprURirhI&dib_tag=se&keywords=ultrawide+monitor&qid=1733685810&sr=8-4
"Sceptre 34-Inch Curved Ultrawide WQHD Monitor 3440 x 1440 R1500 up to 165Hz DisplayPort x2 99% sRGB 1ms Picture by Picture, Machine Black 2023 (C345B-QUT168)",$217.97,4.4,6917.0,https://www.amazon.com/Sceptre-34-Inch-Ultrawide-DisplayPort-C345B-QUT168/dp/B0BTK1C533/ref=sr_1_5?dib=eyJ2IjoiMSJ9.ZS9e2riiSTqu5CujMo0-LkiOCvzD6_YW1h1_ymZEj6PiYgCrc4m8vq75W1ybebPJYBCCfFjcCqrbDkqWOSbRivAt8TA-VrvFbIgpCMPlzSs_qbIVlBO0wYCA-QOc9K56mC7-IwpCKmZaInWBRsjTXdmVs77gdrJQ3sHIGGkwF7cUDgvcGxS7ovYOe-L0KJmBJ4iF8wv3Lmv9WqzxbS8XOIZSZ9ACcUipMIOcm69K3f8.k6xT0DXAaTO99L09XiEKqW3s9xEVFPWExTRprURirhI&dib_tag=se&keywords=ultrawide+monitor&qid=1733685810&sr=8-5
"Sceptre 30-inch Curved Gaming Monitor 21:9 2560x1080 Ultra Wide/ Slim HDMI DisplayPort up to 200Hz Build-in Speakers, Metal Black (C305B-200UN1)",$169.97,4.5,12030.0,https://www.amazon.com/Sceptre-30-inch-Curved-Gaming-Monitor/dp/B07TXM7K4T/ref=sr_1_6?dib=eyJ2IjoiMSJ9.ZS9e2riiSTqu5CujMo0-LkiOCvzD6_YW1h1_ymZEj6PiYgCrc4m8vq75W1ybebPJYBCCfFjcCqrbDkqWOSbRivAt8TA-VrvFbIgpCMPlzSs_qbIVlBO0wYCA-QOc9K56mC7-IwpCKmZaInWBRsjTXdmVs77gdrJQ3sHIGGkwF7cUDgvcGxS7ovYOe-L0KJmBJ4iF8wv3Lmv9WqzxbS8XOIZSZ9ACcUipMIOcm69K3f8.k6xT0DXAaTO99L09XiEKqW3s9xEVFPWExTRprURirhI&dib_tag=se&keywords=ultrawide+monitor&qid=1733685810&sr=8-6
"SAMSUNG 49-Inch Odyssey G9 Series DQHD 1000R Curved Gaming Monitor, 1ms(GtG), VESA DisplayHDR 1000, 240Hz, AMD FreeSync Premium Pro, Height Adjustable Stand, LS49CG954ENXZA, 2024",$799.99,4.0,187.0,https://www.amazon.com/SAMSUNG-DisplayHDR-FreeSync-Adjustable-LS49CG954ENXZA/dp/B0CP6HW894/ref=sr_1_7?dib=eyJ2IjoiMSJ9.ZS9e2riiSTqu5CujMo0-LkiOCvzD6_YW1h1_ymZEj6PiYgCrc4m8vq75W1ybebPJYBCCfFjcCqrbDkqWOSbRivAt8TA-VrvFbIgpCMPlzSs_qbIVlBO0wYCA-QOc9K56mC7-IwpCKmZaInWBRsjTXdmVs77gdrJQ3sHIGGkwF7cUDgvcGxS7ovYOe-L0KJmBJ4iF8wv3Lmv9WqzxbS8XOIZSZ9ACcUipMIOcm69K3f8.k6xT0DXAaTO99L09XiEKqW3s9xEVFPWExTRprURirhI&dib_tag=se&keywords=ultrawide+monitor&qid=1733685810&sr=8-7
LG 45GR65DC-B Ultragear Curved Gaming Monitor 45-Inch 32:9 QHD 200Hz 1ms UltraWide Display AMD FreeSync Premium Pro VESA DisplayHDR 600 HDMI 2.1 x2 DP UBS x3 Tilt/Height/Swivel Stand - Black,$699.99,4.3,366.0,https://www.amazon.com/LG-45GR65DC-B-UltragearTM-DisplayHDRTM-DisplayPort/dp/B0CF6RXZJX/ref=sr_1_8?dib=eyJ2IjoiMSJ9.ZS9e2riiSTqu5CujMo0-LkiOCvzD6_YW1h1_ymZEj6PiYgCrc4m8vq75W1ybebPJYBCCfFjcCqrbDkqWOSbRivAt8TA-VrvFbIgpCMPlzSs_qbIVlBO0wYCA-QOc9K56mC7-IwpCKmZaInWBRsjTXdmVs77gdrJQ3sHIGGkwF7cUDgvcGxS7ovYOe-L0KJmBJ4iF8wv3Lmv9WqzxbS8XOIZSZ9ACcUipMIOcm69K3f8.k6xT0DXAaTO99L09XiEKqW3s9xEVFPWExTRprURirhI&dib_tag=se&keywords=ultrawide+monitor&qid=1733685810&sr=8-8
"LG 34WP60C-B 34-Inch 21:9 Curved UltraWide QHD (3440x1440) VA Display with sRGB 99% Color Gamut and HDR 10, AMD FreeSync Premium and 3-Side Virtually Borderless Screen Curved QHD Tilt,Black",$292.00,4.6,692.0,https://www.amazon.com/LG-34WP60C-B-34-Inch-UltraWide-Borderless/dp/B09XTNY742/ref=sr_1_9?dib=eyJ2IjoiMSJ9.ZS9e2riiSTqu5CujMo0-LkiOCvzD6_YW1h1_ymZEj6PiYgCrc4m8vq75W1ybebPJYBCCfFjcCqrbDkqWOSbRivAt8TA-VrvFbIgpCMPlzSs_qbIVlBO0wYCA-QOc9K56mC7-IwpCKmZaInWBRsjTXdmVs77gdrJQ3sHIGGkwF7cUDgvcGxS7ovYOe-L0KJmBJ4iF8wv3Lmv9WqzxbS8XOIZSZ9ACcUipMIOcm69K3f8.k6xT0DXAaTO99L09XiEKqW3s9xEVFPWExTRprURirhI&dib_tag=se&keywords=ultrawide+monitor&qid=1733685810&sr=8-9
"CRUA 30Inch Ultrawide Curved Monitor, 21:9 WFHD(2560x1080P) VA Computer Monitor, 99% sRGB 100HZ 1500R PC Monitors Support FreeSync, Wall-Mounted, with HDMI/DP Display Port-Black",$159.99,4.3,2611.0,https://www.amazon.com/CRUA-30Inch-Ultrawide-Curved-Monitor/dp/B0CYZ5ZX6V/ref=sr_1_10?dib=eyJ2IjoiMSJ9.ZS9e2riiSTqu5CujMo0-LkiOCvzD6_YW1h1_ymZEj6PiYgCrc4m8vq75W1ybebPJYBCCfFjcCqrbDkqWOSbRivAt8TA-VrvFbIgpCMPlzSs_qbIVlBO0wYCA-QOc9K56mC7-IwpCKmZaInWBRsjTXdmVs77gdrJQ3sHIGGkwF7cUDgvcGxS7ovYOe-L0KJmBJ4iF8wv3Lmv9WqzxbS8XOIZSZ9ACcUipMIOcm69K3f8.k6xT0DXAaTO99L09XiEKqW3s9xEVFPWExTRprURirhI&dib_tag=se&keywords=ultrawide+monitor&qid=1733685810&sr=8-10
"Samsung 34"" Odyssey G5 Ultra-Wide Gaming Monitor with 1000R Curved Screen, 165Hz, 1ms, FreeSync Premium, Large Display, Eye Comfort, Multiple Ports, WQHD, LC34G55TWWNXZA, 2020, Black",$327.00,4.3,2427.0,https://www.amazon.com/SAMSUNG-34-Inch-Ultra-Wide-FreeSync-LC34G55TWWNXZA/dp/B08MVBYWGQ/ref=sr_1_11?dib=eyJ2IjoiMSJ9.ZS9e2riiSTqu5CujMo0-LkiOCvzD6_YW1h1_ymZEj6PiYgCrc4m8vq75W1ybebPJYBCCfFjcCqrbDkqWOSbRivAt8TA-VrvFbIgpCMPlzSs_qbIVlBO0wYCA-QOc9K56mC7-IwpCKmZaInWBRsjTXdmVs77gdrJQ3sHIGGkwF7cUDgvcGxS7ovYOe-L0KJmBJ4iF8wv3Lmv9WqzxbS8XOIZSZ9ACcUipMIOcm69K3f8.k6xT0DXAaTO99L09XiEKqW3s9xEVFPWExTRprURirhI&dib_tag=se&keywords=ultrawide+monitor&qid=1733685810&sr=8-11
"LG 34"" UltraWide Full HD (2560 x 1080) IPS Monitor, 100Hz, 5ms Response Time, VESA DisplayHDR 400, AMD FreeSync, HDMI, DisplayPort, USB-C - 34WQ500",$279.99,3.9,5.0,https://www.amazon.com/sspa/click?ie=UTF8&spc=MTo4NjEzODk3Mzg2NjA0Mjc6MTczMzY4NTgxMDpzcF9tdGY6MzAwMzk3ODAwMTU2OTAyOjowOjo&url=%2FLG-UltraWide-Response-DisplayHDR-DisplayPort%2Fdp%2FB0DFMS9GPW%2Fref%3Dsr_1_12_sspa%3Fdib%3DeyJ2IjoiMSJ9.ZS9e2riiSTqu5CujMo0-LkiOCvzD6_YW1h1_ymZEj6PiYgCrc4m8vq75W1ybebPJYBCCfFjcCqrbDkqWOSbRivAt8TA-VrvFbIgpCMPlzSs_qbIVlBO0wYCA-QOc9K56mC7-IwpCKmZaInWBRsjTXdmVs77gdrJQ3sHIGGkwF7cUDgvcGxS7ovYOe-L0KJmBJ4iF8wv3Lmv9WqzxbS8XOIZSZ9ACcUipMIOcm69K3f8.k6xT0DXAaTO99L09XiEKqW3s9xEVFPWExTRprURirhI%26dib_tag%3Dse%26keywords%3Dultrawide%2Bmonitor%26qid%3D1733685810%26sr%3D8-12-spons%26sp_csd%3Dd2lkZ2V0TmFtZT1zcF9tdGY%26psc%3D1
"MSI Optix MAG342CQR 1500R Curvature 21:9 Aspect Ratio Narrow Bezel 1ms 3440 x 1440 (UWQHD) 144Hz Refresh Rate Tilt/Swivel/Height/Pivot Adjustment 34"" AMD Freesync Gaming Curved Monitor, Black",$291.57,4.4,1047.0,https://www.amazon.com/MSI-Optix-MAG342CQR-1500R-Curvature/dp/B08S8W3MMM/ref=sr_1_13?dib=eyJ2IjoiMSJ9.ZS9e2riiSTqu5CujMo0-LkiOCvzD6_YW1h1_ymZEj6PiYgCrc4m8vq75W1ybebPJYBCCfFjcCqrbDkqWOSbRivAt8TA-VrvFbIgpCMPlzSs_qbIVlBO0wYCA-QOc9K56mC7-IwpCKmZaInWBRsjTXdmVs77gdrJQ3sHIGGkwF7cUDgvcGxS7ovYOe-L0KJmBJ4iF8wv3Lmv9WqzxbS8XOIZSZ9ACcUipMIOcm69K3f8.k6xT0DXAaTO99L09XiEKqW3s9xEVFPWExTRprURirhI&dib_tag=se&keywords=ultrawide+monitor&qid=1733685810&sr=8-13
"SAMSUNG 49"" Odyssey G93SC Series OLED Curved Gaming Monitor, 240Hz, 0.03ms, Dual QHD, DisplayHDR True Black 400, FreeSync Premium Pro, Height Adjustable Stand, 3 Year Warranty, LS49CG932SNXZA, 2023",$949.99,4.1,1263.0,https://www.amazon.com/SAMSUNG-DisplayHDR-FreeSync-Adjustable-LS49CG932SNXZA/dp/B0CDQMQQS2/ref=sr_1_14?dib=eyJ2IjoiMSJ9.ZS9e2riiSTqu5CujMo0-LkiOCvzD6_YW1h1_ymZEj6PiYgCrc4m8vq75W1ybebPJYBCCfFjcCqrbDkqWOSbRivAt8TA-VrvFbIgpCMPlzSs_qbIVlBO0wYCA-QOc9K56mC7-IwpCKmZaInWBRsjTXdmVs77gdrJQ3sHIGGkwF7cUDgvcGxS7ovYOe-L0KJmBJ4iF8wv3Lmv9WqzxbS8XOIZSZ9ACcUipMIOcm69K3f8.k6xT0DXAaTO99L09XiEKqW3s9xEVFPWExTRprURirhI&dib_tag=se&keywords=ultrawide+monitor&qid=1733685810&sr=8-14
"LG UltraWide WFHD 29-Inch FHD 1080p Computer Monitor 29WN600-W, IPS with HDR 10 Compatibility, Silver",$188.89,4.5,4856.0,https://www.amazon.com/LG-29WN600-W-29-21-UltraWide/dp/B0876DBCBX/ref=sr_1_15?dib=eyJ2IjoiMSJ9.ZS9e2riiSTqu5CujMo0-LkiOCvzD6_YW1h1_ymZEj6PiYgCrc4m8vq75W1ybebPJYBCCfFjcCqrbDkqWOSbRivAt8TA-VrvFbIgpCMPlzSs_qbIVlBO0wYCA-QOc9K56mC7-IwpCKmZaInWBRsjTXdmVs77gdrJQ3sHIGGkwF7cUDgvcGxS7ovYOe-L0KJmBJ4iF8wv3Lmv9WqzxbS8XOIZSZ9ACcUipMIOcm69K3f8.k6xT0DXAaTO99L09XiEKqW3s9xEVFPWExTRprURirhI&dib_tag=se&keywords=ultrawide+monitor&qid=1733685810&sr=8-15
"Samsung 49-Inch Business Curved Ultrawide Dual QHD Computer Monitor, USB-C, DisplayPort, HDMI, 120Hz, VESA DisplayHDR 400, Built-in Speakers, Height Adjustable Stand, Eye Care, LS49C954UANXZA, 2024",$749.99,4.1,371.0,https://www.amazon.com/Ultrawide-DisplayPort-DisplayHDR-Adjustable-LS49C954UANXZA/dp/B0CRGJF7WL/ref=sr_1_16?dib=eyJ2IjoiMSJ9.ZS9e2riiSTqu5CujMo0-LkiOCvzD6_YW1h1_ymZEj6PiYgCrc4m8vq75W1ybebPJYBCCfFjcCqrbDkqWOSbRivAt8TA-VrvFbIgpCMPlzSs_qbIVlBO0wYCA-QOc9K56mC7-IwpCKmZaInWBRsjTXdmVs77gdrJQ3sHIGGkwF7cUDgvcGxS7ovYOe-L0KJmBJ4iF8wv3Lmv9WqzxbS8XOIZSZ9ACcUipMIOcm69K3f8.k6xT0DXAaTO99L09XiEKqW3s9xEVFPWExTRprURirhI&dib_tag=se&keywords=ultrawide+monitor&qid=1733685810&sr=8-16
"34 Inch Ultrawide Curved 120Hz Gaming Computer Monitor 1500R PC Screen 21:9 UWQHD (3440x1440),Freesync,178° Viewing Angle,HDMI、Display Port,Compatible with Wall mounting 75×75MM- Black",$199.99,4.2,847.0,https://www.amazon.com/sspa/click?ie=UTF8&spc=MTo4NjEzODk3Mzg2NjA0Mjc6MTczMzY4NTgxMDpzcF9tdGY6MzAwNTcyMTcyMDY2NDAyOjowOjo&url=%2FGawfolk-Ultrawide-Curved-Computer-Monitor%2Fdp%2FB0DFGSYJ95%2Fref%3Dsr_1_17_sspa%3Fdib%3DeyJ2IjoiMSJ9.ZS9e2riiSTqu5CujMo0-LkiOCvzD6_YW1h1_ymZEj6PiYgCrc4m8vq75W1ybebPJYBCCfFjcCqrbDkqWOSbRivAt8TA-VrvFbIgpCMPlzSs_qbIVlBO0wYCA-QOc9K56mC7-IwpCKmZaInWBRsjTXdmVs77gdrJQ3sHIGGkwF7cUDgvcGxS7ovYOe-L0KJmBJ4iF8wv3Lmv9WqzxbS8XOIZSZ9ACcUipMIOcm69K3f8.k6xT0DXAaTO99L09XiEKqW3s9xEVFPWExTRprURirhI%26dib_tag%3Dse%26keywords%3Dultrawide%2Bmonitor%26qid%3D1733685810%26sr%3D8-17-spons%26sp_csd%3Dd2lkZ2V0TmFtZT1zcF9tdGY%26psc%3D1
"ASUS TUF Gaming 34” 1440P 1500R Curved Monitor (VG34VQL3A) - QHD (3440 x 1440), 180Hz, 1ms, Extreme Low Motion Blur, Freesync Premium Pro, 125% sRGB, DisplayHDR 400, Height Adjustable, 3 year warranty",$299.99,4.5,8345.0,https://www.amazon.com/ASUS-Gaming-Curved-Monitor-VG34VQL3A/dp/B0C7BBG2QB/ref=sr_1_18?dib=eyJ2IjoiMSJ9.ZS9e2riiSTqu5CujMo0-LkiOCvzD6_YW1h1_ymZEj6PiYgCrc4m8vq75W1ybebPJYBCCfFjcCqrbDkqWOSbRivAt8TA-VrvFbIgpCMPlzSs_qbIVlBO0wYCA-QOc9K56mC7-IwpCKmZaInWBRsjTXdmVs77gdrJQ3sHIGGkwF7cUDgvcGxS7ovYOe-L0KJmBJ4iF8wv3Lmv9WqzxbS8XOIZSZ9ACcUipMIOcm69K3f8.k6xT0DXAaTO99L09XiEKqW3s9xEVFPWExTRprURirhI&dib_tag=se&keywords=ultrawide+monitor&qid=1733685810&sr=8-18
"Dell S3422DWG Curved Gaming Monitor - 34 Inch 1800R Curved Screen with 144Hz Refresh Rate, WQHD (3440 x 1440) Display, HDMI, DP to DP 1.4 Cable, AMD FreeSync - Black",$299.99,4.5,4183.0,https://www.amazon.com/Dell-Curved-Monitor-Refresh-Display/dp/B095X7RV77/ref=sr_1_19?dib=eyJ2IjoiMSJ9.ZS9e2riiSTqu5CujMo0-LkiOCvzD6_YW1h1_ymZEj6PiYgCrc4m8vq75W1ybebPJYBCCfFjcCqrbDkqWOSbRivAt8TA-VrvFbIgpCMPlzSs_qbIVlBO0wYCA-QOc9K56mC7-IwpCKmZaInWBRsjTXdmVs77gdrJQ3sHIGGkwF7cUDgvcGxS7ovYOe-L0KJmBJ4iF8wv3Lmv9WqzxbS8XOIZSZ9ACcUipMIOcm69K3f8.k6xT0DXAaTO99L09XiEKqW3s9xEVFPWExTRprURirhI&dib_tag=se&keywords=ultrawide+monitor&qid=1733685810&sr=8-19
"LG UltraGear QHD 34-Inch Curved Gaming Monitor 34GP63A-B, VA with HDR 10 Compatibility and AMD FreeSync Premium, 160Hz, Black",$309.99,4.5,1442.0,https://www.amazon.com/LG-UltraGear-34GP63A-B-Compatibility-FreeSync/dp/B0B928B6BC/ref=sr_1_20?dib=eyJ2IjoiMSJ9.ZS9e2riiSTqu5CujMo0-LkiOCvzD6_YW1h1_ymZEj6PiYgCrc4m8vq75W1ybebPJYBCCfFjcCqrbDkqWOSbRivAt8TA-VrvFbIgpCMPlzSs_qbIVlBO0wYCA-QOc9K56mC7-IwpCKmZaInWBRsjTXdmVs77gdrJQ3sHIGGkwF7cUDgvcGxS7ovYOe-L0KJmBJ4iF8wv3Lmv9WqzxbS8XOIZSZ9ACcUipMIOcm69K3f8.k6xT0DXAaTO99L09XiEKqW3s9xEVFPWExTRprURirhI&dib_tag=se&keywords=ultrawide+monitor&qid=1733685810&sr=8-20
"Dell S3222HN Curved Monitor - 31.5-inch FHD (1920x1080) 75Hz 4Ms 1800R Curved Display, HDMI Connectivity, AMD FreeSync Technology, Tilt Adjustability - Silver",$149.99,4.4,6976.0,https://www.amazon.com/sspa/click?ie=UTF8&spc=MTo4NjEzODk3Mzg2NjA0Mjc6MTczMzY4NTgxMDpzcF9idGY6MzAwNTM3NzY4NzU2OTAyOjowOjo&url=%2FDell-S3222HN-32-inch-Curvature-Response%2Fdp%2FB09DYVJS9Z%2Fref%3Dsr_1_21_sspa%3Fdib%3DeyJ2IjoiMSJ9.ZS9e2riiSTqu5CujMo0-LkiOCvzD6_YW1h1_ymZEj6PiYgCrc4m8vq75W1ybebPJYBCCfFjcCqrbDkqWOSbRivAt8TA-VrvFbIgpCMPlzSs_qbIVlBO0wYCA-QOc9K56mC7-IwpCKmZaInWBRsjTXdmVs77gdrJQ3sHIGGkwF7cUDgvcGxS7ovYOe-L0KJmBJ4iF8wv3Lmv9WqzxbS8XOIZSZ9ACcUipMIOcm69K3f8.k6xT0DXAaTO99L09XiEKqW3s9xEVFPWExTRprURirhI%26dib_tag%3Dse%26keywords%3Dultrawide%2Bmonitor%26qid%3D1733685810%26sr%3D8-21-spons%26sp_csd%3Dd2lkZ2V0TmFtZT1zcF9idGY%26psc%3D1
"34 Inch Ultrawide Curved Gaming Monitor, 1500R PC Screen 165hz UWQHD 3440x1440, Curved Computer Screen with FreeSync,Multi-Directional Adjustable Base",$259.99,4.2,680.0,https://www.amazon.com/sspa/click?ie=UTF8&spc=MTo4NjEzODk3Mzg2NjA0Mjc6MTczMzY4NTgxMDpzcF9idGY6MzAwNDQ2NTgzMDQ2ODAyOjowOjo&url=%2FGawfolk-Ultrawide-3440x1440-Multi-Directional-Adjustable%2Fdp%2FB0DCHZ8TDK%2Fref%3Dsr_1_22_sspa%3Fdib%3DeyJ2IjoiMSJ9.ZS9e2riiSTqu5CujMo0-LkiOCvzD6_YW1h1_ymZEj6PiYgCrc4m8vq75W1ybebPJYBCCfFjcCqrbDkqWOSbRivAt8TA-VrvFbIgpCMPlzSs_qbIVlBO0wYCA-QOc9K56mC7-IwpCKmZaInWBRsjTXdmVs77gdrJQ3sHIGGkwF7cUDgvcGxS7ovYOe-L0KJmBJ4iF8wv3Lmv9WqzxbS8XOIZSZ9ACcUipMIOcm69K3f8.k6xT0DXAaTO99L09XiEKqW3s9xEVFPWExTRprURirhI%26dib_tag%3Dse%26keywords%3Dultrawide%2Bmonitor%26qid%3D1733685810%26sr%3D8-22-spons%26sp_csd%3Dd2lkZ2V0TmFtZT1zcF9idGY%26psc%3D1
"WALI Dual Monitor Stand, 13-32 Inch Adjustable Spring Monitor Mount for Desk Holds Max 17.6 lbs Screens, Swivel Vesa Bracket with C Clamp, Grommet Mounting, Monitor Arms for 2 Monitor(GSDM002)",$54.99,4.4,9002.0,https://www.amazon.com/sspa/click?ie=UTF8&spc=MTo0NDA0ODk3MDM5OTA0MTY0OjE3MzM2ODU4NTU6c3BfYXRmX25leHQ6MzAwNTU4MDc3MDM0MjAyOjowOjo&url=%2FWALI-Premium-Adjustable-Capacity-GSDM002%2Fdp%2FB07DM7N5BH%2Fref%3Dsr_1_17_sspa%3Fdib%3DeyJ2IjoiMSJ9.9LPch0XIKQpvjQipFNHWvdIkF2Xv2y48LAKPZ9BBR5kvauWTQZ_CiiVwc05qqUe7_IYeysV4MNoAEo5Rc_LtLdYYXbUiFcftevl7Rd-lChW-M68Vl19e9xSoSOwIzio_yTyr1SwfNRvsWe_FS1V_uGVnSLTq95C7JkfYfgOzCUMXljH5lUtJ6ee4IgzmB4SgJhrHv26I6t1JZmTFvo8VQC7X31arn_fascK8YFhVeN8.JeLi1NNs_c2BJ1SjkKISZ1zwA5Wwy-O8aDoKF_ThIJs%26dib_tag%3Dse%26keywords%3Dultrawide%2Bmonitor%26qid%3D1733685855%26sr%3D8-17-spons%26sp_csd%3Dd2lkZ2V0TmFtZT1zcF9hdGZfbmV4dA%26psc%3D1
"Heavy-Duty Monitor Mount for 17-49 inches Ultrawide Curved Flat Monitors, Holds 44lbs,Ultrawide Monitor Arm with Extended Column, Adjustable Gas Spring, Monitor Stand for Desk, Black",$109.99,4.6,14.0,https://www.amazon.com/sspa/click?ie=UTF8&spc=MTo0NDA0ODk3MDM5OTA0MTY0OjE3MzM2ODU4NTU6c3BfYXRmX25leHQ6MzAwNTA5ODU1NTI3NzAyOjowOjo&url=%2FARES-WING-Heavy-Duty-Ultrawide-Adjustable%2Fdp%2FB0DFGZBP27%2Fref%3Dsr_1_18_sspa%3Fdib%3DeyJ2IjoiMSJ9.9LPch0XIKQpvjQipFNHWvdIkF2Xv2y48LAKPZ9BBR5kvauWTQZ_CiiVwc05qqUe7_IYeysV4MNoAEo5Rc_LtLdYYXbUiFcftevl7Rd-lChW-M68Vl19e9xSoSOwIzio_yTyr1SwfNRvsWe_FS1V_uGVnSLTq95C7JkfYfgOzCUMXljH5lUtJ6ee4IgzmB4SgJhrHv26I6t1JZmTFvo8VQC7X31arn_fascK8YFhVeN8.JeLi1NNs_c2BJ1SjkKISZ1zwA5Wwy-O8aDoKF_ThIJs%26dib_tag%3Dse%26keywords%3Dultrawide%2Bmonitor%26qid%3D1733685855%26sr%3D8-18-spons%26sp_csd%3Dd2lkZ2V0TmFtZT1zcF9hdGZfbmV4dA%26psc%3D1
"PHILIPS 34E1C5600HE 34"" UltraWide QHD 21:9 Monitor with Built-in Windows Hello Webcam & Noise Canceling Mic, USB-C Docking, Stereo Speakers, 100Hz, 4-Year Advance Replacement",$319.99,4.4,4987.0,https://www.amazon.com/PHILIPS-34E1C5600HE-UltraWide-QHD-Built/dp/B0BQQ7H8TZ/ref=sr_1_19?dib=eyJ2IjoiMSJ9.9LPch0XIKQpvjQipFNHWvdIkF2Xv2y48LAKPZ9BBR5kvauWTQZ_CiiVwc05qqUe7_IYeysV4MNoAEo5Rc_LtLdYYXbUiFcftevl7Rd-lChW-M68Vl19e9xSoSOwIzio_yTyr1SwfNRvsWe_FS1V_uGVnSLTq95C7JkfYfgOzCUMXljH5lUtJ6ee4IgzmB4SgJhrHv26I6t1JZmTFvo8VQC7X31arn_fascK8YFhVeN8.JeLi1NNs_c2BJ1SjkKISZ1zwA5Wwy-O8aDoKF_ThIJs&dib_tag=se&keywords=ultrawide+monitor&qid=1733685855&sr=8-19
"34 Inch Ultrawide Curved 144Hz Gaming Computer Monitor 1500R PC Screen、21:9 UWQHD (3440x1440),Adaptive Sync,178° Viewing Angle,Display Port、HDMI,Compatible with Wall mounting - Black",$199.99,4.2,847.0,https://www.amazon.com/Gawfolk-Ultrawide-Computer-Monitor-Screen%E3%80%8121/dp/B0DFGZ4B5N/ref=sr_1_20?dib=eyJ2IjoiMSJ9.9LPch0XIKQpvjQipFNHWvdIkF2Xv2y48LAKPZ9BBR5kvauWTQZ_CiiVwc05qqUe7_IYeysV4MNoAEo5Rc_LtLdYYXbUiFcftevl7Rd-lChW-M68Vl19e9xSoSOwIzio_yTyr1SwfNRvsWe_FS1V_uGVnSLTq95C7JkfYfgOzCUMXljH5lUtJ6ee4IgzmB4SgJhrHv26I6t1JZmTFvo8VQC7X31arn_fascK8YFhVeN8.JeLi1NNs_c2BJ1SjkKISZ1zwA5Wwy-O8aDoKF_ThIJs&dib_tag=se&keywords=ultrawide+monitor&qid=1733685855&sr=8-20
"MSI MAG401QR, 40"" Gaming Monitor, 3440 x 1440(UWQHD), IPS, 155Hz, FreeSync Premium, HDR400, HDMI, Displayport, USB C, Tilt,Black",$349.99,3.9,193.0,https://www.amazon.com/MSI-MAG401QR-Monitor-FreeSync-Displayport/dp/B0BX2CLB9D/ref=sr_1_21?dib=eyJ2IjoiMSJ9.9LPch0XIKQpvjQipFNHWvdIkF2Xv2y48LAKPZ9BBR5kvauWTQZ_CiiVwc05qqUe7_IYeysV4MNoAEo5Rc_LtLdYYXbUiFcftevl7Rd-lChW-M68Vl19e9xSoSOwIzio_yTyr1SwfNRvsWe_FS1V_uGVnSLTq95C7JkfYfgOzCUMXljH5lUtJ6ee4IgzmB4SgJhrHv26I6t1JZmTFvo8VQC7X31arn_fascK8YFhVeN8.JeLi1NNs_c2BJ1SjkKISZ1zwA5Wwy-O8aDoKF_ThIJs&dib_tag=se&keywords=ultrawide+monitor&qid=1733685855&sr=8-21
"LG 29WP60G-B UltraWide Monitor 29"" 21:9 FHD (2560 x 1080) IPS Display, sRGB 99% Color Gamut, HDR 10, USB Type-C Connectivity, 3-Side Virtually Borderless Display - Black",$199.99,4.4,1053.0,https://www.amazon.com/LG-29WP60G-B-Inch-Connectivity-Borderless/dp/B08V86LGBS/ref=sr_1_22?dib=eyJ2IjoiMSJ9.9LPch0XIKQpvjQipFNHWvdIkF2Xv2y48LAKPZ9BBR5kvauWTQZ_CiiVwc05qqUe7_IYeysV4MNoAEo5Rc_LtLdYYXbUiFcftevl7Rd-lChW-M68Vl19e9xSoSOwIzio_yTyr1SwfNRvsWe_FS1V_uGVnSLTq95C7JkfYfgOzCUMXljH5lUtJ6ee4IgzmB4SgJhrHv26I6t1JZmTFvo8VQC7X31arn_fascK8YFhVeN8.JeLi1NNs_c2BJ1SjkKISZ1zwA5Wwy-O8aDoKF_ThIJs&dib_tag=se&keywords=ultrawide+monitor&qid=1733685855&sr=8-22
Deco Gear 35-Inch Curved Ultrawide Gaming Monitor | 3440 x 1440 | 120Hz | 1ms MPRT | Adaptive Sync | HDMI 2.0 x2 | DisplayPort 1.4 x2 | 99% sRGB,$224.99,4.3,1835.0,https://www.amazon.com/Deco-Gear-Ultrawide-Monitor-3440x1440/dp/B0BCTZJ38R/ref=sr_1_23?dib=eyJ2IjoiMSJ9.9LPch0XIKQpvjQipFNHWvdIkF2Xv2y48LAKPZ9BBR5kvauWTQZ_CiiVwc05qqUe7_IYeysV4MNoAEo5Rc_LtLdYYXbUiFcftevl7Rd-lChW-M68Vl19e9xSoSOwIzio_yTyr1SwfNRvsWe_FS1V_uGVnSLTq95C7JkfYfgOzCUMXljH5lUtJ6ee4IgzmB4SgJhrHv26I6t1JZmTFvo8VQC7X31arn_fascK8YFhVeN8.JeLi1NNs_c2BJ1SjkKISZ1zwA5Wwy-O8aDoKF_ThIJs&dib_tag=se&keywords=ultrawide+monitor&qid=1733685855&sr=8-23
"Samsung 49"" Odyssey OLED G9 (G95SC) Series Curved Smart Gaming Monitor, 240Hz, 0.03ms, AMD Freestyle Premium Pro, G-Sync Compatible, Dual QHD, Neo Quantum Processor Pro, LS49CG954SNXZA, 2023","$1,047.97",3.7,533.0,https://www.amazon.com/SAMSUNG-Processor-DisplayHDR-FreeSync-LS49CG954SNXZA/dp/B0C48D7Q22/ref=sr_1_24?dib=eyJ2IjoiMSJ9.9LPch0XIKQpvjQipFNHWvdIkF2Xv2y48LAKPZ9BBR5kvauWTQZ_CiiVwc05qqUe7_IYeysV4MNoAEo5Rc_LtLdYYXbUiFcftevl7Rd-lChW-M68Vl19e9xSoSOwIzio_yTyr1SwfNRvsWe_FS1V_uGVnSLTq95C7JkfYfgOzCUMXljH5lUtJ6ee4IgzmB4SgJhrHv26I6t1JZmTFvo8VQC7X31arn_fascK8YFhVeN8.JeLi1NNs_c2BJ1SjkKISZ1zwA5Wwy-O8aDoKF_ThIJs&dib_tag=se&keywords=ultrawide+monitor&qid=1733685855&sr=8-24
"ASUS TUF 34 Inch Curved Gaming Monitor - WQHD (3440x1440), 165Hz, 1ms, Extreme Low Motion Blur, FreeSync Premium, Eye Care, Height Adjustable, DisplayHDR 400, DisplayPort, HDMI, USB - VG34VQL1B",$369.00,4.6,3580.0,https://www.amazon.com/ASUS-VG34VQL1B-DisplayPort-Adjustable-DisplayHDR/dp/B08LCMYT54/ref=sr_1_25?dib=eyJ2IjoiMSJ9.9LPch0XIKQpvjQipFNHWvdIkF2Xv2y48LAKPZ9BBR5kvauWTQZ_CiiVwc05qqUe7_IYeysV4MNoAEo5Rc_LtLdYYXbUiFcftevl7Rd-lChW-M68Vl19e9xSoSOwIzio_yTyr1SwfNRvsWe_FS1V_uGVnSLTq95C7JkfYfgOzCUMXljH5lUtJ6ee4IgzmB4SgJhrHv26I6t1JZmTFvo8VQC7X31arn_fascK8YFhVeN8.JeLi1NNs_c2BJ1SjkKISZ1zwA5Wwy-O8aDoKF_ThIJs&dib_tag=se&keywords=ultrawide+monitor&qid=1733685855&sr=8-25
"Ultrawide Monitor Mount with USB A/C, Ultrawide Monitor Arm with Extended Column for 17 to 49 inch Heavy Duty Monitor, Holds 44 lbs, Adjustable Gas Spring Monitor Arm Desk Mount, White",$119.99,5.0,8.0,https://www.amazon.com/sspa/click?ie=UTF8&spc=MTo0NDA0ODk3MDM5OTA0MTY0OjE3MzM2ODU4NTU6c3BfbXRmOjMwMDUwOTg3NDUwMjkwMjo6MDo6&url=%2FARES-WING-Ultrawide-Extended-Adjustable%2Fdp%2FB0DFGZ75GS%2Fref%3Dsr_1_27_sspa%3Fdib%3DeyJ2IjoiMSJ9.9LPch0XIKQpvjQipFNHWvdIkF2Xv2y48LAKPZ9BBR5kvauWTQZ_CiiVwc05qqUe7_IYeysV4MNoAEo5Rc_LtLdYYXbUiFcftevl7Rd-lChW-M68Vl19e9xSoSOwIzio_yTyr1SwfNRvsWe_FS1V_uGVnSLTq95C7JkfYfgOzCUMXljH5lUtJ6ee4IgzmB4SgJhrHv26I6t1JZmTFvo8VQC7X31arn_fascK8YFhVeN8.JeLi1NNs_c2BJ1SjkKISZ1zwA5Wwy-O8aDoKF_ThIJs%26dib_tag%3Dse%26keywords%3Dultrawide%2Bmonitor%26qid%3D1733685855%26sr%3D8-27-spons%26sp_csd%3Dd2lkZ2V0TmFtZT1zcF9tdGY%26psc%3D1
Deco Gear 35” Curved Gaming Ultrawide Monitor | 3440x1440 | WQHD | 120hz | 1ms MPRT | 21:9 | Adaptive Sync | HDMI 2.0 x2 | DisplayPort 1.4 x2 | 99% sRGB | Picture in Picture | Anti-Glare Screen,$514.99,4.3,1835.0,https://www.amazon.com/sspa/click?ie=UTF8&spc=MTo0NDA0ODk3MDM5OTA0MTY0OjE3MzM2ODU4NTU6c3BfbXRmOjMwMDM0NDQzMjY4NzMwMjo6MDo6&url=%2FDeco-Gear-Curved-Ultrawide-Monitor%2Fdp%2FB07XQGRB1F%2Fref%3Dsr_1_28_sspa%3Fdib%3DeyJ2IjoiMSJ9.9LPch0XIKQpvjQipFNHWvdIkF2Xv2y48LAKPZ9BBR5kvauWTQZ_CiiVwc05qqUe7_IYeysV4MNoAEo5Rc_LtLdYYXbUiFcftevl7Rd-lChW-M68Vl19e9xSoSOwIzio_yTyr1SwfNRvsWe_FS1V_uGVnSLTq95C7JkfYfgOzCUMXljH5lUtJ6ee4IgzmB4SgJhrHv26I6t1JZmTFvo8VQC7X31arn_fascK8YFhVeN8.JeLi1NNs_c2BJ1SjkKISZ1zwA5Wwy-O8aDoKF_ThIJs%26dib_tag%3Dse%26keywords%3Dultrawide%2Bmonitor%26qid%3D1733685855%26sr%3D8-28-spons%26sp_csd%3Dd2lkZ2V0TmFtZT1zcF9tdGY%26psc%3D1
"SAMSUNG 57"" Odyssey Neo G9 Series Dual 4K UHD 1000R Curved Gaming Monitor, 240Hz, 1ms with DisplayPort 2.1, Quantum Mini-LED, DisplayHDR 1000, AMD FreeSync Premium Pro, LS57CG952NNXZA, 2023","$1,599.99",3.9,1103.0,https://www.amazon.com/SAMSUNG-DisplayPort-Mini-LED-DisplayHDR-LS57CG952NNXZA/dp/B0CDQM55C9/ref=sr_1_29?dib=eyJ2IjoiMSJ9.9LPch0XIKQpvjQipFNHWvdIkF2Xv2y48LAKPZ9BBR5kvauWTQZ_CiiVwc05qqUe7_IYeysV4MNoAEo5Rc_LtLdYYXbUiFcftevl7Rd-lChW-M68Vl19e9xSoSOwIzio_yTyr1SwfNRvsWe_FS1V_uGVnSLTq95C7JkfYfgOzCUMXljH5lUtJ6ee4IgzmB4SgJhrHv26I6t1JZmTFvo8VQC7X31arn_fascK8YFhVeN8.JeLi1NNs_c2BJ1SjkKISZ1zwA5Wwy-O8aDoKF_ThIJs&dib_tag=se&keywords=ultrawide+monitor&qid=1733685855&sr=8-29
"ViewSonic VX3276-MHD 32 Inch 1080p Widescreen IPS Monitor with Ultra-Thin Bezels, Screen Split Capability HDMI and DisplayPort",$169.99,4.6,7394.0,https://www.amazon.com/ViewSonic-VX3276-MHD-Frameless-Widescreen-DisplayPort/dp/B0787WGCXT/ref=sr_1_30?dib=eyJ2IjoiMSJ9.9LPch0XIKQpvjQipFNHWvdIkF2Xv2y48LAKPZ9BBR5kvauWTQZ_CiiVwc05qqUe7_IYeysV4MNoAEo5Rc_LtLdYYXbUiFcftevl7Rd-lChW-M68Vl19e9xSoSOwIzio_yTyr1SwfNRvsWe_FS1V_uGVnSLTq95C7JkfYfgOzCUMXljH5lUtJ6ee4IgzmB4SgJhrHv26I6t1JZmTFvo8VQC7X31arn_fascK8YFhVeN8.JeLi1NNs_c2BJ1SjkKISZ1zwA5Wwy-O8aDoKF_ThIJs&dib_tag=se&keywords=ultrawide+monitor&qid=1733685855&sr=8-30
"LG UltraWide QHD 34-Inch Curved Computer Monitor 34WQ73A-B, IPS with HDR 10 Compatibility, Built-In-KVM, and USB Type-C, Black",$399.99,4.4,4318.0,https://www.amazon.com/LG-UltraWide-Computer-34WQ73A-B-Compatibility/dp/B0B924GWLJ/ref=sr_1_31?dib=eyJ2IjoiMSJ9.9LPch0XIKQpvjQipFNHWvdIkF2Xv2y48LAKPZ9BBR5kvauWTQZ_CiiVwc05qqUe7_IYeysV4MNoAEo5Rc_LtLdYYXbUiFcftevl7Rd-lChW-M68Vl19e9xSoSOwIzio_yTyr1SwfNRvsWe_FS1V_uGVnSLTq95C7JkfYfgOzCUMXljH5lUtJ6ee4IgzmB4SgJhrHv26I6t1JZmTFvo8VQC7X31arn_fascK8YFhVeN8.JeLi1NNs_c2BJ1SjkKISZ1zwA5Wwy-O8aDoKF_ThIJs&dib_tag=se&keywords=ultrawide+monitor&qid=1733685855&sr=8-31
"Z-Edge UG34 34"" Ultrawide 2K Curved Gaming Monitor with 165Hz Refresh Rate, 21:9 Aspect Ratio, 1ms MPRT, 3440x1440 Resolution, 1500R Curvature, VA Panel, 178 Viewing Angles, AMD Freesync",$249.99,4.4,514.0,https://www.amazon.com/Z-Edge-UG34-Ultrawide-Monitor-Refresh/dp/B0CR45VFTG/ref=sr_1_32?dib=eyJ2IjoiMSJ9.9LPch0XIKQpvjQipFNHWvdIkF2Xv2y48LAKPZ9BBR5kvauWTQZ_CiiVwc05qqUe7_IYeysV4MNoAEo5Rc_LtLdYYXbUiFcftevl7Rd-lChW-M68Vl19e9xSoSOwIzio_yTyr1SwfNRvsWe_FS1V_uGVnSLTq95C7JkfYfgOzCUMXljH5lUtJ6ee4IgzmB4SgJhrHv26I6t1JZmTFvo8VQC7X31arn_fascK8YFhVeN8.JeLi1NNs_c2BJ1SjkKISZ1zwA5Wwy-O8aDoKF_ThIJs&dib_tag=se&keywords=ultrawide+monitor&qid=1733685855&sr=8-32
"Dell UltraSharp U4924DW 49"" Dual Quad HD (DQHD) Curved Screen Edge WLED LCD Monitor - 32:9,Black","$1,199.99",4.3,30.0,https://www.amazon.com/Dell-UltraSharp-U4924DW-Curved-Monitor/dp/B0C6QRTBHM/ref=sr_1_34?dib=eyJ2IjoiMSJ9.9LPch0XIKQpvjQipFNHWvdIkF2Xv2y48LAKPZ9BBR5kvauWTQZ_CiiVwc05qqUe7_IYeysV4MNoAEo5Rc_LtLdYYXbUiFcftevl7Rd-lChW-M68Vl19e9xSoSOwIzio_yTyr1SwfNRvsWe_FS1V_uGVnSLTq95C7JkfYfgOzCUMXljH5lUtJ6ee4IgzmB4SgJhrHv26I6t1JZmTFvo8VQC7X31arn_fascK8YFhVeN8.JeLi1NNs_c2BJ1SjkKISZ1zwA5Wwy-O8aDoKF_ThIJs&dib_tag=se&keywords=ultrawide+monitor&qid=1733685855&sr=8-34
"Sceptre 30-inch Curved Ultrawide Monitor 2560 x 1080 up to 200Hz DisplayPort HDMI 1ms AMD FreeSync Premium 99% sRGB Picture by Picture/PIP, Build-in Speakers White (C305B-FUN200W)",$225.99,4.5,106.0,https://www.amazon.com/Sceptre-Ultrawide-DisplayPort-FreeSync-C305B-FUN200W/dp/B09KG8D95N/ref=sr_1_35?dib=eyJ2IjoiMSJ9.9LPch0XIKQpvjQipFNHWvdIkF2Xv2y48LAKPZ9BBR5kvauWTQZ_CiiVwc05qqUe7_IYeysV4MNoAEo5Rc_LtLdYYXbUiFcftevl7Rd-lChW-M68Vl19e9xSoSOwIzio_yTyr1SwfNRvsWe_FS1V_uGVnSLTq95C7JkfYfgOzCUMXljH5lUtJ6ee4IgzmB4SgJhrHv26I6t1JZmTFvo8VQC7X31arn_fascK8YFhVeN8.JeLi1NNs_c2BJ1SjkKISZ1zwA5Wwy-O8aDoKF_ThIJs&dib_tag=se&keywords=ultrawide+monitor&qid=1733685855&sr=8-35
"Packard Bell airFrame 21"" FHD Monitors + Wireless Keyboard & Mouse, VESA Mount Compatible, HDMI/VGA, Tilt, Slim Bezel, for Home, Office, Light Gaming – 2 Pack",$129.99,4.3,1769.0,https://www.amazon.com/sspa/click?ie=UTF8&spc=MTo0NDA0ODk3MDM5OTA0MTY0OjE3MzM2ODU4NTU6c3BfYnRmOjMwMDQxMjE3OTAyMzcwMjo6MDo6&url=%2FPackard-Bell-airFrame-Monitors-Compatible%2Fdp%2FB0DF8GPBKP%2Fref%3Dsr_1_37_sspa%3Fdib%3DeyJ2IjoiMSJ9.9LPch0XIKQpvjQipFNHWvdIkF2Xv2y48LAKPZ9BBR5kvauWTQZ_CiiVwc05qqUe7_IYeysV4MNoAEo5Rc_LtLdYYXbUiFcftevl7Rd-lChW-M68Vl19e9xSoSOwIzio_yTyr1SwfNRvsWe_FS1V_uGVnSLTq95C7JkfYfgOzCUMXljH5lUtJ6ee4IgzmB4SgJhrHv26I6t1JZmTFvo8VQC7X31arn_fascK8YFhVeN8.JeLi1NNs_c2BJ1SjkKISZ1zwA5Wwy-O8aDoKF_ThIJs%26dib_tag%3Dse%26keywords%3Dultrawide%2Bmonitor%26qid%3D1733685855%26sr%3D8-37-spons%26sp_csd%3Dd2lkZ2V0TmFtZT1zcF9idGY%26psc%3D1
"KTC 32 Inch FHD 1080p Curved Gaming Monitor - VA 1500R Curved Monitor, 165Hz 1ms MPRT, FreeSync & G-Sync, 122% sRGB, DP/HDMI, VESA, HDR10 for Gaming Home Office Business PC Monitor",$189.99,4.4,387.0,https://www.amazon.com/sspa/click?ie=UTF8&spc=MTo0NDA0ODk3MDM5OTA0MTY0OjE3MzM2ODU4NTU6c3BfYnRmOjMwMDE0Nzk1NDQ4MDAwMjo6MDo6&url=%2FKTC-1080p-Curved-Gaming-Monitor%2Fdp%2FB0CSZ1ZBF1%2Fref%3Dsr_1_38_sspa%3Fdib%3DeyJ2IjoiMSJ9.9LPch0XIKQpvjQipFNHWvdIkF2Xv2y48LAKPZ9BBR5kvauWTQZ_CiiVwc05qqUe7_IYeysV4MNoAEo5Rc_LtLdYYXbUiFcftevl7Rd-lChW-M68Vl19e9xSoSOwIzio_yTyr1SwfNRvsWe_FS1V_uGVnSLTq95C7JkfYfgOzCUMXljH5lUtJ6ee4IgzmB4SgJhrHv26I6t1JZmTFvo8VQC7X31arn_fascK8YFhVeN8.JeLi1NNs_c2BJ1SjkKISZ1zwA5Wwy-O8aDoKF_ThIJs%26dib_tag%3Dse%26keywords%3Dultrawide%2Bmonitor%26qid%3D1733685855%26sr%3D8-38-spons%26sp_csd%3Dd2lkZ2V0TmFtZT1zcF9idGY%26psc%3D1
"WALI Single Monitor Gas Spring Desk Mount, Heavy Duty Monitor Arm for Ultrawide Screen up to 49 inch, 44 lbs. Fully Adjustable, Mounting Holes 75 and 100 (GAM001XL), White and Black",$99.99,4.4,59.0,https://www.amazon.com/sspa/click?ie=UTF8&spc=MToyMDU2MzE0ODIwMjc0ODAwOjE3MzM2ODU4NzI6c3BfYXRmX25leHQ6MzAwNDI3MDY5MzgzMDAyOjowOjo&url=%2FWALI-Ultrawide-Adjustable-Mounting-GAM001XL%2Fdp%2FB0D7CGJH1Z%2Fref%3Dsr_1_33_sspa%3Fdib%3DeyJ2IjoiMSJ9.JBUNCIoYEN0QEb8mLkyDbFuO2MlMK036ZY3fxEmVsuiVe1d6qMJB2gbV6YLr6CKwRrgZapqGvQGu_HFGigq6AXezSai2oDkTeaX-Kj2jOaV3MTfyujYktslzJ3Q_N-kq1-iECLgy7Y7Hefe2c5uekVSyC6Yc-wEwSXO3GFNH7wGN57GSet64rQpuCMQ7GUiptmU6T9Db26ObNntA4SXH54vQR3ET4aZzQlOiBhuSyKc.az8a7eNFV5Ghsoh8lWODFqpUsrPIv8cylEfTbOUN1DE%26dib_tag%3Dse%26keywords%3Dultrawide%2Bmonitor%26qid%3D1733685872%26sr%3D8-33-spons%26sp_csd%3Dd2lkZ2V0TmFtZT1zcF9hdGZfbmV4dA%26psc%3D1
"Dual Monitor Mount, Heavy Duty Monitor Arm for 2 Ultrawide Monitors, Fits Screen up to 35 Inch, 26.4lbs Each, with C Clamp and Grommet Base, Black",$69.99,4.0,1.0,https://www.amazon.com/sspa/click?ie=UTF8&spc=MToyMDU2MzE0ODIwMjc0ODAwOjE3MzM2ODU4NzI6c3BfYXRmX25leHQ6MzAwMjM5ODA3OTA3OTAyOjowOjo&url=%2FSuprogear-Monitor-Ultrawide-Monitors-26-4lbs%2Fdp%2FB0D3X9KY4Y%2Fref%3Dsr_1_34_sspa%3Fdib%3DeyJ2IjoiMSJ9.JBUNCIoYEN0QEb8mLkyDbFuO2MlMK036ZY3fxEmVsuiVe1d6qMJB2gbV6YLr6CKwRrgZapqGvQGu_HFGigq6AXezSai2oDkTeaX-Kj2jOaV3MTfyujYktslzJ3Q_N-kq1-iECLgy7Y7Hefe2c5uekVSyC6Yc-wEwSXO3GFNH7wGN57GSet64rQpuCMQ7GUiptmU6T9Db26ObNntA4SXH54vQR3ET4aZzQlOiBhuSyKc.az8a7eNFV5Ghsoh8lWODFqpUsrPIv8cylEfTbOUN1DE%26dib_tag%3Dse%26keywords%3Dultrawide%2Bmonitor%26qid%3D1733685872%26sr%3D8-34-spons%26sp_csd%3Dd2lkZ2V0TmFtZT1zcF9hdGZfbmV4dA%26psc%3D1
"MSI MAG341CQP QD-OLED, 34 Curved OLED Gaming Monitor, 3440 x 1440 (UWQHD), OLED 0.03ms Response time, 175Hz, True Black HDR 400, HDMI, DP Port, USB Type C, Tilt, Height,Black",$649.00,4.0,59.0,https://www.amazon.com/MSI-MAG341CQP-QD-OLED-Monitor-Response/dp/B0CTRXPJMC/ref=sr_1_35?dib=eyJ2IjoiMSJ9.JBUNCIoYEN0QEb8mLkyDbFuO2MlMK036ZY3fxEmVsuiVe1d6qMJB2gbV6YLr6CKwRrgZapqGvQGu_HFGigq6AXezSai2oDkTeaX-Kj2jOaV3MTfyujYktslzJ3Q_N-kq1-iECLgy7Y7Hefe2c5uekVSyC6Yc-wEwSXO3GFNH7wGN57GSet64rQpuCMQ7GUiptmU6T9Db26ObNntA4SXH54vQR3ET4aZzQlOiBhuSyKc.az8a7eNFV5Ghsoh8lWODFqpUsrPIv8cylEfTbOUN1DE&dib_tag=se&keywords=ultrawide+monitor&qid=1733685872&sr=8-35
LG 38WR85QC-W 38 inch Curved UltraWide WQHD Nano IPS VESADisplayHDR 600 144Hz 1ms USB Type-C 90W Computer Monitor NVIDIA G-SYNC AMD FreeSync Premium Pro HDMI DisplayPort Tilt/Height/Swivel Stand White,$996.99,4.4,46.0,https://www.amazon.com/LG-38WR85QC-W-UltraWide-VESADisplayHDR-DisplayPort/dp/B0CNFK3RLV/ref=sr_1_36?dib=eyJ2IjoiMSJ9.JBUNCIoYEN0QEb8mLkyDbFuO2MlMK036ZY3fxEmVsuiVe1d6qMJB2gbV6YLr6CKwRrgZapqGvQGu_HFGigq6AXezSai2oDkTeaX-Kj2jOaV3MTfyujYktslzJ3Q_N-kq1-iECLgy7Y7Hefe2c5uekVSyC6Yc-wEwSXO3GFNH7wGN57GSet64rQpuCMQ7GUiptmU6T9Db26ObNntA4SXH54vQR3ET4aZzQlOiBhuSyKc.az8a7eNFV5Ghsoh8lWODFqpUsrPIv8cylEfTbOUN1DE&dib_tag=se&keywords=ultrawide+monitor&qid=1733685872&sr=8-36
"acer Nitro 34"" UWQHD 3440 x 1440 1000R Curved PC Gaming Monitor | AMD FreeSync Premium | Up to 180Hz Refresh | Up to 0.5ms | AdobeRGB 90%| Delta E<2 | 1 x DP 1.2 & 2 x HDMI 2.0| EDA343CUR V3bmiippx",$319.99,4.4,390.0,https://www.amazon.com/Monitor-FreeSync-AdobeRGB-EDA343CUR-V3bmiippx/dp/B0CQPG9T3J/ref=sr_1_37?dib=eyJ2IjoiMSJ9.JBUNCIoYEN0QEb8mLkyDbFuO2MlMK036ZY3fxEmVsuiVe1d6qMJB2gbV6YLr6CKwRrgZapqGvQGu_HFGigq6AXezSai2oDkTeaX-Kj2jOaV3MTfyujYktslzJ3Q_N-kq1-iECLgy7Y7Hefe2c5uekVSyC6Yc-wEwSXO3GFNH7wGN57GSet64rQpuCMQ7GUiptmU6T9Db26ObNntA4SXH54vQR3ET4aZzQlOiBhuSyKc.az8a7eNFV5Ghsoh8lWODFqpUsrPIv8cylEfTbOUN1DE&dib_tag=se&keywords=ultrawide+monitor&qid=1733685872&sr=8-37
"MSI Pro MP341CQ, 34"" Monitor, 3440 x 1440(UWQHD) VA, 100Hz, TUV Certified Eyesight Protection, 4ms, Displayport, HDMI, Tilt, Black",$209.99,4.2,32.0,https://www.amazon.com/MSI-Pro-MP341CQ-Protection-Displayport/dp/B0BX2G4J7X/ref=sr_1_38?dib=eyJ2IjoiMSJ9.JBUNCIoYEN0QEb8mLkyDbFuO2MlMK036ZY3fxEmVsuiVe1d6qMJB2gbV6YLr6CKwRrgZapqGvQGu_HFGigq6AXezSai2oDkTeaX-Kj2jOaV3MTfyujYktslzJ3Q_N-kq1-iECLgy7Y7Hefe2c5uekVSyC6Yc-wEwSXO3GFNH7wGN57GSet64rQpuCMQ7GUiptmU6T9Db26ObNntA4SXH54vQR3ET4aZzQlOiBhuSyKc.az8a7eNFV5Ghsoh8lWODFqpUsrPIv8cylEfTbOUN1DE&dib_tag=se&keywords=ultrawide+monitor&qid=1733685872&sr=8-38
"KTC 34'' Curved Ultrawide Gaming Monitor, 21:9, 3440x1440p 165Hz 1ms, 1500R Curved Monitor, Freesync G-sync, Picture by Picture, Picture in Picture, Height/Tilt/Swivel/Pivot, PC Monitor",$239.98,4.4,1278.0,https://www.amazon.com/KTC-Curved-Ultrawide-Gaming-Monitor/dp/B0CSZ3T4FK/ref=sr_1_39?dib=eyJ2IjoiMSJ9.JBUNCIoYEN0QEb8mLkyDbFuO2MlMK036ZY3fxEmVsuiVe1d6qMJB2gbV6YLr6CKwRrgZapqGvQGu_HFGigq6AXezSai2oDkTeaX-Kj2jOaV3MTfyujYktslzJ3Q_N-kq1-iECLgy7Y7Hefe2c5uekVSyC6Yc-wEwSXO3GFNH7wGN57GSet64rQpuCMQ7GUiptmU6T9Db26ObNntA4SXH54vQR3ET4aZzQlOiBhuSyKc.az8a7eNFV5Ghsoh8lWODFqpUsrPIv8cylEfTbOUN1DE&dib_tag=se&keywords=ultrawide+monitor&qid=1733685872&sr=8-39
"GIGABYTE G34WQC A 34"" 144Hz Ultra-Wide Curved Gaming Monitor, 3440 x 1440 VA 1500R , 1ms (MPRT) Response Time, 90% DCI-P3, VESA Display HDR400, FreeSync Premium, BLACK (G34WQC A-SA)",$299.99,4.4,1154.0,https://www.amazon.com/GIGABYTE-G34WQC-Ultra-Wide-Response-FreeSync/dp/B09JBLHBWJ/ref=sr_1_40?dib=eyJ2IjoiMSJ9.JBUNCIoYEN0QEb8mLkyDbFuO2MlMK036ZY3fxEmVsuiVe1d6qMJB2gbV6YLr6CKwRrgZapqGvQGu_HFGigq6AXezSai2oDkTeaX-Kj2jOaV3MTfyujYktslzJ3Q_N-kq1-iECLgy7Y7Hefe2c5uekVSyC6Yc-wEwSXO3GFNH7wGN57GSet64rQpuCMQ7GUiptmU6T9Db26ObNntA4SXH54vQR3ET4aZzQlOiBhuSyKc.az8a7eNFV5Ghsoh8lWODFqpUsrPIv8cylEfTbOUN1DE&dib_tag=se&keywords=ultrawide+monitor&qid=1733685872&sr=8-40
"LG 34SR60QC-W 34-inch QHD (3440x1440) Curved MyView Smart Monitor with Streaming TV, UltraWide Screen, webOS, HDR10, 100Hz, Built-in Speaker, AirPlay2, Screen Share, Bluetooth, ThinQ App, White",$316.00,5.0,4.0,https://www.amazon.com/LG-34SR60QC-W-3440x1440-Streaming-UltraWide/dp/B0DG119HM7/ref=sr_1_41?dib=eyJ2IjoiMSJ9.JBUNCIoYEN0QEb8mLkyDbFuO2MlMK036ZY3fxEmVsuiVe1d6qMJB2gbV6YLr6CKwRrgZapqGvQGu_HFGigq6AXezSai2oDkTeaX-Kj2jOaV3MTfyujYktslzJ3Q_N-kq1-iECLgy7Y7Hefe2c5uekVSyC6Yc-wEwSXO3GFNH7wGN57GSet64rQpuCMQ7GUiptmU6T9Db26ObNntA4SXH54vQR3ET4aZzQlOiBhuSyKc.az8a7eNFV5Ghsoh8lWODFqpUsrPIv8cylEfTbOUN1DE&dib_tag=se&keywords=ultrawide+monitor&qid=1733685872&sr=8-41
"Dell S3221QS 32 Inch Curved 4K UHD (3840 x 2160), VA Ultra-Thin Bezel Monitor, 60Hz, 4MS Response Time, 90% DCI-P3, 99% sRGB, AMD FreeSync, HDMI, DisplayPort, Built in Speakers, VESA Certified, Silver",$349.99,4.4,6976.0,https://www.amazon.com/Dell-S3221QS-Ultra-Thin-DisplayPort-Certified/dp/B08G8WMRRP/ref=sr_1_42?dib=eyJ2IjoiMSJ9.JBUNCIoYEN0QEb8mLkyDbFuO2MlMK036ZY3fxEmVsuiVe1d6qMJB2gbV6YLr6CKwRrgZapqGvQGu_HFGigq6AXezSai2oDkTeaX-Kj2jOaV3MTfyujYktslzJ3Q_N-kq1-iECLgy7Y7Hefe2c5uekVSyC6Yc-wEwSXO3GFNH7wGN57GSet64rQpuCMQ7GUiptmU6T9Db26ObNntA4SXH54vQR3ET4aZzQlOiBhuSyKc.az8a7eNFV5Ghsoh8lWODFqpUsrPIv8cylEfTbOUN1DE&dib_tag=se&keywords=ultrawide+monitor&qid=1733685872&sr=8-42
Deco Gear 35-Inch Curved Ultrawide Gaming Monitor | 3440 x 1440 | 120Hz | 1ms MPRT | Adaptive Sync | HDMI 2.0 x2 | DisplayPort 1.4 x2 | 99% sRGB,$224.99,4.3,1835.0,https://www.amazon.com/sspa/click?ie=UTF8&spc=MToyMDU2MzE0ODIwMjc0ODAwOjE3MzM2ODU4NzI6c3BfbXRmOjMwMDE1NDQ0NTQwMjkwMjo6MDo6&url=%2FDeco-Gear-Ultrawide-Monitor-3440x1440%2Fdp%2FB0BCTZJ38R%2Fref%3Dsr_1_43_sspa%3Fdib%3DeyJ2IjoiMSJ9.JBUNCIoYEN0QEb8mLkyDbFuO2MlMK036ZY3fxEmVsuiVe1d6qMJB2gbV6YLr6CKwRrgZapqGvQGu_HFGigq6AXezSai2oDkTeaX-Kj2jOaV3MTfyujYktslzJ3Q_N-kq1-iECLgy7Y7Hefe2c5uekVSyC6Yc-wEwSXO3GFNH7wGN57GSet64rQpuCMQ7GUiptmU6T9Db26ObNntA4SXH54vQR3ET4aZzQlOiBhuSyKc.az8a7eNFV5Ghsoh8lWODFqpUsrPIv8cylEfTbOUN1DE%26dib_tag%3Dse%26keywords%3Dultrawide%2Bmonitor%26qid%3D1733685872%26sr%3D8-43-spons%26sp_csd%3Dd2lkZ2V0TmFtZT1zcF9tdGY%26psc%3D1
"ZZA 34"" UltraWide Curved QHD Monitor - Immersive Gaming Experience with 165Hz Refresh Rate, VA Panel, and AMD FreeSync Premium | HDR10 | 99% sRGB | 3440x1440",$209.99,3.9,13.0,https://www.amazon.com/sspa/click?ie=UTF8&spc=MToyMDU2MzE0ODIwMjc0ODAwOjE3MzM2ODU4NzI6c3BfbXRmOjMwMDUzNTYyMTQ4NjEwMjo6MDo6&url=%2FZZA-UltraWide-Curved-QHD-Monitor%2Fdp%2FB0D3TN9GC8%2Fref%3Dsr_1_44_sspa%3Fdib%3DeyJ2IjoiMSJ9.JBUNCIoYEN0QEb8mLkyDbFuO2MlMK036ZY3fxEmVsuiVe1d6qMJB2gbV6YLr6CKwRrgZapqGvQGu_HFGigq6AXezSai2oDkTeaX-Kj2jOaV3MTfyujYktslzJ3Q_N-kq1-iECLgy7Y7Hefe2c5uekVSyC6Yc-wEwSXO3GFNH7wGN57GSet64rQpuCMQ7GUiptmU6T9Db26ObNntA4SXH54vQR3ET4aZzQlOiBhuSyKc.az8a7eNFV5Ghsoh8lWODFqpUsrPIv8cylEfTbOUN1DE%26dib_tag%3Dse%26keywords%3Dultrawide%2Bmonitor%26qid%3D1733685872%26sr%3D8-44-spons%26sp_csd%3Dd2lkZ2V0TmFtZT1zcF9tdGY%26psc%3D1
LG 34WN650-W UltraWide Monitor 34-Inch 21:9 FHD (2560 x 1080) IPS Display VESA DisplayHDR 400 AMD FreeSync 3-Side Virtually Borderless Design - Silver,$349.99,4.6,962.0,https://www.amazon.com/LG-34WN650-W-34-Inch-UltraWide-DisplayHDR/dp/B087JB656Q/ref=sr_1_46?dib=eyJ2IjoiMSJ9.JBUNCIoYEN0QEb8mLkyDbFuO2MlMK036ZY3fxEmVsuiVe1d6qMJB2gbV6YLr6CKwRrgZapqGvQGu_HFGigq6AXezSai2oDkTeaX-Kj2jOaV3MTfyujYktslzJ3Q_N-kq1-iECLgy7Y7Hefe2c5uekVSyC6Yc-wEwSXO3GFNH7wGN57GSet64rQpuCMQ7GUiptmU6T9Db26ObNntA4SXH54vQR3ET4aZzQlOiBhuSyKc.az8a7eNFV5Ghsoh8lWODFqpUsrPIv8cylEfTbOUN1DE&dib_tag=se&keywords=ultrawide+monitor&qid=1733685872&sr=8-46
Asus ROG Strix XG49VQ 49” Curved Gaming FreeSync Monitor 144Hz Dual Full HD HDR Eye Care with DP HDMI Black,$749.99,4.2,1102.0,https://www.amazon.com/XG49VQ-Curved-Gaming-FreeSync-Monitor/dp/B07PZR2YY4/ref=sr_1_47?dib=eyJ2IjoiMSJ9.JBUNCIoYEN0QEb8mLkyDbFuO2MlMK036ZY3fxEmVsuiVe1d6qMJB2gbV6YLr6CKwRrgZapqGvQGu_HFGigq6AXezSai2oDkTeaX-Kj2jOaV3MTfyujYktslzJ3Q_N-kq1-iECLgy7Y7Hefe2c5uekVSyC6Yc-wEwSXO3GFNH7wGN57GSet64rQpuCMQ7GUiptmU6T9Db26ObNntA4SXH54vQR3ET4aZzQlOiBhuSyKc.az8a7eNFV5Ghsoh8lWODFqpUsrPIv8cylEfTbOUN1DE&dib_tag=se&keywords=ultrawide+monitor&qid=1733685872&sr=8-47
"AOC CU34G3S 34"" Frameless Curved Ultrawide Gaming Monitor, WQHD 3440 x1440, 165Hz 1ms, FreeSync Premium, Height Adjustable, 3-Year Zero-Bright-dot, Black",$279.99,4.6,20280.0,https://www.amazon.com/AOC-CU34G3S-Frameless-Adjustable-Zero-Bright-dot/dp/B09ZNQX51B/ref=sr_1_48?dib=eyJ2IjoiMSJ9.JBUNCIoYEN0QEb8mLkyDbFuO2MlMK036ZY3fxEmVsuiVe1d6qMJB2gbV6YLr6CKwRrgZapqGvQGu_HFGigq6AXezSai2oDkTeaX-Kj2jOaV3MTfyujYktslzJ3Q_N-kq1-iECLgy7Y7Hefe2c5uekVSyC6Yc-wEwSXO3GFNH7wGN57GSet64rQpuCMQ7GUiptmU6T9Db26ObNntA4SXH54vQR3ET4aZzQlOiBhuSyKc.az8a7eNFV5Ghsoh8lWODFqpUsrPIv8cylEfTbOUN1DE&dib_tag=se&keywords=ultrawide+monitor&qid=1733685872&sr=8-48
"LG 49"" UltraGear DQHD (5120x1440) Curved Gaming Monitor, 240Hz, 1ms, VESA DisplayHDR 1000, HDMI 2.1, DisplayPort, 4-Pole HP Out DTS HP:X, AMD FreeSync Premium Pro, Tilt/Swivel/Height Stand, Black",$869.99,4.4,2658.0,https://www.amazon.com/LG-UltraGear-5120x1440-DisplayHDR-DisplayPort/dp/B0BY3W5NST/ref=sr_1_49?dib=eyJ2IjoiMSJ9.JBUNCIoYEN0QEb8mLkyDbFuO2MlMK036ZY3fxEmVsuiVe1d6qMJB2gbV6YLr6CKwRrgZapqGvQGu_HFGigq6AXezSai2oDkTeaX-Kj2jOaV3MTfyujYktslzJ3Q_N-kq1-iECLgy7Y7Hefe2c5uekVSyC6Yc-wEwSXO3GFNH7wGN57GSet64rQpuCMQ7GUiptmU6T9Db26ObNntA4SXH54vQR3ET4aZzQlOiBhuSyKc.az8a7eNFV5Ghsoh8lWODFqpUsrPIv8cylEfTbOUN1DE&dib_tag=se&keywords=ultrawide+monitor&qid=1733685872&sr=8-49
"Alienware AW3423DW Curved Gaming Monitor 34.18 inch Quantom Dot-OLED 1800R Display, 3440x1440 Pixels at 175Hz, True 0.1ms Gray-to-Gray, 1M:1 Contrast Ratio, 1.07 Billions Colors - Lunar Light",$799.99,4.3,938.0,https://www.amazon.com/Alienware-AW3423DW-34-18-inch-3440x1440-Curvature/dp/B09VQ48X5Q/ref=sr_1_50?dib=eyJ2IjoiMSJ9.JBUNCIoYEN0QEb8mLkyDbFuO2MlMK036ZY3fxEmVsuiVe1d6qMJB2gbV6YLr6CKwRrgZapqGvQGu_HFGigq6AXezSai2oDkTeaX-Kj2jOaV3MTfyujYktslzJ3Q_N-kq1-iECLgy7Y7Hefe2c5uekVSyC6Yc-wEwSXO3GFNH7wGN57GSet64rQpuCMQ7GUiptmU6T9Db26ObNntA4SXH54vQR3ET4aZzQlOiBhuSyKc.az8a7eNFV5Ghsoh8lWODFqpUsrPIv8cylEfTbOUN1DE&dib_tag=se&keywords=ultrawide+monitor&qid=1733685872&sr=8-50
"LG UltraWide Curved Gaming Monitor 2023 Newest, 34"" 21:9 QHD 3440x1440 Display, 160Hz Refresh Rate, sRGB 99% Color Gamut, HDR 10, AMD FreeSync Premium, 3-Side Virtually Borderless Design",$349.99,4.7,440.0,https://www.amazon.com/LG-UltraWide-Curved-Gaming-Monitor/dp/B0CL63XHC2/ref=sr_1_51?dib=eyJ2IjoiMSJ9.JBUNCIoYEN0QEb8mLkyDbFuO2MlMK036ZY3fxEmVsuiVe1d6qMJB2gbV6YLr6CKwRrgZapqGvQGu_HFGigq6AXezSai2oDkTeaX-Kj2jOaV3MTfyujYktslzJ3Q_N-kq1-iECLgy7Y7Hefe2c5uekVSyC6Yc-wEwSXO3GFNH7wGN57GSet64rQpuCMQ7GUiptmU6T9Db26ObNntA4SXH54vQR3ET4aZzQlOiBhuSyKc.az8a7eNFV5Ghsoh8lWODFqpUsrPIv8cylEfTbOUN1DE&dib_tag=se&keywords=ultrawide+monitor&qid=1733685872&sr=8-51
"INNOCN 44C1G Ultrawide Monitor 43.8"" WFHD 3840 x 1080p 120Hz Monitor 32:9 IPS Computer Split Screen Monitor 96% DCI-P3 HDR400 FreeSync Premium USB Type-C HDMI Height Adjustable Mountable Monitor",$649.99,4.1,141.0,https://www.amazon.com/INNOCN-Ultrawide-Monitor-1080p-120Hz/dp/B09WR3SKR4/ref=sr_1_52?dib=eyJ2IjoiMSJ9.JBUNCIoYEN0QEb8mLkyDbFuO2MlMK036ZY3fxEmVsuiVe1d6qMJB2gbV6YLr6CKwRrgZapqGvQGu_HFGigq6AXezSai2oDkTeaX-Kj2jOaV3MTfyujYktslzJ3Q_N-kq1-iECLgy7Y7Hefe2c5uekVSyC6Yc-wEwSXO3GFNH7wGN57GSet64rQpuCMQ7GUiptmU6T9Db26ObNntA4SXH54vQR3ET4aZzQlOiBhuSyKc.az8a7eNFV5Ghsoh8lWODFqpUsrPIv8cylEfTbOUN1DE&dib_tag=se&keywords=ultrawide+monitor&qid=1733685872&sr=8-52
"Kensington Dual Monitor Mount for Desk, C-clamp Vesa Monitor Stand Fits 2 Ultrawide Monitors Up to 27 Inches, Low Profile Monitor Stand, Height Adjustable Rotating Free Standing Monitor Arm, Black",$60.00,4.0,75.0,https://www.amazon.com/sspa/click?ie=UTF8&spc=MToyMDU2MzE0ODIwMjc0ODAwOjE3MzM2ODU4NzI6c3BfYnRmOjMwMDUyMDMwMTY3MDcwMjo6MDo6&url=%2FKensington-SmartFit-Saving-Monitor-K55513WW%2Fdp%2FB08D94SD5Z%2Fref%3Dsr_1_53_sspa%3Fdib%3DeyJ2IjoiMSJ9.JBUNCIoYEN0QEb8mLkyDbFuO2MlMK036ZY3fxEmVsuiVe1d6qMJB2gbV6YLr6CKwRrgZapqGvQGu_HFGigq6AXezSai2oDkTeaX-Kj2jOaV3MTfyujYktslzJ3Q_N-kq1-iECLgy7Y7Hefe2c5uekVSyC6Yc-wEwSXO3GFNH7wGN57GSet64rQpuCMQ7GUiptmU6T9Db26ObNntA4SXH54vQR3ET4aZzQlOiBhuSyKc.az8a7eNFV5Ghsoh8lWODFqpUsrPIv8cylEfTbOUN1DE%26dib_tag%3Dse%26keywords%3Dultrawide%2Bmonitor%26qid%3D1733685872%26sr%3D8-53-spons%26sp_csd%3Dd2lkZ2V0TmFtZT1zcF9idGY%26psc%3D1
"CRUA 30"" Curved Gaming Monitor, 144Hz/200Hz Computer Monitor, WFHD(2560 * 1080P) 1500R VA Screen, 99% sRGB PC Monitors Support FreeSync, Wall Mount Install(HDMI, DP)- Black",$199.99,4.3,2611.0,https://www.amazon.com/sspa/click?ie=UTF8&spc=MToyMDU2MzE0ODIwMjc0ODAwOjE3MzM2ODU4NzI6c3BfYnRmOjMwMDQwNjEzOTMzNjgwMjo6MDo6&url=%2FCRUA-Curved-Monitor-Ultrawide-Computer%2Fdp%2FB0CHVG5RCC%2Fref%3Dsr_1_54_sspa%3Fdib%3DeyJ2IjoiMSJ9.JBUNCIoYEN0QEb8mLkyDbFuO2MlMK036ZY3fxEmVsuiVe1d6qMJB2gbV6YLr6CKwRrgZapqGvQGu_HFGigq6AXezSai2oDkTeaX-Kj2jOaV3MTfyujYktslzJ3Q_N-kq1-iECLgy7Y7Hefe2c5uekVSyC6Yc-wEwSXO3GFNH7wGN57GSet64rQpuCMQ7GUiptmU6T9Db26ObNntA4SXH54vQR3ET4aZzQlOiBhuSyKc.az8a7eNFV5Ghsoh8lWODFqpUsrPIv8cylEfTbOUN1DE%26dib_tag%3Dse%26keywords%3Dultrawide%2Bmonitor%26qid%3D1733685872%26sr%3D8-54-spons%26sp_csd%3Dd2lkZ2V0TmFtZT1zcF9idGY%26psc%3D1
NB North Bayou Monitor Desk Mount Ultra Wide Full Motion Swivel Long Arm with Gas Spring for 22''-35''Monitors from 6.6 to 26.4lbs Height Adjustable Monitor Stand G70-W,$69.90,4.5,208.0,https://www.amazon.com/sspa/click?ie=UTF8&spc=MTo4NjUwNzE4MDE0NDAyODE6MTczMzY4NTg5MjpzcF9hdGZfbmV4dDozMDAwMjcwNDY5ODAwMDI6OjA6Og&url=%2FNorth-Bayou-Monitor-Computer-19-8lbs%2Fdp%2FB0787BFDXB%2Fref%3Dsr_1_49_sspa%3Fdib%3DeyJ2IjoiMSJ9.y4A0nQm6fPJYLZa_iPx8FxOrvW6kSFdadNngoFn0wWBpY64UCv-araZcsF2qT8mq_BIRh1VrZYLaD-r7m_2-8uE8q6kkrquQDIXqwOVDqjn287vMD-tanq3ZbLRXaIsaVO8ewvcUQ0huv3CypWt35FufsitLAMC9gtxJBnJQOWj1O4comZcZweQ8fhMOhsNRz7MyRkX-inXwYE6f5FQV-ZXlg2JP69dD3RPxMDKVado.-0qYyYzGRixDOmSnAh7acbAolpQlSU67V8etwOA-6-o%26dib_tag%3Dse%26keywords%3Dultrawide%2Bmonitor%26qid%3D1733685892%26sr%3D8-49-spons%26sp_csd%3Dd2lkZ2V0TmFtZT1zcF9hdGZfbmV4dA%26psc%3D1
"Wall Mount Monitor Arm for 17-49 Inch Ultrawide Monitors, Heavy Duty Single Monitor Mount Holds 44 lbs, Fully Adjustable Gas Spring Monitor Arm Wall Mount, 75x75/100x100 VESA Mount, Black",$99.99,4.7,48.0,https://www.amazon.com/sspa/click?ie=UTF8&spc=MTo4NjUwNzE4MDE0NDAyODE6MTczMzY4NTg5MjpzcF9hdGZfbmV4dDozMDA1NTUwNDYzMjQyMDI6OjA6Og&url=%2FARES-WING-Ultrawide-Monitors-Adjustable%2Fdp%2FB0D2KLBH1R%2Fref%3Dsr_1_50_sspa%3Fdib%3DeyJ2IjoiMSJ9.y4A0nQm6fPJYLZa_iPx8FxOrvW6kSFdadNngoFn0wWBpY64UCv-araZcsF2qT8mq_BIRh1VrZYLaD-r7m_2-8uE8q6kkrquQDIXqwOVDqjn287vMD-tanq3ZbLRXaIsaVO8ewvcUQ0huv3CypWt35FufsitLAMC9gtxJBnJQOWj1O4comZcZweQ8fhMOhsNRz7MyRkX-inXwYE6f5FQV-ZXlg2JP69dD3RPxMDKVado.-0qYyYzGRixDOmSnAh7acbAolpQlSU67V8etwOA-6-o%26dib_tag%3Dse%26keywords%3Dultrawide%2Bmonitor%26qid%3D1733685892%26sr%3D8-50-spons%26sp_csd%3Dd2lkZ2V0TmFtZT1zcF9hdGZfbmV4dA%26psc%3D1
LG 32MR50C-B Curved Monitor 32-Inch FHD 100Hz AMD FreeSync OnScreen Control Dynamic Action Sync Black Stabilizer Tilt Stand (HDMI) - Black,$179.99,4.6,311.0,https://www.amazon.com/LG-32MR50C-B-FreeSync-OnScreen-Stabilizer/dp/B0CMC2FZFD/ref=sr_1_52?dib=eyJ2IjoiMSJ9.y4A0nQm6fPJYLZa_iPx8FxOrvW6kSFdadNngoFn0wWBpY64UCv-araZcsF2qT8mq_BIRh1VrZYLaD-r7m_2-8uE8q6kkrquQDIXqwOVDqjn287vMD-tanq3ZbLRXaIsaVO8ewvcUQ0huv3CypWt35FufsitLAMC9gtxJBnJQOWj1O4comZcZweQ8fhMOhsNRz7MyRkX-inXwYE6f5FQV-ZXlg2JP69dD3RPxMDKVado.-0qYyYzGRixDOmSnAh7acbAolpQlSU67V8etwOA-6-o&dib_tag=se&keywords=ultrawide+monitor&qid=1733685892&sr=8-52
"INNOCN 49"" Curved Monitor Ultrawide Gaming 120Hz 32:9 QHD 5120 x 1440P Computer Monitor, R1800, 99% sRGB, HDR400, USB Type C, DisplayPort, HDMI, Built-in Speakers, Height/Tilt Adjustable - 49C1R",$674.99,4.3,144.0,https://www.amazon.com/INNOCN-Curved-Monitor-Ultrawide-Gaming/dp/B0BXZY18SB/ref=sr_1_53?dib=eyJ2IjoiMSJ9.y4A0nQm6fPJYLZa_iPx8FxOrvW6kSFdadNngoFn0wWBpY64UCv-araZcsF2qT8mq_BIRh1VrZYLaD-r7m_2-8uE8q6kkrquQDIXqwOVDqjn287vMD-tanq3ZbLRXaIsaVO8ewvcUQ0huv3CypWt35FufsitLAMC9gtxJBnJQOWj1O4comZcZweQ8fhMOhsNRz7MyRkX-inXwYE6f5FQV-ZXlg2JP69dD3RPxMDKVado.-0qYyYzGRixDOmSnAh7acbAolpQlSU67V8etwOA-6-o&dib_tag=se&keywords=ultrawide+monitor&qid=1733685892&sr=8-53
"KOORUI 34-inch Ultrawide Curved WQHD 3440×1440 Gaming Monitor, 165Hz 144Hz Curved 1000R- PIP/PBP, 1ms(MPRT) with DisplayHDR 400, DCI-P3 90% Color Gamut, FreeSync Premium, HDMI/DisplayPort, 34E6UC",$279.99,4.4,11251.0,https://www.amazon.com/KOORUI-Ultrawide-Curved-Gaming-Monitor/dp/B0C4P2KB9K/ref=sr_1_54?dib=eyJ2IjoiMSJ9.y4A0nQm6fPJYLZa_iPx8FxOrvW6kSFdadNngoFn0wWBpY64UCv-araZcsF2qT8mq_BIRh1VrZYLaD-r7m_2-8uE8q6kkrquQDIXqwOVDqjn287vMD-tanq3ZbLRXaIsaVO8ewvcUQ0huv3CypWt35FufsitLAMC9gtxJBnJQOWj1O4comZcZweQ8fhMOhsNRz7MyRkX-inXwYE6f5FQV-ZXlg2JP69dD3RPxMDKVado.-0qYyYzGRixDOmSnAh7acbAolpQlSU67V8etwOA-6-o&dib_tag=se&keywords=ultrawide+monitor&qid=1733685892&sr=8-54
"PHILIPS Evnia 34M2C8600 QD OLED Curved Gaming Monitor, WQHD Resolution, 175Hz, AMD FreeSync Premium Pro, USB-C Docking, Height Adjustable, 4-Year Advance Replacement, Xbox PS5 Switch Compatible",$569.00,4.1,65.0,https://www.amazon.com/PHILIPS-34M2C8600-Resolution-Adjustable-Replacement/dp/B0BV439ZYC/ref=sr_1_55?dib=eyJ2IjoiMSJ9.y4A0nQm6fPJYLZa_iPx8FxOrvW6kSFdadNngoFn0wWBpY64UCv-araZcsF2qT8mq_BIRh1VrZYLaD-r7m_2-8uE8q6kkrquQDIXqwOVDqjn287vMD-tanq3ZbLRXaIsaVO8ewvcUQ0huv3CypWt35FufsitLAMC9gtxJBnJQOWj1O4comZcZweQ8fhMOhsNRz7MyRkX-inXwYE6f5FQV-ZXlg2JP69dD3RPxMDKVado.-0qYyYzGRixDOmSnAh7acbAolpQlSU67V8etwOA-6-o&dib_tag=se&keywords=ultrawide+monitor&qid=1733685892&sr=8-55
"34 inch Ultrawide Curved Gaming Monitor, WQHD 3440X1440 Resolution165 Hz 1ms 1500R VA Screen PC Monitor, YEYIAN Sigurd 4000 2K Monitor, 21:9 PIP/PBP 178° Viewing Angle 121% sRGB 16.7M, Tilt Adjustable",$209.99,4.3,235.0,https://www.amazon.com/YEYIAN-Sigurd-Monitor-3440X1440-Resolution/dp/B0BRDJ3JS7/ref=sr_1_56?dib=eyJ2IjoiMSJ9.y4A0nQm6fPJYLZa_iPx8FxOrvW6kSFdadNngoFn0wWBpY64UCv-araZcsF2qT8mq_BIRh1VrZYLaD-r7m_2-8uE8q6kkrquQDIXqwOVDqjn287vMD-tanq3ZbLRXaIsaVO8ewvcUQ0huv3CypWt35FufsitLAMC9gtxJBnJQOWj1O4comZcZweQ8fhMOhsNRz7MyRkX-inXwYE6f5FQV-ZXlg2JP69dD3RPxMDKVado.-0qYyYzGRixDOmSnAh7acbAolpQlSU67V8etwOA-6-o&dib_tag=se&keywords=ultrawide+monitor&qid=1733685892&sr=8-56
"MSI MPG 341CQPX QD-OLED 34-inch Curved OLED Gaming Monitor, 3440 x 1440 (UWQHD), 0.03ms Response time, 240Hz, True Black HDR 400, HDMI, DP Port, USB Type C, Tilt, Height Adjustable",$849.99,4.2,18.0,https://www.amazon.com/MSI-341CQPX-QD-OLED-Response-Adjustable/dp/B0D685SYKN/ref=sr_1_57?dib=eyJ2IjoiMSJ9.y4A0nQm6fPJYLZa_iPx8FxOrvW6kSFdadNngoFn0wWBpY64UCv-araZcsF2qT8mq_BIRh1VrZYLaD-r7m_2-8uE8q6kkrquQDIXqwOVDqjn287vMD-tanq3ZbLRXaIsaVO8ewvcUQ0huv3CypWt35FufsitLAMC9gtxJBnJQOWj1O4comZcZweQ8fhMOhsNRz7MyRkX-inXwYE6f5FQV-ZXlg2JP69dD3RPxMDKVado.-0qYyYzGRixDOmSnAh7acbAolpQlSU67V8etwOA-6-o&dib_tag=se&keywords=ultrawide+monitor&qid=1733685892&sr=8-57
"34 inch Curved Ultrawide Gaming Monitor 165Hz,3440x1440 21:9 UWQHD, 1ms(MPRT),1500R, PIP/PBP,HDR400, 99% sRGB,300nits, FreeSync, HDMI2.0(TMDS) x2,DP1.4 x2, Eye Care, VESA(75 * 75mm)",$208.80,5.0,3.0,https://www.amazon.com/Sealan-Curved-Ultrawide-Monitor-3440x1440/dp/B0DJQZ1C9B/ref=sr_1_58?dib=eyJ2IjoiMSJ9.y4A0nQm6fPJYLZa_iPx8FxOrvW6kSFdadNngoFn0wWBpY64UCv-araZcsF2qT8mq_BIRh1VrZYLaD-r7m_2-8uE8q6kkrquQDIXqwOVDqjn287vMD-tanq3ZbLRXaIsaVO8ewvcUQ0huv3CypWt35FufsitLAMC9gtxJBnJQOWj1O4comZcZweQ8fhMOhsNRz7MyRkX-inXwYE6f5FQV-ZXlg2JP69dD3RPxMDKVado.-0qYyYzGRixDOmSnAh7acbAolpQlSU67V8etwOA-6-o&dib_tag=se&keywords=ultrawide+monitor&qid=1733685892&sr=8-58
"34 inch Ultrawide Curved Gaming Monitor, WQHD 3440X1440 Resolution165 Hz 1ms 1500R VA Screen PC Monitor, YEYIAN Sigurd 4000 2K Monitor, 21:9 PIP/PBP 178° Viewing Angle 121% sRGB 16.7M, Tilt Adjustable",$209.99,4.3,235.0,https://www.amazon.com/sspa/click?ie=UTF8&spc=MTo4NjUwNzE4MDE0NDAyODE6MTczMzY4NTg5MjpzcF9tdGY6MzAwMjUwMjAxNjAwMDAyOjowOjo&url=%2FYEYIAN-Sigurd-Monitor-3440X1440-Resolution%2Fdp%2FB0BRDJ3JS7%2Fref%3Dsr_1_59_sspa%3Fdib%3DeyJ2IjoiMSJ9.y4A0nQm6fPJYLZa_iPx8FxOrvW6kSFdadNngoFn0wWBpY64UCv-araZcsF2qT8mq_BIRh1VrZYLaD-r7m_2-8uE8q6kkrquQDIXqwOVDqjn287vMD-tanq3ZbLRXaIsaVO8ewvcUQ0huv3CypWt35FufsitLAMC9gtxJBnJQOWj1O4comZcZweQ8fhMOhsNRz7MyRkX-inXwYE6f5FQV-ZXlg2JP69dD3RPxMDKVado.-0qYyYzGRixDOmSnAh7acbAolpQlSU67V8etwOA-6-o%26dib_tag%3Dse%26keywords%3Dultrawide%2Bmonitor%26qid%3D1733685892%26sr%3D8-59-spons%26sp_csd%3Dd2lkZ2V0TmFtZT1zcF9tdGY%26psc%3D1
"ASUS ROG Swift 39” Ultrawide 800R Curved OLED Gaming Monitor (PG39WCDM) - 21:9 (3440x1440), 240Hz, 0.03ms, G-SYNC Compatible, Custom Heatsink, Smart KVM, 90W USB-C, DisplayWidget, 3 yr Warranty",$999.99,3.7,9.0,https://www.amazon.com/ASUS-Ultrawide-Curved-Monitor-PG39WCDM/dp/B0CV218YMX/ref=sr_1_61?dib=eyJ2IjoiMSJ9.y4A0nQm6fPJYLZa_iPx8FxOrvW6kSFdadNngoFn0wWBpY64UCv-araZcsF2qT8mq_BIRh1VrZYLaD-r7m_2-8uE8q6kkrquQDIXqwOVDqjn287vMD-tanq3ZbLRXaIsaVO8ewvcUQ0huv3CypWt35FufsitLAMC9gtxJBnJQOWj1O4comZcZweQ8fhMOhsNRz7MyRkX-inXwYE6f5FQV-ZXlg2JP69dD3RPxMDKVado.-0qYyYzGRixDOmSnAh7acbAolpQlSU67V8etwOA-6-o&dib_tag=se&keywords=ultrawide+monitor&qid=1733685892&sr=8-61
"LG 34"" UltraWide Full HD (2560 x 1080) IPS Monitor, 100Hz, 5ms Response Time, VESA DisplayHDR 400, AMD FreeSync, HDMI, DisplayPort, USB-C - 34WQ500",$279.99,3.9,5.0,https://www.amazon.com/LG-UltraWide-Response-DisplayHDR-DisplayPort/dp/B0DFMS9GPW/ref=sr_1_62?dib=eyJ2IjoiMSJ9.y4A0nQm6fPJYLZa_iPx8FxOrvW6kSFdadNngoFn0wWBpY64UCv-araZcsF2qT8mq_BIRh1VrZYLaD-r7m_2-8uE8q6kkrquQDIXqwOVDqjn287vMD-tanq3ZbLRXaIsaVO8ewvcUQ0huv3CypWt35FufsitLAMC9gtxJBnJQOWj1O4comZcZweQ8fhMOhsNRz7MyRkX-inXwYE6f5FQV-ZXlg2JP69dD3RPxMDKVado.-0qYyYzGRixDOmSnAh7acbAolpQlSU67V8etwOA-6-o&dib_tag=se&keywords=ultrawide+monitor&qid=1733685892&sr=8-62
LG 34BQ60QC-B 21:9 Curved UltraWide QHD IPS Monitor - 3 Year Warranty,$369.84,4.5,5.0,https://www.amazon.com/LG-34BQ60QC-B-21-UltraWide-Warranty/dp/B0C64TZBGV/ref=sr_1_64?dib=eyJ2IjoiMSJ9.y4A0nQm6fPJYLZa_iPx8FxOrvW6kSFdadNngoFn0wWBpY64UCv-araZcsF2qT8mq_BIRh1VrZYLaD-r7m_2-8uE8q6kkrquQDIXqwOVDqjn287vMD-tanq3ZbLRXaIsaVO8ewvcUQ0huv3CypWt35FufsitLAMC9gtxJBnJQOWj1O4comZcZweQ8fhMOhsNRz7MyRkX-inXwYE6f5FQV-ZXlg2JP69dD3RPxMDKVado.-0qYyYzGRixDOmSnAh7acbAolpQlSU67V8etwOA-6-o&dib_tag=se&keywords=ultrawide+monitor&qid=1733685892&sr=8-64
"Sceptre Curved 30"" 21:9 Gaming LED Monitor 2560x1080p UltraWide Ultra Slim HDMI DisplayPort Up to 85Hz MPRT 1ms FPS-RTS Build-in Speakers, Machine Blue (C305W-2560UN)",$179.97,4.5,5312.0,https://www.amazon.com/Sceptre-C305W-2560UN-30-inch-DisplayPort-Build/dp/B07XZNXWGS/ref=sr_1_65?dib=eyJ2IjoiMSJ9.y4A0nQm6fPJYLZa_iPx8FxOrvW6kSFdadNngoFn0wWBpY64UCv-araZcsF2qT8mq_BIRh1VrZYLaD-r7m_2-8uE8q6kkrquQDIXqwOVDqjn287vMD-tanq3ZbLRXaIsaVO8ewvcUQ0huv3CypWt35FufsitLAMC9gtxJBnJQOWj1O4comZcZweQ8fhMOhsNRz7MyRkX-inXwYE6f5FQV-ZXlg2JP69dD3RPxMDKVado.-0qYyYzGRixDOmSnAh7acbAolpQlSU67V8etwOA-6-o&dib_tag=se&keywords=ultrawide+monitor&qid=1733685892&sr=8-65
"Sceptre 35"" UltraWide Curved QHD Monitor 3440 x 1440p up to 120Hz HDR400 99% sRGB 300 Lux PIP PBP Machine Black (C355B-QUN168)",$569.99,4.4,131.0,https://www.amazon.com/Sceptre-UltraWide-Monitor-Speakers-C355B-QUN168/dp/B09BBP2LY6/ref=sr_1_66?dib=eyJ2IjoiMSJ9.y4A0nQm6fPJYLZa_iPx8FxOrvW6kSFdadNngoFn0wWBpY64UCv-araZcsF2qT8mq_BIRh1VrZYLaD-r7m_2-8uE8q6kkrquQDIXqwOVDqjn287vMD-tanq3ZbLRXaIsaVO8ewvcUQ0huv3CypWt35FufsitLAMC9gtxJBnJQOWj1O4comZcZweQ8fhMOhsNRz7MyRkX-inXwYE6f5FQV-ZXlg2JP69dD3RPxMDKVado.-0qYyYzGRixDOmSnAh7acbAolpQlSU67V8etwOA-6-o&dib_tag=se&keywords=ultrawide+monitor&qid=1733685892&sr=8-66
LG UltraWide Monitor 34-Inch FHD IPS with AMD FreeSync,$199.99,3.9,34.0,https://www.amazon.com/LG-UltraWide-Monitor-34-Inch-FreeSync/dp/B0C9JV4L2Z/ref=sr_1_67?dib=eyJ2IjoiMSJ9.y4A0nQm6fPJYLZa_iPx8FxOrvW6kSFdadNngoFn0wWBpY64UCv-araZcsF2qT8mq_BIRh1VrZYLaD-r7m_2-8uE8q6kkrquQDIXqwOVDqjn287vMD-tanq3ZbLRXaIsaVO8ewvcUQ0huv3CypWt35FufsitLAMC9gtxJBnJQOWj1O4comZcZweQ8fhMOhsNRz7MyRkX-inXwYE6f5FQV-ZXlg2JP69dD3RPxMDKVado.-0qYyYzGRixDOmSnAh7acbAolpQlSU67V8etwOA-6-o&dib_tag=se&keywords=ultrawide+monitor&qid=1733685892&sr=8-67
"ASUS 34” Ultrawide Curved USB-C Docking Monitor (VA34VCPSN) - 21:9 QHD (3440 x 1440), 1500R Curvature, 100Hz, Adaptive Sync, USB Hub, RJ45, Eye Care, Frameless, VESA Wall Mountable, Height Adjustable",$359.00,4.6,1202.0,https://www.amazon.com/ASUS-Ultrawide-Docking-Monitor-VA34VCPSN/dp/B0BWH8NK9S/ref=sr_1_68?dib=eyJ2IjoiMSJ9.y4A0nQm6fPJYLZa_iPx8FxOrvW6kSFdadNngoFn0wWBpY64UCv-araZcsF2qT8mq_BIRh1VrZYLaD-r7m_2-8uE8q6kkrquQDIXqwOVDqjn287vMD-tanq3ZbLRXaIsaVO8ewvcUQ0huv3CypWt35FufsitLAMC9gtxJBnJQOWj1O4comZcZweQ8fhMOhsNRz7MyRkX-inXwYE6f5FQV-ZXlg2JP69dD3RPxMDKVado.-0qYyYzGRixDOmSnAh7acbAolpQlSU67V8etwOA-6-o&dib_tag=se&keywords=ultrawide+monitor&qid=1733685892&sr=8-68
"Dell S3221QS 32 Inch Curved 4K UHD (3840 x 2160), VA Ultra-Thin Bezel Monitor, 60Hz, 4MS Response Time, 90% DCI-P3, 99% sRGB, AMD FreeSync, HDMI, DisplayPort, Built in Speakers, VESA Certified, Silver",$349.99,4.4,6976.0,https://www.amazon.com/sspa/click?ie=UTF8&spc=MTo4NjUwNzE4MDE0NDAyODE6MTczMzY4NTg5MjpzcF9idGY6MjAwMDg4OTg1ODY2NDk4OjowOjo&url=%2FDell-S3221QS-Ultra-Thin-DisplayPort-Certified%2Fdp%2FB08G8WMRRP%2Fref%3Dsr_1_70_sspa%3Fdib%3DeyJ2IjoiMSJ9.y4A0nQm6fPJYLZa_iPx8FxOrvW6kSFdadNngoFn0wWBpY64UCv-araZcsF2qT8mq_BIRh1VrZYLaD-r7m_2-8uE8q6kkrquQDIXqwOVDqjn287vMD-tanq3ZbLRXaIsaVO8ewvcUQ0huv3CypWt35FufsitLAMC9gtxJBnJQOWj1O4comZcZweQ8fhMOhsNRz7MyRkX-inXwYE6f5FQV-ZXlg2JP69dD3RPxMDKVado.-0qYyYzGRixDOmSnAh7acbAolpQlSU67V8etwOA-6-o%26dib_tag%3Dse%26keywords%3Dultrawide%2Bmonitor%26qid%3D1733685892%26sr%3D8-70-spons%26sp_csd%3Dd2lkZ2V0TmFtZT1zcF9idGY%26psc%3D1
"LG 38WN95C-W Monitor 38"" 21:9 Curved UltraWide QHD+ (3840 x 1600) Nanio IPS Display, Thunderbolt 3, 1ms Response Time, 144Hz Refresh Rate, NVIDIA G-SYNC, AMD FreeSync -White/Silver",$846.99,3.9,355.0,https://www.amazon.com/LG-38WN95C-W-Inch-Curved-Connectivity/dp/B0892MHG9H/ref=sr_1_67?dib=eyJ2IjoiMSJ9.e5UWQBpWNjg8WSfM2yjRXl3QVbxrsCogOxkW9hYDQEYh1GAJcFBtWaD6xr6Z8iET4n31Nxy1etYDKflm2Z2uBg-ewm3cTpq4pLCIx5LfX8BBuOrjuZLQaAui_qH6z7J5-L_weP52utAKbr3o95ncHbV7CKpN-whtRZemlvkGQrRg0AupdfiZxqxM-VaaGxMytkRbWGUHRqJ6DOnFgkYoj_ThV4fegos63WFy_Oyzjgs.Y_Vfj4uKpxVBulrZws2sq4KhhnUEbn4PfIYVaegQu5o&dib_tag=se&keywords=ultrawide+monitor&qid=1733685909&sr=8-67
HP 24mh FHD Computer Monitor with 23.8-Inch IPS Display (1080p) - Built-In Speakers and VESA Mounting - Height/Tilt Adjustment for Ergonomic Viewing - HDMI and DisplayPort - (1D0J9AA#ABA),$109.00,4.6,25196.0,https://www.amazon.com/HP-24mh-FHD-Monitor-Built/dp/B08BF4CZSV/ref=sr_1_68?dib=eyJ2IjoiMSJ9.e5UWQBpWNjg8WSfM2yjRXl3QVbxrsCogOxkW9hYDQEYh1GAJcFBtWaD6xr6Z8iET4n31Nxy1etYDKflm2Z2uBg-ewm3cTpq4pLCIx5LfX8BBuOrjuZLQaAui_qH6z7J5-L_weP52utAKbr3o95ncHbV7CKpN-whtRZemlvkGQrRg0AupdfiZxqxM-VaaGxMytkRbWGUHRqJ6DOnFgkYoj_ThV4fegos63WFy_Oyzjgs.Y_Vfj4uKpxVBulrZws2sq4KhhnUEbn4PfIYVaegQu5o&dib_tag=se&keywords=ultrawide+monitor&qid=1733685909&sr=8-68
LG 32GS60QC-B Ultragear 32-inch Curved Gaming Monitor QHD (2560x1440) 180Hz 1ms 1000R AMD FreeSync HDR10 HDMIx2 DisplayPort Black,$286.19,4.6,12107.0,https://www.amazon.com/LG-32GS60QC-B-Ultragear-2560x1440-DisplayPort/dp/B0D2FSYS5J/ref=sr_1_69?dib=eyJ2IjoiMSJ9.e5UWQBpWNjg8WSfM2yjRXl3QVbxrsCogOxkW9hYDQEYh1GAJcFBtWaD6xr6Z8iET4n31Nxy1etYDKflm2Z2uBg-ewm3cTpq4pLCIx5LfX8BBuOrjuZLQaAui_qH6z7J5-L_weP52utAKbr3o95ncHbV7CKpN-whtRZemlvkGQrRg0AupdfiZxqxM-VaaGxMytkRbWGUHRqJ6DOnFgkYoj_ThV4fegos63WFy_Oyzjgs.Y_Vfj4uKpxVBulrZws2sq4KhhnUEbn4PfIYVaegQu5o&dib_tag=se&keywords=ultrawide+monitor&qid=1733685909&sr=8-69
"GIGABYTE - G34WQC Advanced-R - 34"" VA Curved Gaming Monitor - WQHD 3440x1440-144Hz - 1ms MPRT - AMD FreeSync Premium - HDMI, DP - Height Adjustable - Black (RENEWED)",$299.99,5.0,2.0,https://www.amazon.com/GIGABYTE-Advanced-R-3440x1440-144Hz-FreeSync-Adjustable/dp/B0D254J2D6/ref=sr_1_70?dib=eyJ2IjoiMSJ9.e5UWQBpWNjg8WSfM2yjRXl3QVbxrsCogOxkW9hYDQEYh1GAJcFBtWaD6xr6Z8iET4n31Nxy1etYDKflm2Z2uBg-ewm3cTpq4pLCIx5LfX8BBuOrjuZLQaAui_qH6z7J5-L_weP52utAKbr3o95ncHbV7CKpN-whtRZemlvkGQrRg0AupdfiZxqxM-VaaGxMytkRbWGUHRqJ6DOnFgkYoj_ThV4fegos63WFy_Oyzjgs.Y_Vfj4uKpxVBulrZws2sq4KhhnUEbn4PfIYVaegQu5o&dib_tag=se&keywords=ultrawide+monitor&qid=1733685909&sr=8-70
"MSI MAG345CQR, 34-inch UWQHD 3440 x 1440 Computer Monitor, 180Hz, HDMI, 1ms, Black",$279.99,3.9,17.0,https://www.amazon.com/MSI-MAG345CQR-34-inch-Computer-Monitor/dp/B0CY78HJL4/ref=sr_1_71?dib=eyJ2IjoiMSJ9.e5UWQBpWNjg8WSfM2yjRXl3QVbxrsCogOxkW9hYDQEYh1GAJcFBtWaD6xr6Z8iET4n31Nxy1etYDKflm2Z2uBg-ewm3cTpq4pLCIx5LfX8BBuOrjuZLQaAui_qH6z7J5-L_weP52utAKbr3o95ncHbV7CKpN-whtRZemlvkGQrRg0AupdfiZxqxM-VaaGxMytkRbWGUHRqJ6DOnFgkYoj_ThV4fegos63WFy_Oyzjgs.Y_Vfj4uKpxVBulrZws2sq4KhhnUEbn4PfIYVaegQu5o&dib_tag=se&keywords=ultrawide+monitor&qid=1733685909&sr=8-71
"ASUS ProArt Display 34” Ultrawide Curved Professional HDR Monitor (PA34VCNV) - IPS, 21:9 3440 x 1440, 3800R Curve, 100% sRGB/Rec709, ΔE<2, Calman Verified, USB-C Docking PD 96W, RJ45, 3 Year Warranty",$549.00,4.6,2777.0,https://www.amazon.com/ASUS-Display-Ultrawide-Professional-PA34VCNV/dp/B0CC85MCC6/ref=sr_1_72?dib=eyJ2IjoiMSJ9.e5UWQBpWNjg8WSfM2yjRXl3QVbxrsCogOxkW9hYDQEYh1GAJcFBtWaD6xr6Z8iET4n31Nxy1etYDKflm2Z2uBg-ewm3cTpq4pLCIx5LfX8BBuOrjuZLQaAui_qH6z7J5-L_weP52utAKbr3o95ncHbV7CKpN-whtRZemlvkGQrRg0AupdfiZxqxM-VaaGxMytkRbWGUHRqJ6DOnFgkYoj_ThV4fegos63WFy_Oyzjgs.Y_Vfj4uKpxVBulrZws2sq4KhhnUEbn4PfIYVaegQu5o&dib_tag=se&keywords=ultrawide+monitor&qid=1733685909&sr=8-72
"ViewSonic VX3418-2KPC 34 Inch 21:9 Curved 1440p 1ms 144Hz Gaming Monitor with FreeSync Premium, Eye Care, HDMI and Display Port",$299.99,4.4,386.0,https://www.amazon.com/ViewSonic-VX3418-2KPC-Inch-UltraWide-Adaptive-Sync/dp/B08ZT31QCN/ref=sr_1_73?dib=eyJ2IjoiMSJ9.e5UWQBpWNjg8WSfM2yjRXl3QVbxrsCogOxkW9hYDQEYh1GAJcFBtWaD6xr6Z8iET4n31Nxy1etYDKflm2Z2uBg-ewm3cTpq4pLCIx5LfX8BBuOrjuZLQaAui_qH6z7J5-L_weP52utAKbr3o95ncHbV7CKpN-whtRZemlvkGQrRg0AupdfiZxqxM-VaaGxMytkRbWGUHRqJ6DOnFgkYoj_ThV4fegos63WFy_Oyzjgs.Y_Vfj4uKpxVBulrZws2sq4KhhnUEbn4PfIYVaegQu5o&dib_tag=se&keywords=ultrawide+monitor&qid=1733685909&sr=8-73
"KTC 32 Inch Curved Gaming Monitor, FHD 1080P 165Hz PC Monitor, 1500R, 122% sRGB with HDR, FreeSync Premium, HDMI 2.0x2, DisplayPort 1.4, VESA Compatible, Tilt Adjustable, Eye Care, H32S17C",$199.99,4.4,139.0,https://www.amazon.com/KTC-DisplayPort-Compatible-Adjustable-H32S17C/dp/B0CT4HXVZX/ref=sr_1_74?dib=eyJ2IjoiMSJ9.e5UWQBpWNjg8WSfM2yjRXl3QVbxrsCogOxkW9hYDQEYh1GAJcFBtWaD6xr6Z8iET4n31Nxy1etYDKflm2Z2uBg-ewm3cTpq4pLCIx5LfX8BBuOrjuZLQaAui_qH6z7J5-L_weP52utAKbr3o95ncHbV7CKpN-whtRZemlvkGQrRg0AupdfiZxqxM-VaaGxMytkRbWGUHRqJ6DOnFgkYoj_ThV4fegos63WFy_Oyzjgs.Y_Vfj4uKpxVBulrZws2sq4KhhnUEbn4PfIYVaegQu5o&dib_tag=se&keywords=ultrawide+monitor&qid=1733685909&sr=8-74
"CRUA 30Inch Ultrawide Curved Monitor, 21:9 WFHD(2560x1080P) VA Computer Monitor, 99% sRGB 100HZ 1500R PC Monitors Support FreeSync, Wall-Mounted, with HDMI/DP Display Port-Black",$159.99,4.3,2611.0,https://www.amazon.com/sspa/click?ie=UTF8&spc=MTozOTg3MjY4NjY2OTY4MjoxNzMzNjg1OTA5OnNwX210ZjozMDA1NjE2MzkxMDUyMDI6OjA6Og&url=%2FCRUA-30Inch-Ultrawide-Curved-Monitor%2Fdp%2FB0CYZ5ZX6V%2Fref%3Dsr_1_75_sspa%3Fdib%3DeyJ2IjoiMSJ9.e5UWQBpWNjg8WSfM2yjRXl3QVbxrsCogOxkW9hYDQEYh1GAJcFBtWaD6xr6Z8iET4n31Nxy1etYDKflm2Z2uBg-ewm3cTpq4pLCIx5LfX8BBuOrjuZLQaAui_qH6z7J5-L_weP52utAKbr3o95ncHbV7CKpN-whtRZemlvkGQrRg0AupdfiZxqxM-VaaGxMytkRbWGUHRqJ6DOnFgkYoj_ThV4fegos63WFy_Oyzjgs.Y_Vfj4uKpxVBulrZws2sq4KhhnUEbn4PfIYVaegQu5o%26dib_tag%3Dse%26keywords%3Dultrawide%2Bmonitor%26qid%3D1733685909%26sr%3D8-75-spons%26sp_csd%3Dd2lkZ2V0TmFtZT1zcF9tdGY%26psc%3D1
"30-inch Curved Gaming Monitor 21:9 Ultrawide WFHD(2560x1080), up to 200Hz, 1ms, FreeSync Premium, 1800R, Eye Care, 100% sRGB PC Screen with HDMI(2.1)x 2 & DisplayPort x 2, Build-in Speakers,Wall Mount",$183.99,3.4,3.0,https://www.amazon.com/sspa/click?ie=UTF8&spc=MTozOTg3MjY4NjY2OTY4MjoxNzMzNjg1OTA5OnNwX210ZjozMDA1MzQ5MTg2NTQyMDI6OjA6Og&url=%2F30-inch-Curved-Gaming-Monitor-Build%2Fdp%2FB0DFWR7KQ5%2Fref%3Dsr_1_76_sspa%3Fdib%3DeyJ2IjoiMSJ9.e5UWQBpWNjg8WSfM2yjRXl3QVbxrsCogOxkW9hYDQEYh1GAJcFBtWaD6xr6Z8iET4n31Nxy1etYDKflm2Z2uBg-ewm3cTpq4pLCIx5LfX8BBuOrjuZLQaAui_qH6z7J5-L_weP52utAKbr3o95ncHbV7CKpN-whtRZemlvkGQrRg0AupdfiZxqxM-VaaGxMytkRbWGUHRqJ6DOnFgkYoj_ThV4fegos63WFy_Oyzjgs.Y_Vfj4uKpxVBulrZws2sq4KhhnUEbn4PfIYVaegQu5o%26dib_tag%3Dse%26keywords%3Dultrawide%2Bmonitor%26qid%3D1733685909%26sr%3D8-76-spons%26sp_csd%3Dd2lkZ2V0TmFtZT1zcF9tdGY%26psc%3D1
"Packard Bell airFrame 21"" FHD Monitor, 1920x1080, Ultrawide, VESA Mount Compatible, Tilt Adjustment, HDMI/VGA, Slim Bezel, for Home, Office, and Light Gaming",$64.99,4.3,1769.0,https://www.amazon.com/Packard-Bell-Milliseconds-Ultrawide-Adjustment/dp/B0BLQRXG6N/ref=sr_1_77?dib=eyJ2IjoiMSJ9.e5UWQBpWNjg8WSfM2yjRXl3QVbxrsCogOxkW9hYDQEYh1GAJcFBtWaD6xr6Z8iET4n31Nxy1etYDKflm2Z2uBg-ewm3cTpq4pLCIx5LfX8BBuOrjuZLQaAui_qH6z7J5-L_weP52utAKbr3o95ncHbV7CKpN-whtRZemlvkGQrRg0AupdfiZxqxM-VaaGxMytkRbWGUHRqJ6DOnFgkYoj_ThV4fegos63WFy_Oyzjgs.Y_Vfj4uKpxVBulrZws2sq4KhhnUEbn4PfIYVaegQu5o&dib_tag=se&keywords=ultrawide+monitor&qid=1733685909&sr=8-77
"SANSUI 27 Inch Monitor, IPS 100Hz Computer Monitor Full HD 1920 x 1080P with HDMI VGA Interface Eye Care Frameless 100 x 100mm VESA (ES-27X3AL, HDMI Cable Included)",$99.99,4.4,941.0,https://www.amazon.com/SANSUI-Computer-Interface-Frameless-ES-27X3AL/dp/B0CG9HF9KW/ref=sr_1_78?dib=eyJ2IjoiMSJ9.e5UWQBpWNjg8WSfM2yjRXl3QVbxrsCogOxkW9hYDQEYh1GAJcFBtWaD6xr6Z8iET4n31Nxy1etYDKflm2Z2uBg-ewm3cTpq4pLCIx5LfX8BBuOrjuZLQaAui_qH6z7J5-L_weP52utAKbr3o95ncHbV7CKpN-whtRZemlvkGQrRg0AupdfiZxqxM-VaaGxMytkRbWGUHRqJ6DOnFgkYoj_ThV4fegos63WFy_Oyzjgs.Y_Vfj4uKpxVBulrZws2sq4KhhnUEbn4PfIYVaegQu5o&dib_tag=se&keywords=ultrawide+monitor&qid=1733685909&sr=8-78
"LG 40WP95C-W 40” UltraWide Curved WUHD (5120 x 2160) 5K2K Nano IPS Display, DCI-P3 98% (Typ.) with HDR10, Thunderbolt 4 with 96W PD, 3-Side Virtually Borderless Design Tilt/Height/Swivel Stand,Black","$1,274.95",4.0,360.0,https://www.amazon.com/LG-40WP95C-W-UltraWide-Thunderbolt-Borderless/dp/B09P1VLCQ4/ref=sr_1_79?dib=eyJ2IjoiMSJ9.e5UWQBpWNjg8WSfM2yjRXl3QVbxrsCogOxkW9hYDQEYh1GAJcFBtWaD6xr6Z8iET4n31Nxy1etYDKflm2Z2uBg-ewm3cTpq4pLCIx5LfX8BBuOrjuZLQaAui_qH6z7J5-L_weP52utAKbr3o95ncHbV7CKpN-whtRZemlvkGQrRg0AupdfiZxqxM-VaaGxMytkRbWGUHRqJ6DOnFgkYoj_ThV4fegos63WFy_Oyzjgs.Y_Vfj4uKpxVBulrZws2sq4KhhnUEbn4PfIYVaegQu5o&dib_tag=se&keywords=ultrawide+monitor&qid=1733685909&sr=8-79
"Sceptre New 27-inch Gaming Monitor 100Hz 1ms DisplayPort HDMI x2 100% sRGB AMD FreeSync Build-in Speakers, Eye Care Frameless Machine Black 2024 (E275W-FW100T)",$97.97,4.5,33769.0,https://www.amazon.com/Sceptre-DisplayPort-FreeSync-Frameless-E275W-FW100T/dp/B0CHHSFMRL/ref=sr_1_80?dib=eyJ2IjoiMSJ9.e5UWQBpWNjg8WSfM2yjRXl3QVbxrsCogOxkW9hYDQEYh1GAJcFBtWaD6xr6Z8iET4n31Nxy1etYDKflm2Z2uBg-ewm3cTpq4pLCIx5LfX8BBuOrjuZLQaAui_qH6z7J5-L_weP52utAKbr3o95ncHbV7CKpN-whtRZemlvkGQrRg0AupdfiZxqxM-VaaGxMytkRbWGUHRqJ6DOnFgkYoj_ThV4fegos63WFy_Oyzjgs.Y_Vfj4uKpxVBulrZws2sq4KhhnUEbn4PfIYVaegQu5o&dib_tag=se&keywords=ultrawide+monitor&qid=1733685909&sr=8-80
"34 Inch Ultrawide Curved Gaming Monitor with 1500R Display, UWQHD 3440 x 1440, 180Hz, sRGB 126%, FreeSync G-SYNC, PIP/PBP, Tilt/Height/Rotation Adjustable, Built-in Speaker, 2 x DP 1.4/2 x HDMI 2.0",$322.99,4.4,44.0,https://www.amazon.com/Ultrawide-Monitor-FreeSync-Rotation-Adjustable/dp/B0DB1ZKZ4Y/ref=sr_1_81?dib=eyJ2IjoiMSJ9.e5UWQBpWNjg8WSfM2yjRXl3QVbxrsCogOxkW9hYDQEYh1GAJcFBtWaD6xr6Z8iET4n31Nxy1etYDKflm2Z2uBg-ewm3cTpq4pLCIx5LfX8BBuOrjuZLQaAui_qH6z7J5-L_weP52utAKbr3o95ncHbV7CKpN-whtRZemlvkGQrRg0AupdfiZxqxM-VaaGxMytkRbWGUHRqJ6DOnFgkYoj_ThV4fegos63WFy_Oyzjgs.Y_Vfj4uKpxVBulrZws2sq4KhhnUEbn4PfIYVaegQu5o&dib_tag=se&keywords=ultrawide+monitor&qid=1733685909&sr=8-81
"Acer Nitro XZ306C Xwmiiiphx 29.5"" 1500R Curved Zero-Frame UWFHD (2560 x 1080) VA Gaming Monitor | AMD FreeSync Premium | Up to 200Hz | 1ms VRB | Display Port, 1 x HDMI 2.0 & 2 x HDMI 1.4 Ports",$329.00,4.6,2045.0,https://www.amazon.com/Acer-Xwmiiiphx-Zero-Frame-Monitor-FreeSync/dp/B09JCMPG7V/ref=sr_1_83?dib=eyJ2IjoiMSJ9.e5UWQBpWNjg8WSfM2yjRXl3QVbxrsCogOxkW9hYDQEYh1GAJcFBtWaD6xr6Z8iET4n31Nxy1etYDKflm2Z2uBg-ewm3cTpq4pLCIx5LfX8BBuOrjuZLQaAui_qH6z7J5-L_weP52utAKbr3o95ncHbV7CKpN-whtRZemlvkGQrRg0AupdfiZxqxM-VaaGxMytkRbWGUHRqJ6DOnFgkYoj_ThV4fegos63WFy_Oyzjgs.Y_Vfj4uKpxVBulrZws2sq4KhhnUEbn4PfIYVaegQu5o&dib_tag=se&keywords=ultrawide+monitor&qid=1733685909&sr=8-83
"MSI MPG 491CQP QD-OLED, 49 Curved OLED Gaming Monitor, 5120 x 1440 (DQHD), OLED 0.03ms Response time, 144Hz, True Black HDR 400, HDMI, DP Port, USB Type C, Tilt, Height",$849.99,4.2,20.0,https://www.amazon.com/MSI-MPG-491CQP-QD-OLED-response/dp/B0CTRXCNV8/ref=sr_1_84?dib=eyJ2IjoiMSJ9.e5UWQBpWNjg8WSfM2yjRXl3QVbxrsCogOxkW9hYDQEYh1GAJcFBtWaD6xr6Z8iET4n31Nxy1etYDKflm2Z2uBg-ewm3cTpq4pLCIx5LfX8BBuOrjuZLQaAui_qH6z7J5-L_weP52utAKbr3o95ncHbV7CKpN-whtRZemlvkGQrRg0AupdfiZxqxM-VaaGxMytkRbWGUHRqJ6DOnFgkYoj_ThV4fegos63WFy_Oyzjgs.Y_Vfj4uKpxVBulrZws2sq4KhhnUEbn4PfIYVaegQu5o&dib_tag=se&keywords=ultrawide+monitor&qid=1733685909&sr=8-84
"KTC 42 Inch 4K OLED Gaming Monitor, 0.1ms GTG 138Hz, 134% sRGB, 4-Side Frameless, Type-C 90W, Speakers,Remote, Freesync G-Sync, DP/HDMI/USB, VESA, Ultrawide OLED Monitor for Gaming(Without Base)",$999.99,4.4,387.0,https://www.amazon.com/sspa/click?ie=UTF8&spc=MTozOTg3MjY4NjY2OTY4MjoxNzMzNjg1OTA5OnNwX2J0ZjozMDA1NjM5NTg2OTcwMDI6OjA6Og&url=%2FKTC-Frameless-Speakers-Freesync-Ultrawide%2Fdp%2FB0D4TJWTMF%2Fref%3Dsr_1_85_sspa%3Fdib%3DeyJ2IjoiMSJ9.e5UWQBpWNjg8WSfM2yjRXl3QVbxrsCogOxkW9hYDQEYh1GAJcFBtWaD6xr6Z8iET4n31Nxy1etYDKflm2Z2uBg-ewm3cTpq4pLCIx5LfX8BBuOrjuZLQaAui_qH6z7J5-L_weP52utAKbr3o95ncHbV7CKpN-whtRZemlvkGQrRg0AupdfiZxqxM-VaaGxMytkRbWGUHRqJ6DOnFgkYoj_ThV4fegos63WFy_Oyzjgs.Y_Vfj4uKpxVBulrZws2sq4KhhnUEbn4PfIYVaegQu5o%26dib_tag%3Dse%26keywords%3Dultrawide%2Bmonitor%26qid%3D1733685909%26sr%3D8-85-spons%26sp_csd%3Dd2lkZ2V0TmFtZT1zcF9idGY%26psc%3D1
"SANSUI Curved Monitor 24 inch 100Hz USB Type-C Computer Monitor with Built-in Speakers- MPRT 1ms,Adaptive Sync,HDR,1500R,VESA 75x75mm Compatible, for Home and Office(HDMI Cable Include ES-24C1)",$109.99,4.3,3642.0,https://www.amazon.com/sspa/click?ie=UTF8&spc=MTozOTg3MjY4NjY2OTY4MjoxNzMzNjg1OTA5OnNwX2J0ZjozMDA1NTQ5MzI1MzU5MDI6OjA6Og&url=%2FSANSUI-Computer-Speakers-Adaptive-Compatible%2Fdp%2FB0DB8HP831%2Fref%3Dsr_1_86_sspa%3Fdib%3DeyJ2IjoiMSJ9.e5UWQBpWNjg8WSfM2yjRXl3QVbxrsCogOxkW9hYDQEYh1GAJcFBtWaD6xr6Z8iET4n31Nxy1etYDKflm2Z2uBg-ewm3cTpq4pLCIx5LfX8BBuOrjuZLQaAui_qH6z7J5-L_weP52utAKbr3o95ncHbV7CKpN-whtRZemlvkGQrRg0AupdfiZxqxM-VaaGxMytkRbWGUHRqJ6DOnFgkYoj_ThV4fegos63WFy_Oyzjgs.Y_Vfj4uKpxVBulrZws2sq4KhhnUEbn4PfIYVaegQu5o%26dib_tag%3Dse%26keywords%3Dultrawide%2Bmonitor%26qid%3D1733685909%26sr%3D8-86-spons%26sp_csd%3Dd2lkZ2V0TmFtZT1zcF9idGY%26psc%3D1
"ZZA 32-Inch Curved Gaming Monitor 180hz,FHD 1080P Computer PC Monitor with 1500R |1ms (GTG) | HDR 600|Curved|122% sRGB|DP/HDMI|VESA|FreeSync & G-Syn,Mount Business, Office, Casual Gaming Monitors",$189.99,4.4,80.0,https://www.amazon.com/sspa/click?ie=UTF8&spc=MTo3MTY3NDYzOTk0OTcxOTQ3OjE3MzM2ODU5MzM6c3BfYXRmX25leHQ6MzAwNTgxMTA0Mjc0MzAyOjowOjo&url=%2FZZA-Computer-FreeSync-Business-Monitors%2Fdp%2FB0DKNHH1MR%2Fref%3Dsr_1_81_sspa%3Fdib%3DeyJ2IjoiMSJ9.a9g4y6dMVm0z2tbU00dI7JOgMkdQkvrtay7-BGAVFDHP5zrUfD6zJ-40aCMtvqNiwCk4w5Gi2jENfBsKl0lD69xE3C5ETO7vnVh7GSR_Fs2QgNME4J8vs2qVTNl1pZkKAuMoCN9RR3DSutaZSsFxpIc9LXRZO9804JN7y-KGwt_doryLjT3HwRrVR9L0JApg7uTSoMmkiW41K3H7_sEh-Q6FSWQ9NqPx7DpuqHV485A.A_58Qq7hHHCnh0UjFKsT_0g4TDlQpoPMwu530KrUCxs%26dib_tag%3Dse%26keywords%3Dultrawide%2Bmonitor%26qid%3D1733685933%26sr%3D8-81-spons%26sp_csd%3Dd2lkZ2V0TmFtZT1zcF9hdGZfbmV4dA%26psc%3D1
"27 Inch 4K 75Hz Monitor, UHD (3840 * 2160) IPS Ultra-Slim Bezel Monitor for Photo Video Editing, ΔE < 2, 100% DCI-P3, Height/Pivot/Tilt/Swivel, AMD FreeSync, Built-in Dual Speaker, DP/HDMI",$191.99,4.6,21.0,https://www.amazon.com/sspa/click?ie=UTF8&spc=MTo3MTY3NDYzOTk0OTcxOTQ3OjE3MzM2ODU5MzM6c3BfYXRmX25leHQ6MzAwNTIwNDYzNTg2NzAyOjowOjo&url=%2FCUNPU-Monitor-Ultra-Slim-Editing-FreeSync%2Fdp%2FB0D28P3FCJ%2Fref%3Dsr_1_82_sspa%3Fdib%3DeyJ2IjoiMSJ9.a9g4y6dMVm0z2tbU00dI7JOgMkdQkvrtay7-BGAVFDHP5zrUfD6zJ-40aCMtvqNiwCk4w5Gi2jENfBsKl0lD69xE3C5ETO7vnVh7GSR_Fs2QgNME4J8vs2qVTNl1pZkKAuMoCN9RR3DSutaZSsFxpIc9LXRZO9804JN7y-KGwt_doryLjT3HwRrVR9L0JApg7uTSoMmkiW41K3H7_sEh-Q6FSWQ9NqPx7DpuqHV485A.A_58Qq7hHHCnh0UjFKsT_0g4TDlQpoPMwu530KrUCxs%26dib_tag%3Dse%26keywords%3Dultrawide%2Bmonitor%26qid%3D1733685933%26sr%3D8-82-spons%26sp_csd%3Dd2lkZ2V0TmFtZT1zcF9hdGZfbmV4dA%26psc%3D1
VILVA Portable-Monitor-for-Laptop - 15.6'' 1080P FHD IPS Display USB-C HDMI Portable Monitor for Laptop with Cover and Speakers External Monitor for Laptop/PC/Mac/Phone/Xbox Switch/PS4/,$65.99,4.4,1605.0,https://www.amazon.com/VILVA-Portable-Monitor-Laptop-Portable-Speakers/dp/B0BTSFVMLV/ref=sr_1_83?dib=eyJ2IjoiMSJ9.a9g4y6dMVm0z2tbU00dI7JOgMkdQkvrtay7-BGAVFDHP5zrUfD6zJ-40aCMtvqNiwCk4w5Gi2jENfBsKl0lD69xE3C5ETO7vnVh7GSR_Fs2QgNME4J8vs2qVTNl1pZkKAuMoCN9RR3DSutaZSsFxpIc9LXRZO9804JN7y-KGwt_doryLjT3HwRrVR9L0JApg7uTSoMmkiW41K3H7_sEh-Q6FSWQ9NqPx7DpuqHV485A.A_58Qq7hHHCnh0UjFKsT_0g4TDlQpoPMwu530KrUCxs&dib_tag=se&keywords=ultrawide+monitor&qid=1733685933&sr=8-83
"INNOCN 40C1R Ultrawide Monitor 40"" WQHD 3440 x 1440p 144Hz Monitor AMD FreeSync Premium HDR400 21:9 Computer Gaming Monitor 95% DCI-P3 500Nits IPS USB Type-C HDMI Tilt/Height Adjustable, Mountable",$549.99,4.2,739.0,https://www.amazon.com/INNOCN-Ultrawide-Monitor-FreeSync-Premium/dp/B09N3G9T16/ref=sr_1_84?dib=eyJ2IjoiMSJ9.a9g4y6dMVm0z2tbU00dI7JOgMkdQkvrtay7-BGAVFDHP5zrUfD6zJ-40aCMtvqNiwCk4w5Gi2jENfBsKl0lD69xE3C5ETO7vnVh7GSR_Fs2QgNME4J8vs2qVTNl1pZkKAuMoCN9RR3DSutaZSsFxpIc9LXRZO9804JN7y-KGwt_doryLjT3HwRrVR9L0JApg7uTSoMmkiW41K3H7_sEh-Q6FSWQ9NqPx7DpuqHV485A.A_58Qq7hHHCnh0UjFKsT_0g4TDlQpoPMwu530KrUCxs&dib_tag=se&keywords=ultrawide+monitor&qid=1733685933&sr=8-84
"SAMSUNG 25"" Odyssey G4 Series FHD Gaming Monitor, IPS, 240Hz, 1ms, G-Sync Compatible, AMD FreeSync Premium, HDR10, Ultrawide Game View, DisplayPort, HDMI, Fully Adjustable Stand, LS25BG402ENXGO",$184.00,4.6,503.0,https://www.amazon.com/SAMSUNG-Compatible-DisplayPort-Adjustable-LS25BG402ENXGO/dp/B0B45998BM/ref=sr_1_85?dib=eyJ2IjoiMSJ9.a9g4y6dMVm0z2tbU00dI7JOgMkdQkvrtay7-BGAVFDHP5zrUfD6zJ-40aCMtvqNiwCk4w5Gi2jENfBsKl0lD69xE3C5ETO7vnVh7GSR_Fs2QgNME4J8vs2qVTNl1pZkKAuMoCN9RR3DSutaZSsFxpIc9LXRZO9804JN7y-KGwt_doryLjT3HwRrVR9L0JApg7uTSoMmkiW41K3H7_sEh-Q6FSWQ9NqPx7DpuqHV485A.A_58Qq7hHHCnh0UjFKsT_0g4TDlQpoPMwu530KrUCxs&dib_tag=se&keywords=ultrawide+monitor&qid=1733685933&sr=8-85
"LG 49WQ95C-W 49 Inch 32:9 Curved UltraWide DQHD (5120 x 1440) Nano IPS Monitor, NVIDIA G-SYNC Compatible & AMD FreeSync Premium Pro, HDMI 2.1 & USB Type-C (90W PD), Tilt/Height/Swivel Adjustable","$1,109.95",4.1,428.0,https://www.amazon.com/LG-49WQ95C-W-Inch-Compatible-FreeSyncTM/dp/B0B5K851GV/ref=sr_1_86?dib=eyJ2IjoiMSJ9.a9g4y6dMVm0z2tbU00dI7JOgMkdQkvrtay7-BGAVFDHP5zrUfD6zJ-40aCMtvqNiwCk4w5Gi2jENfBsKl0lD69xE3C5ETO7vnVh7GSR_Fs2QgNME4J8vs2qVTNl1pZkKAuMoCN9RR3DSutaZSsFxpIc9LXRZO9804JN7y-KGwt_doryLjT3HwRrVR9L0JApg7uTSoMmkiW41K3H7_sEh-Q6FSWQ9NqPx7DpuqHV485A.A_58Qq7hHHCnh0UjFKsT_0g4TDlQpoPMwu530KrUCxs&dib_tag=se&keywords=ultrawide+monitor&qid=1733685933&sr=8-86
"Dell S2725DS Monitor - 27 Inch, QHD (2560x1440) Display, 100Hz refresh rate, 1500:1 contrast ratio, TÜV Rheinland Eye comfort 4 Star, Integrated 2x5W speaker, Height/Tilt/Swivel/Pivot- Ash White color",$149.99,4.6,239.0,https://www.amazon.com/Dell-S2725DS-Monitor-2560x1440-Integrated/dp/B0D3FGFPPB/ref=sr_1_87?dib=eyJ2IjoiMSJ9.a9g4y6dMVm0z2tbU00dI7JOgMkdQkvrtay7-BGAVFDHP5zrUfD6zJ-40aCMtvqNiwCk4w5Gi2jENfBsKl0lD69xE3C5ETO7vnVh7GSR_Fs2QgNME4J8vs2qVTNl1pZkKAuMoCN9RR3DSutaZSsFxpIc9LXRZO9804JN7y-KGwt_doryLjT3HwRrVR9L0JApg7uTSoMmkiW41K3H7_sEh-Q6FSWQ9NqPx7DpuqHV485A.A_58Qq7hHHCnh0UjFKsT_0g4TDlQpoPMwu530KrUCxs&dib_tag=se&keywords=ultrawide+monitor&qid=1733685933&sr=8-87
"SAMSUNG 49” Odyssey G9 Gaming Monitor, 1000R Curved Screen, QLED, Dual QHD Display, 240Hz, NVIDIA G-SYNC and FreeSync Premium Pro, LC49G95TSSNXZA, Black","$1,399.99",4.2,4152.0,https://www.amazon.com/SAMSUNG-49-inch-Odyssey-FreeSync-LC49G95TSSNXZA/dp/B088HH6LW5/ref=sr_1_88?dib=eyJ2IjoiMSJ9.a9g4y6dMVm0z2tbU00dI7JOgMkdQkvrtay7-BGAVFDHP5zrUfD6zJ-40aCMtvqNiwCk4w5Gi2jENfBsKl0lD69xE3C5ETO7vnVh7GSR_Fs2QgNME4J8vs2qVTNl1pZkKAuMoCN9RR3DSutaZSsFxpIc9LXRZO9804JN7y-KGwt_doryLjT3HwRrVR9L0JApg7uTSoMmkiW41K3H7_sEh-Q6FSWQ9NqPx7DpuqHV485A.A_58Qq7hHHCnh0UjFKsT_0g4TDlQpoPMwu530KrUCxs&dib_tag=se&keywords=ultrawide+monitor&qid=1733685933&sr=8-88
"GAMEPOWER 49 inch Curved Ultrawide Gaming Monitor, 1Ms, 144Hz Refresh Rate, 32:9, WDFHD, 3840 x 1080P, R1800, 99% sRGB, HDR400, DisplayPort, HDMI, FreeSync, Gsync, Height - Tilt Adjustable",$549.99,4.9,11.0,https://www.amazon.com/GAMEPOWER-Curved-Gaming-Monitor-Ultrawide/dp/B0C2HJHF8L/ref=sr_1_89?dib=eyJ2IjoiMSJ9.a9g4y6dMVm0z2tbU00dI7JOgMkdQkvrtay7-BGAVFDHP5zrUfD6zJ-40aCMtvqNiwCk4w5Gi2jENfBsKl0lD69xE3C5ETO7vnVh7GSR_Fs2QgNME4J8vs2qVTNl1pZkKAuMoCN9RR3DSutaZSsFxpIc9LXRZO9804JN7y-KGwt_doryLjT3HwRrVR9L0JApg7uTSoMmkiW41K3H7_sEh-Q6FSWQ9NqPx7DpuqHV485A.A_58Qq7hHHCnh0UjFKsT_0g4TDlQpoPMwu530KrUCxs&dib_tag=se&keywords=ultrawide+monitor&qid=1733685933&sr=8-89
"LG UltraWide 40WP95C-W (5120 x 2160) 39.7"" 21:9 Curved FreeSync 5K2K HDR IPS Monitor (40WP95C-W) + Cleaning Kit + USBC Cable + HDMI Cable","$1,334.95",5.0,1.0,https://www.amazon.com/LG-UltraWide-40WP95C-W-5120-2160/dp/B0CZSK2X26/ref=sr_1_90?dib=eyJ2IjoiMSJ9.a9g4y6dMVm0z2tbU00dI7JOgMkdQkvrtay7-BGAVFDHP5zrUfD6zJ-40aCMtvqNiwCk4w5Gi2jENfBsKl0lD69xE3C5ETO7vnVh7GSR_Fs2QgNME4J8vs2qVTNl1pZkKAuMoCN9RR3DSutaZSsFxpIc9LXRZO9804JN7y-KGwt_doryLjT3HwRrVR9L0JApg7uTSoMmkiW41K3H7_sEh-Q6FSWQ9NqPx7DpuqHV485A.A_58Qq7hHHCnh0UjFKsT_0g4TDlQpoPMwu530KrUCxs&dib_tag=se&keywords=ultrawide+monitor&qid=1733685933&sr=8-90
Pixio PXC348C 34 inch 165Hz Refresh Rate UWQHD 1440p Ultrawide Resolution 1500R Curve VA Panel 1ms Response Time USB-C Displayport 65W Charging AMD FreeSync Premium HDR Curved Gaming Monitor,$329.99,4.5,3512.0,https://www.amazon.com/sspa/click?ie=UTF8&spc=MTo3MTY3NDYzOTk0OTcxOTQ3OjE3MzM2ODU5MzM6c3BfbXRmOjMwMDU0ODczMTY4NTcwMjo6MDo6&url=%2FPixio-PXC348C-Ultrawide-Displayport-Charging%2Fdp%2FB09R93VLLV%2Fref%3Dsr_1_91_sspa%3Fdib%3DeyJ2IjoiMSJ9.a9g4y6dMVm0z2tbU00dI7JOgMkdQkvrtay7-BGAVFDHP5zrUfD6zJ-40aCMtvqNiwCk4w5Gi2jENfBsKl0lD69xE3C5ETO7vnVh7GSR_Fs2QgNME4J8vs2qVTNl1pZkKAuMoCN9RR3DSutaZSsFxpIc9LXRZO9804JN7y-KGwt_doryLjT3HwRrVR9L0JApg7uTSoMmkiW41K3H7_sEh-Q6FSWQ9NqPx7DpuqHV485A.A_58Qq7hHHCnh0UjFKsT_0g4TDlQpoPMwu530KrUCxs%26dib_tag%3Dse%26keywords%3Dultrawide%2Bmonitor%26qid%3D1733685933%26sr%3D8-91-spons%26sp_csd%3Dd2lkZ2V0TmFtZT1zcF9tdGY%26psc%3D1
"Curved Monitor - 30 Inch Ultra Wide Monitor 200Hz WFHD, 1800R Curved Gaming Monitor 2560x1080p, 1ms, 100% sRGB, FreeSync, HDMI DP Display, Dual Speakers, VESA, PC Monitor with Rainbow Lights",$179.99,5.0,1.0,https://www.amazon.com/sspa/click?ie=UTF8&spc=MTo3MTY3NDYzOTk0OTcxOTQ3OjE3MzM2ODU5MzM6c3BfbXRmOjMwMDQ5MTQzNTcxNDMwMjo6MDo6&url=%2FXGaming-Curved-Monitor-2560x1080p-FreeSync%2Fdp%2FB0DC3FRPWT%2Fref%3Dsr_1_92_sspa%3Fdib%3DeyJ2IjoiMSJ9.a9g4y6dMVm0z2tbU00dI7JOgMkdQkvrtay7-BGAVFDHP5zrUfD6zJ-40aCMtvqNiwCk4w5Gi2jENfBsKl0lD69xE3C5ETO7vnVh7GSR_Fs2QgNME4J8vs2qVTNl1pZkKAuMoCN9RR3DSutaZSsFxpIc9LXRZO9804JN7y-KGwt_doryLjT3HwRrVR9L0JApg7uTSoMmkiW41K3H7_sEh-Q6FSWQ9NqPx7DpuqHV485A.A_58Qq7hHHCnh0UjFKsT_0g4TDlQpoPMwu530KrUCxs%26dib_tag%3Dse%26keywords%3Dultrawide%2Bmonitor%26qid%3D1733685933%26sr%3D8-92-spons%26sp_csd%3Dd2lkZ2V0TmFtZT1zcF9tdGY%26psc%3D1
"acer Nitro 29.5"" 1500R Curved Zero-Frame UWFHD 2560 x 1080 Gaming Monitor | AMD FreeSync Premium | Up to 200Hz | 1ms VRB | VESA Mountable | 2 x Display Port 1.4 & 2 x HDMI 2.0 | ED306C Xbmiippx",$189.99,4.6,2127.0,https://www.amazon.com/acer-Zero-Frame-FreeSync-Mountable-Xbmiippx/dp/B0D2LT8L75/ref=sr_1_93?dib=eyJ2IjoiMSJ9.a9g4y6dMVm0z2tbU00dI7JOgMkdQkvrtay7-BGAVFDHP5zrUfD6zJ-40aCMtvqNiwCk4w5Gi2jENfBsKl0lD69xE3C5ETO7vnVh7GSR_Fs2QgNME4J8vs2qVTNl1pZkKAuMoCN9RR3DSutaZSsFxpIc9LXRZO9804JN7y-KGwt_doryLjT3HwRrVR9L0JApg7uTSoMmkiW41K3H7_sEh-Q6FSWQ9NqPx7DpuqHV485A.A_58Qq7hHHCnh0UjFKsT_0g4TDlQpoPMwu530KrUCxs&dib_tag=se&keywords=ultrawide+monitor&qid=1733685933&sr=8-93
14'' 4K UHD IPS 3840x1100 Stretched Bar Touch Screen Display Monitor for Laptop Computer PC Speed Temperature Windows Aida64 CPU GPU HDMI Secondary Monitor for Music Media Timeline Editing,$249.99,4.6,45.0,https://www.amazon.com/wisecoco-3840x1100-Secondary-Stretched-Temperature/dp/B0BXL1NXVS/ref=sr_1_94?dib=eyJ2IjoiMSJ9.a9g4y6dMVm0z2tbU00dI7JOgMkdQkvrtay7-BGAVFDHP5zrUfD6zJ-40aCMtvqNiwCk4w5Gi2jENfBsKl0lD69xE3C5ETO7vnVh7GSR_Fs2QgNME4J8vs2qVTNl1pZkKAuMoCN9RR3DSutaZSsFxpIc9LXRZO9804JN7y-KGwt_doryLjT3HwRrVR9L0JApg7uTSoMmkiW41K3H7_sEh-Q6FSWQ9NqPx7DpuqHV485A.A_58Qq7hHHCnh0UjFKsT_0g4TDlQpoPMwu530KrUCxs&dib_tag=se&keywords=ultrawide+monitor&qid=1733685933&sr=8-94
"INNOCN 34Q1R 34"" OLED Gaming Ultrawide Monitor Curved WQHD 3440 x 1440p 175Hz Computer Monitor, USB Type C Power Delivery, HDMI, DP, Stereo Speakers, Charger Pad, Black",$649.99,4.2,252.0,https://www.amazon.com/INNOCN-Ultrawide-Computer-Delivery-Speakers/dp/B0CDPJH118/ref=sr_1_95?dib=eyJ2IjoiMSJ9.a9g4y6dMVm0z2tbU00dI7JOgMkdQkvrtay7-BGAVFDHP5zrUfD6zJ-40aCMtvqNiwCk4w5Gi2jENfBsKl0lD69xE3C5ETO7vnVh7GSR_Fs2QgNME4J8vs2qVTNl1pZkKAuMoCN9RR3DSutaZSsFxpIc9LXRZO9804JN7y-KGwt_doryLjT3HwRrVR9L0JApg7uTSoMmkiW41K3H7_sEh-Q6FSWQ9NqPx7DpuqHV485A.A_58Qq7hHHCnh0UjFKsT_0g4TDlQpoPMwu530KrUCxs&dib_tag=se&keywords=ultrawide+monitor&qid=1733685933&sr=8-95
"LG 49WL95C-W Ultrawide Dual QHD Monitor 49"" 32: 9 (5120 x1440) Curved IPS Display, HDR10, USB Type-C, HDR 10, Ambient Light Sensor, 2 x 10W Stereo Speaker","$1,299.99",4.4,473.0,https://www.amazon.com/LG-49WL95C-W-49-Inch-Curved-Ultrawide/dp/B07PJQKLTW/ref=sr_1_96?dib=eyJ2IjoiMSJ9.a9g4y6dMVm0z2tbU00dI7JOgMkdQkvrtay7-BGAVFDHP5zrUfD6zJ-40aCMtvqNiwCk4w5Gi2jENfBsKl0lD69xE3C5ETO7vnVh7GSR_Fs2QgNME4J8vs2qVTNl1pZkKAuMoCN9RR3DSutaZSsFxpIc9LXRZO9804JN7y-KGwt_doryLjT3HwRrVR9L0JApg7uTSoMmkiW41K3H7_sEh-Q6FSWQ9NqPx7DpuqHV485A.A_58Qq7hHHCnh0UjFKsT_0g4TDlQpoPMwu530KrUCxs&dib_tag=se&keywords=ultrawide+monitor&qid=1733685933&sr=8-96
"LG 34WN750-B Monitor 34"" 21:9 WQHD (3440 x 1440) IPS Display, AMD FreeSync, Dual Controller, OnScreen Control, 3-Side Borderless Design - Black",$465.33,4.4,555.0,https://www.amazon.com/LG-34WN750-B-Technology-Multi-Tasking-Borderless/dp/B08BCR1SJS/ref=sr_1_97?dib=eyJ2IjoiMSJ9.a9g4y6dMVm0z2tbU00dI7JOgMkdQkvrtay7-BGAVFDHP5zrUfD6zJ-40aCMtvqNiwCk4w5Gi2jENfBsKl0lD69xE3C5ETO7vnVh7GSR_Fs2QgNME4J8vs2qVTNl1pZkKAuMoCN9RR3DSutaZSsFxpIc9LXRZO9804JN7y-KGwt_doryLjT3HwRrVR9L0JApg7uTSoMmkiW41K3H7_sEh-Q6FSWQ9NqPx7DpuqHV485A.A_58Qq7hHHCnh0UjFKsT_0g4TDlQpoPMwu530KrUCxs&dib_tag=se&keywords=ultrawide+monitor&qid=1733685933&sr=8-97
"Sceptre IPS 34"" White UltraWide Monitor 3440 x 1440p HDR400 1ms up to 144Hz 95% DCI-P3 PIP PBP DisplayPort HDMI USB-C Height Adjustable (E345B-QUN168W)",$299.97,3.9,174.0,https://www.amazon.com/Sceptre-UltraWide-DisplayPort-Adjustable-E345B-QUN168W/dp/B019XETQL2/ref=sr_1_98?dib=eyJ2IjoiMSJ9.a9g4y6dMVm0z2tbU00dI7JOgMkdQkvrtay7-BGAVFDHP5zrUfD6zJ-40aCMtvqNiwCk4w5Gi2jENfBsKl0lD69xE3C5ETO7vnVh7GSR_Fs2QgNME4J8vs2qVTNl1pZkKAuMoCN9RR3DSutaZSsFxpIc9LXRZO9804JN7y-KGwt_doryLjT3HwRrVR9L0JApg7uTSoMmkiW41K3H7_sEh-Q6FSWQ9NqPx7DpuqHV485A.A_58Qq7hHHCnh0UjFKsT_0g4TDlQpoPMwu530KrUCxs&dib_tag=se&keywords=ultrawide+monitor&qid=1733685933&sr=8-98
"NEW LG ULTRAWIDE MONITOR DISPLAY 34 INCH 2560 X 1080 5MS 1000:1 2 HDMI PORTS, 1",$287.99,4.6,234.0,https://www.amazon.com/ULTRAWIDE-MONITOR-DISPLAY-INCH-2560/dp/B092RFGG5T/ref=sr_1_99?dib=eyJ2IjoiMSJ9.a9g4y6dMVm0z2tbU00dI7JOgMkdQkvrtay7-BGAVFDHP5zrUfD6zJ-40aCMtvqNiwCk4w5Gi2jENfBsKl0lD69xE3C5ETO7vnVh7GSR_Fs2QgNME4J8vs2qVTNl1pZkKAuMoCN9RR3DSutaZSsFxpIc9LXRZO9804JN7y-KGwt_doryLjT3HwRrVR9L0JApg7uTSoMmkiW41K3H7_sEh-Q6FSWQ9NqPx7DpuqHV485A.A_58Qq7hHHCnh0UjFKsT_0g4TDlQpoPMwu530KrUCxs&dib_tag=se&keywords=ultrawide+monitor&qid=1733685933&sr=8-99
"SAMSUNG 24"" Essential S3 (S36GD) Series FHD 1800R Curved Computer Monitor, 100Hz, Game Mode, Advanced Eye Comfort, HDMI and D-sub Ports, LS24D366GANXZA, 2024",$89.99,4.1,108.0,https://www.amazon.com/SAMSUNG-Essential-Computer-Advanced-LS24D366GANXZA/dp/B0DB995J8X/ref=sr_1_100?dib=eyJ2IjoiMSJ9.a9g4y6dMVm0z2tbU00dI7JOgMkdQkvrtay7-BGAVFDHP5zrUfD6zJ-40aCMtvqNiwCk4w5Gi2jENfBsKl0lD69xE3C5ETO7vnVh7GSR_Fs2QgNME4J8vs2qVTNl1pZkKAuMoCN9RR3DSutaZSsFxpIc9LXRZO9804JN7y-KGwt_doryLjT3HwRrVR9L0JApg7uTSoMmkiW41K3H7_sEh-Q6FSWQ9NqPx7DpuqHV485A.A_58Qq7hHHCnh0UjFKsT_0g4TDlQpoPMwu530KrUCxs&dib_tag=se&keywords=ultrawide+monitor&qid=1733685933&sr=8-100
"Packard Bell AirFrame 24 "" FHD Monitor, 1920x1080, Ultrawide, VESA Mount Compatible, Tilt Adjustment, HDMI/VGA, Slim Bezel, for Home, Office, and Light Gaming",$74.99,4.3,1769.0,https://www.amazon.com/sspa/click?ie=UTF8&spc=MTo3MTY3NDYzOTk0OTcxOTQ3OjE3MzM2ODU5MzM6c3BfYnRmOjMwMDI5Nzg5NzU0MTQwMjo6MDo6&url=%2FPackard-Bell-AirFrame-Ultra-Slim-Adjustment%2Fdp%2FB08PDP4PRL%2Fref%3Dsr_1_101_sspa%3Fdib%3DeyJ2IjoiMSJ9.a9g4y6dMVm0z2tbU00dI7JOgMkdQkvrtay7-BGAVFDHP5zrUfD6zJ-40aCMtvqNiwCk4w5Gi2jENfBsKl0lD69xE3C5ETO7vnVh7GSR_Fs2QgNME4J8vs2qVTNl1pZkKAuMoCN9RR3DSutaZSsFxpIc9LXRZO9804JN7y-KGwt_doryLjT3HwRrVR9L0JApg7uTSoMmkiW41K3H7_sEh-Q6FSWQ9NqPx7DpuqHV485A.A_58Qq7hHHCnh0UjFKsT_0g4TDlQpoPMwu530KrUCxs%26dib_tag%3Dse%26keywords%3Dultrawide%2Bmonitor%26qid%3D1733685933%26sr%3D8-101-spons%26sp_csd%3Dd2lkZ2V0TmFtZT1zcF9idGY%26psc%3D1
"SANSUI Monitor 27 Inch IPS 100Hz Computer Monitor, USB-C FHD HDR Built-in Speakers HDMI DP RTS/FPS Tilt Adjustable VESA Compatible, for Game and Office (ES-27X3 USB-C Cable & HDMI Cable Included)",$99.99,4.3,3642.0,https://www.amazon.com/sspa/click?ie=UTF8&spc=MTo3MTY3NDYzOTk0OTcxOTQ3OjE3MzM2ODU5MzM6c3BfYnRmOjMwMDI5NzExMTU1MDAwMjo6MDo6&url=%2FSANSUI-Computer-Speakers-Adjustable-Compatible%2Fdp%2FB0D8BKHM75%2Fref%3Dsr_1_102_sspa%3Fdib%3DeyJ2IjoiMSJ9.a9g4y6dMVm0z2tbU00dI7JOgMkdQkvrtay7-BGAVFDHP5zrUfD6zJ-40aCMtvqNiwCk4w5Gi2jENfBsKl0lD69xE3C5ETO7vnVh7GSR_Fs2QgNME4J8vs2qVTNl1pZkKAuMoCN9RR3DSutaZSsFxpIc9LXRZO9804JN7y-KGwt_doryLjT3HwRrVR9L0JApg7uTSoMmkiW41K3H7_sEh-Q6FSWQ9NqPx7DpuqHV485A.A_58Qq7hHHCnh0UjFKsT_0g4TDlQpoPMwu530KrUCxs%26dib_tag%3Dse%26keywords%3Dultrawide%2Bmonitor%26qid%3D1733685933%26sr%3D8-102-spons%26sp_csd%3Dd2lkZ2V0TmFtZT1zcF9idGY%26psc%3D1
"24.5 Inch IPS PC 200Hz Gaming Monitor, FHD 1080p Screen, 1ms Without Bezel, freesync, 99% sRGB, 178 ° Angle View, HDMI、DisplayPort, Compatible with Wall mounting 75 * 75MM - Black",$129.99,4.2,847.0,https://www.amazon.com/sspa/click?ie=UTF8&spc=MTo3NTY4Mzc5MDczNTQ0MTQ4OjE3MzM2ODU5NTQ6c3BfYXRmX25leHQ6MzAwNTc2Mzk4MzMwNzAyOjowOjo&url=%2FGawfolk-freesync-HDMI%25E3%2580%2581DisplayPort-Compatible-mounting%2Fdp%2FB0DJZ8SH7H%2Fref%3Dsr_1_97_sspa%3Fdib%3DeyJ2IjoiMSJ9.cfFkBipCMIs-E7GivZp4OUpStSP_HaaSqRCjD4FkeIQaZup2zxRlEDxW8XFas_yRtOs35Ql-uGmCnPFYwR0YxCdWdoKSXwCOVK0plQvFh0ORipDWahV_58XTewcurb_HXmqkbRl4yV5ltSKgbGjp51IyvOh78YtyixPLbCT4yf2Fm8n4sDCyqLCgcdx5VPJnU0SAOWHCCmXb0HnWDAzHtLdPEq_lUHK04zr5FReE04Y.x2HzM6qH1QN5I0WYbqGAJGP8bKn085_hipJ5kFWvnHE%26dib_tag%3Dse%26keywords%3Dultrawide%2Bmonitor%26qid%3D1733685954%26sr%3D8-97-spons%26sp_csd%3Dd2lkZ2V0TmFtZT1zcF9hdGZfbmV4dA%26psc%3D1
"Heavy Duty Monitor Arm for Ultrawide Monitors up to 57"" and 44 lbs, Single Desk Stand, Pneumatic Height Adjustable, Modular Extension Arms - Max VESA 100x100, White, MA20PW-S",$159.99,4.4,147.0,https://www.amazon.com/sspa/click?ie=UTF8&spc=MTo3NTY4Mzc5MDczNTQ0MTQ4OjE3MzM2ODU5NTQ6c3BfYXRmX25leHQ6MzAwNDU0NTUzMTgxMTAyOjowOjo&url=%2FULTRARM-Ultrawide-Pneumatic-Adjustable-Extension%2Fdp%2FB0CZ7XG84D%2Fref%3Dsr_1_98_sspa%3Fdib%3DeyJ2IjoiMSJ9.cfFkBipCMIs-E7GivZp4OUpStSP_HaaSqRCjD4FkeIQaZup2zxRlEDxW8XFas_yRtOs35Ql-uGmCnPFYwR0YxCdWdoKSXwCOVK0plQvFh0ORipDWahV_58XTewcurb_HXmqkbRl4yV5ltSKgbGjp51IyvOh78YtyixPLbCT4yf2Fm8n4sDCyqLCgcdx5VPJnU0SAOWHCCmXb0HnWDAzHtLdPEq_lUHK04zr5FReE04Y.x2HzM6qH1QN5I0WYbqGAJGP8bKn085_hipJ5kFWvnHE%26dib_tag%3Dse%26keywords%3Dultrawide%2Bmonitor%26qid%3D1733685954%26sr%3D8-98-spons%26sp_csd%3Dd2lkZ2V0TmFtZT1zcF9hdGZfbmV4dA%26psc%3D1
"SAMSUNG 24"" Essential S3 (S36GD) Series FHD 1800R Curved Computer Monitor, 100Hz, Game Mode, Advanced Eye Comfort, HDMI and D-sub Ports, LS24D366GANXZA, 2024",$89.99,4.1,108.0,https://www.amazon.com/SAMSUNG-Essential-Computer-Advanced-LS24D366GANXZA/dp/B0DB995J8X/ref=sr_1_99?dib=eyJ2IjoiMSJ9.cfFkBipCMIs-E7GivZp4OUpStSP_HaaSqRCjD4FkeIQaZup2zxRlEDxW8XFas_yRtOs35Ql-uGmCnPFYwR0YxCdWdoKSXwCOVK0plQvFh0ORipDWahV_58XTewcurb_HXmqkbRl4yV5ltSKgbGjp51IyvOh78YtyixPLbCT4yf2Fm8n4sDCyqLCgcdx5VPJnU0SAOWHCCmXb0HnWDAzHtLdPEq_lUHK04zr5FReE04Y.x2HzM6qH1QN5I0WYbqGAJGP8bKn085_hipJ5kFWvnHE&dib_tag=se&keywords=ultrawide+monitor&qid=1733685954&sr=8-99
"ASUS ROG Strix 34” Gaming Monitor (XG349C) - UWQHD (3440 x 1440), 180Hz, 1ms, Extreme Low Motion Blur Sync, 135% sRGB, G-Sync Compatible, DisplayHDR 400, Eye Care, USB-C, DisplayPort, HDMI, Black",$649.99,4.4,374.0,https://www.amazon.com/ASUS-Ultra-wide-Gaming-Monitor-XG349C/dp/B0966ZFKJK/ref=sr_1_100?dib=eyJ2IjoiMSJ9.cfFkBipCMIs-E7GivZp4OUpStSP_HaaSqRCjD4FkeIQaZup2zxRlEDxW8XFas_yRtOs35Ql-uGmCnPFYwR0YxCdWdoKSXwCOVK0plQvFh0ORipDWahV_58XTewcurb_HXmqkbRl4yV5ltSKgbGjp51IyvOh78YtyixPLbCT4yf2Fm8n4sDCyqLCgcdx5VPJnU0SAOWHCCmXb0HnWDAzHtLdPEq_lUHK04zr5FReE04Y.x2HzM6qH1QN5I0WYbqGAJGP8bKn085_hipJ5kFWvnHE&dib_tag=se&keywords=ultrawide+monitor&qid=1733685954&sr=8-100
"SANSUI 32 Inch Curved 240Hz Gaming Monitor High Refresh Rate, FHD 1080P Gaming PC Monitor HDMI 2.1×2, DP 1.4×2, Curved 1500R, 1ms(OD), HDR, VESA Compatible (ES-G32C3F One DP Cable Included)",$259.99,4.4,1565.0,https://www.amazon.com/SANSUI-Monitor-Compatible-ES-G32C3F-Included/dp/B0DD7GPXFH/ref=sr_1_101?dib=eyJ2IjoiMSJ9.cfFkBipCMIs-E7GivZp4OUpStSP_HaaSqRCjD4FkeIQaZup2zxRlEDxW8XFas_yRtOs35Ql-uGmCnPFYwR0YxCdWdoKSXwCOVK0plQvFh0ORipDWahV_58XTewcurb_HXmqkbRl4yV5ltSKgbGjp51IyvOh78YtyixPLbCT4yf2Fm8n4sDCyqLCgcdx5VPJnU0SAOWHCCmXb0HnWDAzHtLdPEq_lUHK04zr5FReE04Y.x2HzM6qH1QN5I0WYbqGAJGP8bKn085_hipJ5kFWvnHE&dib_tag=se&keywords=ultrawide+monitor&qid=1733685954&sr=8-101
"LG UltraFine UHD 27-Inch 4K UHD 2160p Computer Monitor 27UN850-W, IPS with VESA DisplayHDR 400, AMD FreeSync, and USB-C, White,Silver",$339.87,4.5,2300.0,https://www.amazon.com/LG-27UN850-W-DisplayHDR-Borderless-Adjustable/dp/B08CVTTNN4/ref=sr_1_102?dib=eyJ2IjoiMSJ9.cfFkBipCMIs-E7GivZp4OUpStSP_HaaSqRCjD4FkeIQaZup2zxRlEDxW8XFas_yRtOs35Ql-uGmCnPFYwR0YxCdWdoKSXwCOVK0plQvFh0ORipDWahV_58XTewcurb_HXmqkbRl4yV5ltSKgbGjp51IyvOh78YtyixPLbCT4yf2Fm8n4sDCyqLCgcdx5VPJnU0SAOWHCCmXb0HnWDAzHtLdPEq_lUHK04zr5FReE04Y.x2HzM6qH1QN5I0WYbqGAJGP8bKn085_hipJ5kFWvnHE&dib_tag=se&keywords=ultrawide+monitor&qid=1733685954&sr=8-102
LG 27US500-W Ultrafine Monitor 27-Inch 4K UHD (3840x2160) HDR10 IPS Borderless Design Reader Mode Flicker Safe Switch App HDMI DisplayPort - White,$237.80,4.5,3514.0,https://www.amazon.com/LG-27US500-W-Ultrafine-Borderless-DisplayPort/dp/B0D9R7Q449/ref=sr_1_103?dib=eyJ2IjoiMSJ9.cfFkBipCMIs-E7GivZp4OUpStSP_HaaSqRCjD4FkeIQaZup2zxRlEDxW8XFas_yRtOs35Ql-uGmCnPFYwR0YxCdWdoKSXwCOVK0plQvFh0ORipDWahV_58XTewcurb_HXmqkbRl4yV5ltSKgbGjp51IyvOh78YtyixPLbCT4yf2Fm8n4sDCyqLCgcdx5VPJnU0SAOWHCCmXb0HnWDAzHtLdPEq_lUHK04zr5FReE04Y.x2HzM6qH1QN5I0WYbqGAJGP8bKn085_hipJ5kFWvnHE&dib_tag=se&keywords=ultrawide+monitor&qid=1733685954&sr=8-103
"Z-Edge 30 inch 144Hz/200Hz Curved Gaming Monitor, 1080P Computer Monitor, UG30 21:9 Ultra Wide, 1500R/1ms MPRT, Frameless/Slim PC Monitor with HDMI/DP Display Port, Freesync Compatible, VESA",$199.99,4.3,648.0,https://www.amazon.com/Z-Edge-30-inch-Curved-Gaming-Monitor/dp/B08H5K5QYX/ref=sr_1_104?dib=eyJ2IjoiMSJ9.cfFkBipCMIs-E7GivZp4OUpStSP_HaaSqRCjD4FkeIQaZup2zxRlEDxW8XFas_yRtOs35Ql-uGmCnPFYwR0YxCdWdoKSXwCOVK0plQvFh0ORipDWahV_58XTewcurb_HXmqkbRl4yV5ltSKgbGjp51IyvOh78YtyixPLbCT4yf2Fm8n4sDCyqLCgcdx5VPJnU0SAOWHCCmXb0HnWDAzHtLdPEq_lUHK04zr5FReE04Y.x2HzM6qH1QN5I0WYbqGAJGP8bKn085_hipJ5kFWvnHE&dib_tag=se&keywords=ultrawide+monitor&qid=1733685954&sr=8-104
"Sceptre 4K IPS 27"" 3840 x 2160 UHD Monitor up to 70Hz DisplayPort HDMI 99% sRGB Build-in Speakers, Black 2021 (U275W-UPT)",$179.97,4.4,1601.0,https://www.amazon.com/Sceptre-Monitor-DisplayPort-Speakers-U275W-UPT/dp/B098HQ8YRX/ref=sr_1_105?dib=eyJ2IjoiMSJ9.cfFkBipCMIs-E7GivZp4OUpStSP_HaaSqRCjD4FkeIQaZup2zxRlEDxW8XFas_yRtOs35Ql-uGmCnPFYwR0YxCdWdoKSXwCOVK0plQvFh0ORipDWahV_58XTewcurb_HXmqkbRl4yV5ltSKgbGjp51IyvOh78YtyixPLbCT4yf2Fm8n4sDCyqLCgcdx5VPJnU0SAOWHCCmXb0HnWDAzHtLdPEq_lUHK04zr5FReE04Y.x2HzM6qH1QN5I0WYbqGAJGP8bKn085_hipJ5kFWvnHE&dib_tag=se&keywords=ultrawide+monitor&qid=1733685954&sr=8-105
Pixio PXC348C 34 inch 165Hz Refresh Rate UWQHD 1440p Ultrawide Resolution 1500R Curve VA Panel 1ms Response Time USB-C Displayport 65W Charging AMD FreeSync Premium HDR Curved Gaming Monitor,$329.99,4.5,3512.0,https://www.amazon.com/Pixio-PXC348C-Ultrawide-Displayport-Charging/dp/B09R93VLLV/ref=sr_1_106?dib=eyJ2IjoiMSJ9.cfFkBipCMIs-E7GivZp4OUpStSP_HaaSqRCjD4FkeIQaZup2zxRlEDxW8XFas_yRtOs35Ql-uGmCnPFYwR0YxCdWdoKSXwCOVK0plQvFh0ORipDWahV_58XTewcurb_HXmqkbRl4yV5ltSKgbGjp51IyvOh78YtyixPLbCT4yf2Fm8n4sDCyqLCgcdx5VPJnU0SAOWHCCmXb0HnWDAzHtLdPEq_lUHK04zr5FReE04Y.x2HzM6qH1QN5I0WYbqGAJGP8bKn085_hipJ5kFWvnHE&dib_tag=se&keywords=ultrawide+monitor&qid=1733685954&sr=8-106
"Single Arm Monitor Mount for 17-45 inches Monitors,Holds 35.2lbs,Heavy Duty Monitor arm with 20 RGB Lighting Effects,Ultrawide Monitor Arm for Curved Flat Monitors, Gray",$109.99,4.2,4.0,https://www.amazon.com/sspa/click?ie=UTF8&spc=MTo3NTY4Mzc5MDczNTQ0MTQ4OjE3MzM2ODU5NTQ6c3BfbXRmOjMwMDU4MjM5MTI0NDIwMjo6MDo6&url=%2FARES-WING-Monitors-Lighting-Ultrawide%2Fdp%2FB0DHS35B8X%2Fref%3Dsr_1_107_sspa%3Fdib%3DeyJ2IjoiMSJ9.cfFkBipCMIs-E7GivZp4OUpStSP_HaaSqRCjD4FkeIQaZup2zxRlEDxW8XFas_yRtOs35Ql-uGmCnPFYwR0YxCdWdoKSXwCOVK0plQvFh0ORipDWahV_58XTewcurb_HXmqkbRl4yV5ltSKgbGjp51IyvOh78YtyixPLbCT4yf2Fm8n4sDCyqLCgcdx5VPJnU0SAOWHCCmXb0HnWDAzHtLdPEq_lUHK04zr5FReE04Y.x2HzM6qH1QN5I0WYbqGAJGP8bKn085_hipJ5kFWvnHE%26dib_tag%3Dse%26keywords%3Dultrawide%2Bmonitor%26qid%3D1733685954%26sr%3D8-107-spons%26sp_csd%3Dd2lkZ2V0TmFtZT1zcF9tdGY%26psc%3D1
"34 Inch Ultrawide Curved Gaming Monitor, UWQHD (3440 x 1440p) 165Hz Frameless 90% DCI-P3 1500R Display Port & HDMI Adjustable Computer Monitor Support 75 x 75mm VESA RIQ34-4K165HZ",$269.99,3.6,4.0,https://www.amazon.com/sspa/click?ie=UTF8&spc=MTo3NTY4Mzc5MDczNTQ0MTQ4OjE3MzM2ODU5NTQ6c3BfbXRmOjMwMDI3NDgyNjI4NTYwMjo6MDo6&url=%2F51RISC-34-Gaming-Monitor-RIQ34-4K165HZ%2Fdp%2FB0D2HDQ62M%2Fref%3Dsr_1_108_sspa%3Fdib%3DeyJ2IjoiMSJ9.cfFkBipCMIs-E7GivZp4OUpStSP_HaaSqRCjD4FkeIQaZup2zxRlEDxW8XFas_yRtOs35Ql-uGmCnPFYwR0YxCdWdoKSXwCOVK0plQvFh0ORipDWahV_58XTewcurb_HXmqkbRl4yV5ltSKgbGjp51IyvOh78YtyixPLbCT4yf2Fm8n4sDCyqLCgcdx5VPJnU0SAOWHCCmXb0HnWDAzHtLdPEq_lUHK04zr5FReE04Y.x2HzM6qH1QN5I0WYbqGAJGP8bKn085_hipJ5kFWvnHE%26dib_tag%3Dse%26keywords%3Dultrawide%2Bmonitor%26qid%3D1733685954%26sr%3D8-108-spons%26sp_csd%3Dd2lkZ2V0TmFtZT1zcF9tdGY%26psc%3D1
"SAMSUNG 32-Inch ViewFinity S7 (S70D) Series 4K UHD High Resolution Monitor with HDR10, Multiple Ports, Easy Setup Stand, Advanced Eye Care, LS32D702EANXGO, 2024",$249.99,4.2,4905.0,https://www.amazon.com/SAMSUNG-ViewFinity-Resolution-Multiple-LS32D702EANXGO/dp/B0D1DFRKNG/ref=sr_1_110?dib=eyJ2IjoiMSJ9.cfFkBipCMIs-E7GivZp4OUpStSP_HaaSqRCjD4FkeIQaZup2zxRlEDxW8XFas_yRtOs35Ql-uGmCnPFYwR0YxCdWdoKSXwCOVK0plQvFh0ORipDWahV_58XTewcurb_HXmqkbRl4yV5ltSKgbGjp51IyvOh78YtyixPLbCT4yf2Fm8n4sDCyqLCgcdx5VPJnU0SAOWHCCmXb0HnWDAzHtLdPEq_lUHK04zr5FReE04Y.x2HzM6qH1QN5I0WYbqGAJGP8bKn085_hipJ5kFWvnHE&dib_tag=se&keywords=ultrawide+monitor&qid=1733685954&sr=8-110
"ASUS ROG Swift 49” Curved QD-OLED Gaming Monitor (PG49WCD) - Dual QHD 32:9 (5120x1440), 144Hz, 0.03ms, G-SYNC Compatible, Smart-KVM, 90W USB-C PD","$1,114.96",3.4,55.0,https://www.amazon.com/ASUS-Curved-QD-OLED-Monitor-PG49WCD/dp/B0CDFHY8TP/ref=sr_1_111?dib=eyJ2IjoiMSJ9.cfFkBipCMIs-E7GivZp4OUpStSP_HaaSqRCjD4FkeIQaZup2zxRlEDxW8XFas_yRtOs35Ql-uGmCnPFYwR0YxCdWdoKSXwCOVK0plQvFh0ORipDWahV_58XTewcurb_HXmqkbRl4yV5ltSKgbGjp51IyvOh78YtyixPLbCT4yf2Fm8n4sDCyqLCgcdx5VPJnU0SAOWHCCmXb0HnWDAzHtLdPEq_lUHK04zr5FReE04Y.x2HzM6qH1QN5I0WYbqGAJGP8bKn085_hipJ5kFWvnHE&dib_tag=se&keywords=ultrawide+monitor&qid=1733685954&sr=8-111
"Sceptre 34-inch Curved UltraWide 21: 9 Creative LED Monitor 2560x1080 Frameless HDMI DisplayPort Up to 100Hz, Machine Black 2020 (C345W-2560UN)",$249.97,4.6,2098.0,https://www.amazon.com/Sceptre-C345W-2560UN-34-inch-Curved-Ultrawide/dp/B0812DHWCJ/ref=sr_1_112?dib=eyJ2IjoiMSJ9.cfFkBipCMIs-E7GivZp4OUpStSP_HaaSqRCjD4FkeIQaZup2zxRlEDxW8XFas_yRtOs35Ql-uGmCnPFYwR0YxCdWdoKSXwCOVK0plQvFh0ORipDWahV_58XTewcurb_HXmqkbRl4yV5ltSKgbGjp51IyvOh78YtyixPLbCT4yf2Fm8n4sDCyqLCgcdx5VPJnU0SAOWHCCmXb0HnWDAzHtLdPEq_lUHK04zr5FReE04Y.x2HzM6qH1QN5I0WYbqGAJGP8bKn085_hipJ5kFWvnHE&dib_tag=se&keywords=ultrawide+monitor&qid=1733685954&sr=8-112
LG 40BP95C-W 39.7'' Curved UltraWide 5K2K Nano IPS Monitor with Thunderbolt 4 Connectivity,"$1,201.68",4.5,8.0,https://www.amazon.com/LG-BP95C-W-Curved-UltraWide-Display/dp/B0B1NRCJK7/ref=sr_1_113?dib=eyJ2IjoiMSJ9.cfFkBipCMIs-E7GivZp4OUpStSP_HaaSqRCjD4FkeIQaZup2zxRlEDxW8XFas_yRtOs35Ql-uGmCnPFYwR0YxCdWdoKSXwCOVK0plQvFh0ORipDWahV_58XTewcurb_HXmqkbRl4yV5ltSKgbGjp51IyvOh78YtyixPLbCT4yf2Fm8n4sDCyqLCgcdx5VPJnU0SAOWHCCmXb0HnWDAzHtLdPEq_lUHK04zr5FReE04Y.x2HzM6qH1QN5I0WYbqGAJGP8bKn085_hipJ5kFWvnHE&dib_tag=se&keywords=ultrawide+monitor&qid=1733685954&sr=8-113
"PHILIPS 241E1SCA Curved 24 inch Full HD (1920 x 1080) Monitor, 1500R, HDMI x1, VGA x1, AMD FreeSync, Built-in Speakers, LowBlue Mode, VESA Compatible, 4 Year Advance Replacement Warranty",$84.99,4.6,5233.0,https://www.amazon.com/241E1SCA-FreeSync-Speakers-Compatible-Replacement/dp/B0CZ1XCFB5/ref=sr_1_115?dib=eyJ2IjoiMSJ9.cfFkBipCMIs-E7GivZp4OUpStSP_HaaSqRCjD4FkeIQaZup2zxRlEDxW8XFas_yRtOs35Ql-uGmCnPFYwR0YxCdWdoKSXwCOVK0plQvFh0ORipDWahV_58XTewcurb_HXmqkbRl4yV5ltSKgbGjp51IyvOh78YtyixPLbCT4yf2Fm8n4sDCyqLCgcdx5VPJnU0SAOWHCCmXb0HnWDAzHtLdPEq_lUHK04zr5FReE04Y.x2HzM6qH1QN5I0WYbqGAJGP8bKn085_hipJ5kFWvnHE&dib_tag=se&keywords=ultrawide+monitor&qid=1733685954&sr=8-115
"BenQ PD3420Q Ultrawide Creator Monitor for Macbook 34"" WQHD 1440p | 100% Rec.709 & sRGB, 98% P3 | IPS | DeltaE ≤3 | Pantone | AQCOLOR | KVM | Calibration Report | Erognomic | USB-C (65W) | USB Hub",$599.99,4.3,464.0,https://www.amazon.com/BenQ-PD3420Q-34-21-Monitor/dp/B08655R9L3/ref=sr_1_116?dib=eyJ2IjoiMSJ9.cfFkBipCMIs-E7GivZp4OUpStSP_HaaSqRCjD4FkeIQaZup2zxRlEDxW8XFas_yRtOs35Ql-uGmCnPFYwR0YxCdWdoKSXwCOVK0plQvFh0ORipDWahV_58XTewcurb_HXmqkbRl4yV5ltSKgbGjp51IyvOh78YtyixPLbCT4yf2Fm8n4sDCyqLCgcdx5VPJnU0SAOWHCCmXb0HnWDAzHtLdPEq_lUHK04zr5FReE04Y.x2HzM6qH1QN5I0WYbqGAJGP8bKn085_hipJ5kFWvnHE&dib_tag=se&keywords=ultrawide+monitor&qid=1733685954&sr=8-116
"KTC 32 Inch 2K Computer Monitor, IPS 1440p Monitor with Ultra-Thin Bezels, HDR10, Freesync/G-sync, HDMI/DP Ports, Tilt Adjustable, Eyecare, Ideal for Business, Office, and Casual Gaming",$189.99,4.4,387.0,https://www.amazon.com/sspa/click?ie=UTF8&spc=MTo3NTY4Mzc5MDczNTQ0MTQ4OjE3MzM2ODU5NTQ6c3BfYnRmOjMwMDE0NzM1ODkxOTUwMjo6MDo6&url=%2FKTC-Computer-Ultra-Thin-Freesync-Adjustable%2Fdp%2FB0CSX7KP54%2Fref%3Dsr_1_117_sspa%3Fdib%3DeyJ2IjoiMSJ9.cfFkBipCMIs-E7GivZp4OUpStSP_HaaSqRCjD4FkeIQaZup2zxRlEDxW8XFas_yRtOs35Ql-uGmCnPFYwR0YxCdWdoKSXwCOVK0plQvFh0ORipDWahV_58XTewcurb_HXmqkbRl4yV5ltSKgbGjp51IyvOh78YtyixPLbCT4yf2Fm8n4sDCyqLCgcdx5VPJnU0SAOWHCCmXb0HnWDAzHtLdPEq_lUHK04zr5FReE04Y.x2HzM6qH1QN5I0WYbqGAJGP8bKn085_hipJ5kFWvnHE%26dib_tag%3Dse%26keywords%3Dultrawide%2Bmonitor%26qid%3D1733685954%26sr%3D8-117-spons%26sp_csd%3Dd2lkZ2V0TmFtZT1zcF9idGY%26psc%3D1
"KTC 32 Inch Curved Gaming Monitor, FHD 1080P 165Hz PC Monitor, 1500R, 122% sRGB with HDR, FreeSync Premium, HDMI 2.0x2, DisplayPort 1.4, VESA Compatible, Tilt Adjustable, Eye Care, H32S17C",$199.99,4.4,139.0,https://www.amazon.com/sspa/click?ie=UTF8&spc=MTo3NTY4Mzc5MDczNTQ0MTQ4OjE3MzM2ODU5NTQ6c3BfYnRmOjMwMDE0NzAzMjE4MDgwMjo6MDo6&url=%2FKTC-DisplayPort-Compatible-Adjustable-H32S17C%2Fdp%2FB0CT4HXVZX%2Fref%3Dsr_1_118_sspa%3Fdib%3DeyJ2IjoiMSJ9.cfFkBipCMIs-E7GivZp4OUpStSP_HaaSqRCjD4FkeIQaZup2zxRlEDxW8XFas_yRtOs35Ql-uGmCnPFYwR0YxCdWdoKSXwCOVK0plQvFh0ORipDWahV_58XTewcurb_HXmqkbRl4yV5ltSKgbGjp51IyvOh78YtyixPLbCT4yf2Fm8n4sDCyqLCgcdx5VPJnU0SAOWHCCmXb0HnWDAzHtLdPEq_lUHK04zr5FReE04Y.x2HzM6qH1QN5I0WYbqGAJGP8bKn085_hipJ5kFWvnHE%26dib_tag%3Dse%26keywords%3Dultrawide%2Bmonitor%26qid%3D1733685954%26sr%3D8-118-spons%26sp_csd%3Dd2lkZ2V0TmFtZT1zcF9idGY%26psc%3D1
"AOC CU32V3 32"" Super-Curved 4K UHD monitor, 1500R Curved VA, 4ms, 121% sRGB Coverage / 90% DCI-P3, HDMI 2.0/DisplayPort, VESA, Black",$234.99,4.3,2997.0,https://www.amazon.com/AOC-CU32V3-Super-Curved-Coverage-DisplayPort/dp/B083TDZJD7/ref=sr_1_115?dib=eyJ2IjoiMSJ9.cD1MBFCGx4yoZfIXjrjxekEGPUAk8aZSIb8nrF7LQVbukP-8Wicqah4yhCtt-20D4kahZ2-eq5u3NWgzSojvP_b-mlZOAmBndfBIrQ6qxNchYRzByZQC_fn9j-t9kgHny15DQS82dnwCoSxRZ-q-Wj2mOosaWIqKU-DIvWQ7D2hKxTyATAObH-8sv0QBBcHg1mbOhik83q-ykBPZVSmOAGqOHDAbl6bNF_XxPkG7gYM.MDtVzAvfuuUTmEoinXtmjkqk2fpsyLUf0FsjaAEttJU&dib_tag=se&keywords=ultrawide+monitor&qid=1733685969&sr=8-115
"38inch Curved Ultrawide Gaming Monitor,4K144Hz,UWQHD(3840 x 1600p) R2500 Frameless,DCI-P3, 99% sRGB, 1ms Response Time, Eyecare ，FreeSync,HDMI2.0(TMDS) x2,DP1.4 x2",$599.99,4.0,102.0,https://www.amazon.com/Sealan-Ultrawide-Frameless-Response-%EF%BC%8CFreeSync/dp/B0DCKG6V5N/ref=sr_1_116?dib=eyJ2IjoiMSJ9.cD1MBFCGx4yoZfIXjrjxekEGPUAk8aZSIb8nrF7LQVbukP-8Wicqah4yhCtt-20D4kahZ2-eq5u3NWgzSojvP_b-mlZOAmBndfBIrQ6qxNchYRzByZQC_fn9j-t9kgHny15DQS82dnwCoSxRZ-q-Wj2mOosaWIqKU-DIvWQ7D2hKxTyATAObH-8sv0QBBcHg1mbOhik83q-ykBPZVSmOAGqOHDAbl6bNF_XxPkG7gYM.MDtVzAvfuuUTmEoinXtmjkqk2fpsyLUf0FsjaAEttJU&dib_tag=se&keywords=ultrawide+monitor&qid=1733685969&sr=8-116
"Dell UltraSharp U3824DW 38'' WQHD(3840 x 1600) 60 Hz Curved Screen WLED LCD Monitor 21:9 USB-C Hub 37.52 with IPS Black Panel Technology, 5ms Response Time, Height, Swivel, Tilt Adjustability",$919.99,5.0,8.0,https://www.amazon.com/Dell-UltraSharp-U3824DW-Curved-Monitor/dp/B0CG2MPQYF/ref=sr_1_117?dib=eyJ2IjoiMSJ9.cD1MBFCGx4yoZfIXjrjxekEGPUAk8aZSIb8nrF7LQVbukP-8Wicqah4yhCtt-20D4kahZ2-eq5u3NWgzSojvP_b-mlZOAmBndfBIrQ6qxNchYRzByZQC_fn9j-t9kgHny15DQS82dnwCoSxRZ-q-Wj2mOosaWIqKU-DIvWQ7D2hKxTyATAObH-8sv0QBBcHg1mbOhik83q-ykBPZVSmOAGqOHDAbl6bNF_XxPkG7gYM.MDtVzAvfuuUTmEoinXtmjkqk2fpsyLUf0FsjaAEttJU&dib_tag=se&keywords=ultrawide+monitor&qid=1733685969&sr=8-117
"BenQ EW3880R Premium Curved Ultrawide Monitor 38"" WQHD w/ Remote | IPS | 2300R Curve | HDRi | Eye-Care Tech | Height, Swivel & Tilt | 2.1ch w/ 8w Subwoofer | DisplayPort |HDMI | USB-C | USB Hub,Black",$999.00,4.5,4765.0,https://www.amazon.com/BenQ-EW3880R-Ultrawide-optimization-Adjustable/dp/B09C2SY8B4/ref=sr_1_118?dib=eyJ2IjoiMSJ9.cD1MBFCGx4yoZfIXjrjxekEGPUAk8aZSIb8nrF7LQVbukP-8Wicqah4yhCtt-20D4kahZ2-eq5u3NWgzSojvP_b-mlZOAmBndfBIrQ6qxNchYRzByZQC_fn9j-t9kgHny15DQS82dnwCoSxRZ-q-Wj2mOosaWIqKU-DIvWQ7D2hKxTyATAObH-8sv0QBBcHg1mbOhik83q-ykBPZVSmOAGqOHDAbl6bNF_XxPkG7gYM.MDtVzAvfuuUTmEoinXtmjkqk2fpsyLUf0FsjaAEttJU&dib_tag=se&keywords=ultrawide+monitor&qid=1733685969&sr=8-118
"Sceptre 35-inch Curved UltraWide 21: 9 Creative Monitor QHD 3440x1440 HDR400 Frameless AMD Freesync HDMI DisplayPort Picture by Picture, 99% sRGB Machine Black (C355W-3440UN series)",$379.97,4.4,3873.0,https://www.amazon.com/Sceptre-C355W-3440UN-Super-Curved-Ultrawide/dp/B0812DKDD9/ref=sr_1_119?dib=eyJ2IjoiMSJ9.cD1MBFCGx4yoZfIXjrjxekEGPUAk8aZSIb8nrF7LQVbukP-8Wicqah4yhCtt-20D4kahZ2-eq5u3NWgzSojvP_b-mlZOAmBndfBIrQ6qxNchYRzByZQC_fn9j-t9kgHny15DQS82dnwCoSxRZ-q-Wj2mOosaWIqKU-DIvWQ7D2hKxTyATAObH-8sv0QBBcHg1mbOhik83q-ykBPZVSmOAGqOHDAbl6bNF_XxPkG7gYM.MDtVzAvfuuUTmEoinXtmjkqk2fpsyLUf0FsjaAEttJU&dib_tag=se&keywords=ultrawide+monitor&qid=1733685969&sr=8-119
"LG Smart Monitor (43SQ700S) -43-Inch 4K UHD(3840x2160) IPS Display, webOS Smart Monitor, ThinQ Home, Magic Remote, USB Type-C, 2X Stereo Speakers, AirPlay 2, Screen Share, Bluetooth,White",$496.99,4.2,1065.0,https://www.amazon.com/LG-43SQ700S-43-Inch-3840x2160-Bluetooth/dp/B0C251N7S5/ref=sr_1_120?dib=eyJ2IjoiMSJ9.cD1MBFCGx4yoZfIXjrjxekEGPUAk8aZSIb8nrF7LQVbukP-8Wicqah4yhCtt-20D4kahZ2-eq5u3NWgzSojvP_b-mlZOAmBndfBIrQ6qxNchYRzByZQC_fn9j-t9kgHny15DQS82dnwCoSxRZ-q-Wj2mOosaWIqKU-DIvWQ7D2hKxTyATAObH-8sv0QBBcHg1mbOhik83q-ykBPZVSmOAGqOHDAbl6bNF_XxPkG7gYM.MDtVzAvfuuUTmEoinXtmjkqk2fpsyLUf0FsjaAEttJU&dib_tag=se&keywords=ultrawide+monitor&qid=1733685969&sr=8-120
"34 Inch Curved Monitor, Ultra Wide QHD 1440p Gaming Monitor 180Hz, 100% sRGB, 1MS, FreeSync, HDMI DP Computer Monitor Built-in Speakers, 1500R WQHD 3440x1440 Gamer Monitor With Back RGB Lights",$259.99,3.6,4.0,https://www.amazon.com/XGaming-FreeSync-Computer-Speakers-3440x1440/dp/B0D5QZRQF5/ref=sr_1_121?dib=eyJ2IjoiMSJ9.cD1MBFCGx4yoZfIXjrjxekEGPUAk8aZSIb8nrF7LQVbukP-8Wicqah4yhCtt-20D4kahZ2-eq5u3NWgzSojvP_b-mlZOAmBndfBIrQ6qxNchYRzByZQC_fn9j-t9kgHny15DQS82dnwCoSxRZ-q-Wj2mOosaWIqKU-DIvWQ7D2hKxTyATAObH-8sv0QBBcHg1mbOhik83q-ykBPZVSmOAGqOHDAbl6bNF_XxPkG7gYM.MDtVzAvfuuUTmEoinXtmjkqk2fpsyLUf0FsjaAEttJU&dib_tag=se&keywords=ultrawide+monitor&qid=1733685969&sr=8-121
"Dell 34 Inch Ultrawide , WQHD (Wide Quad High Definition), Curved USB-C Monitor (P3421W), 3440 x 1440 at 60Hz, 3800R Curvature, 1.07 Billion Colors, Adjustable, Black",$618.00,4.3,243.0,https://www.amazon.com/Dell-34-inch-Ultrawide-Monitor-P3421W/dp/B08MWY9THF/ref=sr_1_122?dib=eyJ2IjoiMSJ9.cD1MBFCGx4yoZfIXjrjxekEGPUAk8aZSIb8nrF7LQVbukP-8Wicqah4yhCtt-20D4kahZ2-eq5u3NWgzSojvP_b-mlZOAmBndfBIrQ6qxNchYRzByZQC_fn9j-t9kgHny15DQS82dnwCoSxRZ-q-Wj2mOosaWIqKU-DIvWQ7D2hKxTyATAObH-8sv0QBBcHg1mbOhik83q-ykBPZVSmOAGqOHDAbl6bNF_XxPkG7gYM.MDtVzAvfuuUTmEoinXtmjkqk2fpsyLUf0FsjaAEttJU&dib_tag=se&keywords=ultrawide+monitor&qid=1733685969&sr=8-122
"ViewSonic VG3456A 34 Inch 21:9 Ultrawide QHD 1440p IPS Monitor with Ergonomic Design, 100W USB C, Docking Built-in, Gigabit Ethernet RJ54 for Home and Office",$549.99,4.7,17.0,https://www.amazon.com/sspa/click?ie=UTF8&spc=MTo3MDY2MzY3NTQxNzMxMjg2OjE3MzM2ODU5Njk6c3BfbXRmOjMwMDI2NDM3NDEzOTcwMjo6MDo6&url=%2FViewSonic-VG3456A-Inch-UltraWide-Built%2Fdp%2FB0CL716B7V%2Fref%3Dsr_1_123_sspa%3Fdib%3DeyJ2IjoiMSJ9.cD1MBFCGx4yoZfIXjrjxekEGPUAk8aZSIb8nrF7LQVbukP-8Wicqah4yhCtt-20D4kahZ2-eq5u3NWgzSojvP_b-mlZOAmBndfBIrQ6qxNchYRzByZQC_fn9j-t9kgHny15DQS82dnwCoSxRZ-q-Wj2mOosaWIqKU-DIvWQ7D2hKxTyATAObH-8sv0QBBcHg1mbOhik83q-ykBPZVSmOAGqOHDAbl6bNF_XxPkG7gYM.MDtVzAvfuuUTmEoinXtmjkqk2fpsyLUf0FsjaAEttJU%26dib_tag%3Dse%26keywords%3Dultrawide%2Bmonitor%26qid%3D1733685969%26sr%3D8-123-spons%26sp_csd%3Dd2lkZ2V0TmFtZT1zcF9tdGY%26psc%3D1
"INNOCN 49"" 240Hz Curved Monitor Ultrawide Gaming QHD 5120 x 1440P Computer Monitor, R1800, 99% sRGB, HDR400, USB Type C, DisplayPort, HDMI, Built-in Speakers, Height/Tilt Adjustable - 49C1S",$949.99,4.3,502.0,https://www.amazon.com/INNOCN-Ultrawide-Computer-DisplayPort-Adjustable/dp/B0D1VHBPQT/ref=sr_1_125?dib=eyJ2IjoiMSJ9.cD1MBFCGx4yoZfIXjrjxekEGPUAk8aZSIb8nrF7LQVbukP-8Wicqah4yhCtt-20D4kahZ2-eq5u3NWgzSojvP_b-mlZOAmBndfBIrQ6qxNchYRzByZQC_fn9j-t9kgHny15DQS82dnwCoSxRZ-q-Wj2mOosaWIqKU-DIvWQ7D2hKxTyATAObH-8sv0QBBcHg1mbOhik83q-ykBPZVSmOAGqOHDAbl6bNF_XxPkG7gYM.MDtVzAvfuuUTmEoinXtmjkqk2fpsyLUf0FsjaAEttJU&dib_tag=se&keywords=ultrawide+monitor&qid=1733685969&sr=8-125
"MSI MAG301CR2, 30"" Gaming Monitor, 2560 x 1080 (UWFHD), VA, 200Hz, FreeSync, HDR Ready HDMI, Displayport, USB C, Tilt, Swivel, Height Adjustable,Black",$194.00,4.4,468.0,https://www.amazon.com/MSI-Non-Glare-FreeSync-Optix-MAG301CR2/dp/B08N5GS4K2/ref=sr_1_126?dib=eyJ2IjoiMSJ9.cD1MBFCGx4yoZfIXjrjxekEGPUAk8aZSIb8nrF7LQVbukP-8Wicqah4yhCtt-20D4kahZ2-eq5u3NWgzSojvP_b-mlZOAmBndfBIrQ6qxNchYRzByZQC_fn9j-t9kgHny15DQS82dnwCoSxRZ-q-Wj2mOosaWIqKU-DIvWQ7D2hKxTyATAObH-8sv0QBBcHg1mbOhik83q-ykBPZVSmOAGqOHDAbl6bNF_XxPkG7gYM.MDtVzAvfuuUTmEoinXtmjkqk2fpsyLUf0FsjaAEttJU&dib_tag=se&keywords=ultrawide+monitor&qid=1733685969&sr=8-126
"Xiaomi Vertical HDMI Computer Monitor, 34 inch 180Hz 1ms 1500R Curved IPS WQHD 2K 100% sRGB Desktop LCD Computer Screen PC Gaming Monitors Ultrawide FreeSync Premium with DisplayPort Adjustable Stand",$299.99,4.9,17.0,https://www.amazon.com/Xiaomi-Vertical-Ultrawide-DisplayPort-Adjustable/dp/B0DKFFC5HD/ref=sr_1_127?dib=eyJ2IjoiMSJ9.cD1MBFCGx4yoZfIXjrjxekEGPUAk8aZSIb8nrF7LQVbukP-8Wicqah4yhCtt-20D4kahZ2-eq5u3NWgzSojvP_b-mlZOAmBndfBIrQ6qxNchYRzByZQC_fn9j-t9kgHny15DQS82dnwCoSxRZ-q-Wj2mOosaWIqKU-DIvWQ7D2hKxTyATAObH-8sv0QBBcHg1mbOhik83q-ykBPZVSmOAGqOHDAbl6bNF_XxPkG7gYM.MDtVzAvfuuUTmEoinXtmjkqk2fpsyLUf0FsjaAEttJU&dib_tag=se&keywords=ultrawide+monitor&qid=1733685969&sr=8-127
"SAMSUNG 32-Inch S39C Series FHD Curved Gaming Monitor, 75Hz, AMD FreeSync, Game Mode, Advanced Eye Comfort, Frameless Display, Built in Speakers, Slim Metal Stand, LS32C392EANXGO, 2023, Black",$179.99,4.4,2249.0,https://www.amazon.com/SAMSUNG-FreeSync-Advanced-Frameless-LS32C392EANXGO/dp/B0BP9KQVJX/ref=sr_1_128?dib=eyJ2IjoiMSJ9.cD1MBFCGx4yoZfIXjrjxekEGPUAk8aZSIb8nrF7LQVbukP-8Wicqah4yhCtt-20D4kahZ2-eq5u3NWgzSojvP_b-mlZOAmBndfBIrQ6qxNchYRzByZQC_fn9j-t9kgHny15DQS82dnwCoSxRZ-q-Wj2mOosaWIqKU-DIvWQ7D2hKxTyATAObH-8sv0QBBcHg1mbOhik83q-ykBPZVSmOAGqOHDAbl6bNF_XxPkG7gYM.MDtVzAvfuuUTmEoinXtmjkqk2fpsyLUf0FsjaAEttJU&dib_tag=se&keywords=ultrawide+monitor&qid=1733685969&sr=8-128
LG 38WN95C-W 38 inch UltraWide QHD+ IPS Curved Monitor NVIDIA G-SYNC Compatible Bundle with 1 YR CPS Enhanced Protection Pack and Elite Suite 18 Standard Editing Software Bundle,$999.99,5.0,1.0,https://www.amazon.com/LG-38WN95C-W-UltraWide-Compatible-Protection/dp/B08R5NRZJW/ref=sr_1_129?dib=eyJ2IjoiMSJ9.cD1MBFCGx4yoZfIXjrjxekEGPUAk8aZSIb8nrF7LQVbukP-8Wicqah4yhCtt-20D4kahZ2-eq5u3NWgzSojvP_b-mlZOAmBndfBIrQ6qxNchYRzByZQC_fn9j-t9kgHny15DQS82dnwCoSxRZ-q-Wj2mOosaWIqKU-DIvWQ7D2hKxTyATAObH-8sv0QBBcHg1mbOhik83q-ykBPZVSmOAGqOHDAbl6bNF_XxPkG7gYM.MDtVzAvfuuUTmEoinXtmjkqk2fpsyLUf0FsjaAEttJU&dib_tag=se&keywords=ultrawide+monitor&qid=1733685969&sr=8-129
LG 32GQ750-B Ultragear Gaming Monitor 4K 32-Inch UHD VA 1ms (GtG) with HDR 10 AMD FreeSync 144Hz - Black,$594.99,4.2,629.0,https://www.amazon.com/LG-Ultragear-32-Inch-32GQ750-B-FreeSync/dp/B0BVSQ9M8F/ref=sr_1_130?dib=eyJ2IjoiMSJ9.cD1MBFCGx4yoZfIXjrjxekEGPUAk8aZSIb8nrF7LQVbukP-8Wicqah4yhCtt-20D4kahZ2-eq5u3NWgzSojvP_b-mlZOAmBndfBIrQ6qxNchYRzByZQC_fn9j-t9kgHny15DQS82dnwCoSxRZ-q-Wj2mOosaWIqKU-DIvWQ7D2hKxTyATAObH-8sv0QBBcHg1mbOhik83q-ykBPZVSmOAGqOHDAbl6bNF_XxPkG7gYM.MDtVzAvfuuUTmEoinXtmjkqk2fpsyLUf0FsjaAEttJU&dib_tag=se&keywords=ultrawide+monitor&qid=1733685969&sr=8-130
LG 34GP950G-B 34 Inch Ultragear QHD (3440 x 1440) Nano IPS Curved Gaming Monitor with 1ms Response Time and 144HZ Refresh Rate and NVIDIA G-SYNC Ultimate with Tilt/Height Adjustable Stand - Black,$799.97,4.3,1032.0,https://www.amazon.com/LG-34GP950G-B-Ultragear-Response-Adjustable/dp/B097QF8CP3/ref=sr_1_131?dib=eyJ2IjoiMSJ9.cD1MBFCGx4yoZfIXjrjxekEGPUAk8aZSIb8nrF7LQVbukP-8Wicqah4yhCtt-20D4kahZ2-eq5u3NWgzSojvP_b-mlZOAmBndfBIrQ6qxNchYRzByZQC_fn9j-t9kgHny15DQS82dnwCoSxRZ-q-Wj2mOosaWIqKU-DIvWQ7D2hKxTyATAObH-8sv0QBBcHg1mbOhik83q-ykBPZVSmOAGqOHDAbl6bNF_XxPkG7gYM.MDtVzAvfuuUTmEoinXtmjkqk2fpsyLUf0FsjaAEttJU&dib_tag=se&keywords=ultrawide+monitor&qid=1733685969&sr=8-131
"ZZA 34 Inch Curved Gaming Monitor FreeSync & G-Sync, HDR10, 122% sRGB, DP/HDMI, VESA Mount Compatible WQHD Monitor 3440 x 1440 R1500 up to165Hz Refresh Rate, 1ms Response Time",$199.99,4.4,80.0,https://www.amazon.com/sspa/click?ie=UTF8&spc=MTo3MDY2MzY3NTQxNzMxMjg2OjE3MzM2ODU5Njk6c3BfYnRmOjMwMDU0NzMwNjA4NjEwMjo6MDo6&url=%2FZZA-Monitor-FreeSync-Compatible-Response%2Fdp%2FB0DH4W2PJ5%2Fref%3Dsr_1_133_sspa%3Fdib%3DeyJ2IjoiMSJ9.cD1MBFCGx4yoZfIXjrjxekEGPUAk8aZSIb8nrF7LQVbukP-8Wicqah4yhCtt-20D4kahZ2-eq5u3NWgzSojvP_b-mlZOAmBndfBIrQ6qxNchYRzByZQC_fn9j-t9kgHny15DQS82dnwCoSxRZ-q-Wj2mOosaWIqKU-DIvWQ7D2hKxTyATAObH-8sv0QBBcHg1mbOhik83q-ykBPZVSmOAGqOHDAbl6bNF_XxPkG7gYM.MDtVzAvfuuUTmEoinXtmjkqk2fpsyLUf0FsjaAEttJU%26dib_tag%3Dse%26keywords%3Dultrawide%2Bmonitor%26qid%3D1733685969%26sr%3D8-133-spons%26sp_csd%3Dd2lkZ2V0TmFtZT1zcF9idGY%26psc%3D1
"32 Inch Curved Gaming Monitor 240Hz, 1800R PC Monitor Full HD 1080P, Frameless Computer Dispaly with Freesync and Eye Care Technology, Wall Mountable",$219.99,4.2,680.0,https://www.amazon.com/sspa/click?ie=UTF8&spc=MTo3MDY2MzY3NTQxNzMxMjg2OjE3MzM2ODU5Njk6c3BfYnRmOjMwMDQwMTE4ODcwNDIwMjo6MDo6&url=%2FGawfolk-Frameless-Computer-Technology-Mountable%2Fdp%2FB0D9CQRY22%2Fref%3Dsr_1_134_sspa%3Fdib%3DeyJ2IjoiMSJ9.cD1MBFCGx4yoZfIXjrjxekEGPUAk8aZSIb8nrF7LQVbukP-8Wicqah4yhCtt-20D4kahZ2-eq5u3NWgzSojvP_b-mlZOAmBndfBIrQ6qxNchYRzByZQC_fn9j-t9kgHny15DQS82dnwCoSxRZ-q-Wj2mOosaWIqKU-DIvWQ7D2hKxTyATAObH-8sv0QBBcHg1mbOhik83q-ykBPZVSmOAGqOHDAbl6bNF_XxPkG7gYM.MDtVzAvfuuUTmEoinXtmjkqk2fpsyLUf0FsjaAEttJU%26dib_tag%3Dse%26keywords%3Dultrawide%2Bmonitor%26qid%3D1733685969%26sr%3D8-134-spons%26sp_csd%3Dd2lkZ2V0TmFtZT1zcF9idGY%26psc%3D1
"HUANUO 17-32 Inch Dual Monitor Stand, Gas Spring Dual Monitor Mount, Monitor Stand 2 Monitors, Ergonomic Adjustable Tilt/Swivel/Rotate, Weight Max 19.8 lbs, VESA 75/100mm",$69.99,4.5,9882.0,https://www.amazon.com/sspa/click?ie=UTF8&spc=MTozNzk0NjE4NTk3NzkxMzI6MTczMzY4NTk4MTpzcF9hdGZfbmV4dDozMDAxNTEwNjEzODI0MDI6OjA6Og&url=%2FDual-Monitor-Stand-Adjustable-Mounting%2Fdp%2FB0855ZBPXD%2Fref%3Dsr_1_130_sspa%3Fdib%3DeyJ2IjoiMSJ9.uLGbzA7UbKXeLX8Dai0YYbdaY7DAxEmUK3SYAr-d6LQCLiL9Eiix_xltYftPIWAlF9i2HcwQoViUwi4fSEZzNf8SWMbJ7nqXrnNssAYQ0D1-LBxhSiIwRF9DfLLIn-lhu5rGFemtKQxpOIJSTU5TNoErGyGk_krv_tDaw9mk42yXNRPKN5UWEmDnSUyXxCFdDechhyy3J3ZquD9zkG01n-nAUE3bvrw-0pFH9zDqF6s.AKBzvQ6apNKxBDFWl8JhIhNCy2_DSE7morzP0P2LtXQ%26dib_tag%3Dse%26keywords%3Dultrawide%2Bmonitor%26qid%3D1733685981%26sr%3D8-130-spons%26sp_csd%3Dd2lkZ2V0TmFtZT1zcF9hdGZfbmV4dA%26psc%3D1
"Sceptre 24-inch Curved Gaming Monitor 1080p up to 165Hz DisplayPort HDMI 99% sRGB, AMD FreeSync Build-in Speakers Machine Black (C248B-FWT168)",$107.97,4.6,23250.0,https://www.amazon.com/Sceptre-DisplayPort-FreeSync-Speakers-C248B-FWT168/dp/B09HR8RC46/ref=sr_1_133?dib=eyJ2IjoiMSJ9.uLGbzA7UbKXeLX8Dai0YYbdaY7DAxEmUK3SYAr-d6LQCLiL9Eiix_xltYftPIWAlF9i2HcwQoViUwi4fSEZzNf8SWMbJ7nqXrnNssAYQ0D1-LBxhSiIwRF9DfLLIn-lhu5rGFemtKQxpOIJSTU5TNoErGyGk_krv_tDaw9mk42yXNRPKN5UWEmDnSUyXxCFdDechhyy3J3ZquD9zkG01n-nAUE3bvrw-0pFH9zDqF6s.AKBzvQ6apNKxBDFWl8JhIhNCy2_DSE7morzP0P2LtXQ&dib_tag=se&keywords=ultrawide+monitor&qid=1733685981&sr=8-133
MSI Full HD Rapid-IPS 1ms 2560 x 1080 Ultra Wide 200Hz Refresh Rate HDR Ready G-Sync Compatible 30” Gaming Monitor (Optix MAG301RF),$309.94,4.6,486.0,https://www.amazon.com/MSI-Rapid-IPS-Compatible-Optix-MAG301RF/dp/B096HVSTLG/ref=sr_1_134?dib=eyJ2IjoiMSJ9.uLGbzA7UbKXeLX8Dai0YYbdaY7DAxEmUK3SYAr-d6LQCLiL9Eiix_xltYftPIWAlF9i2HcwQoViUwi4fSEZzNf8SWMbJ7nqXrnNssAYQ0D1-LBxhSiIwRF9DfLLIn-lhu5rGFemtKQxpOIJSTU5TNoErGyGk_krv_tDaw9mk42yXNRPKN5UWEmDnSUyXxCFdDechhyy3J3ZquD9zkG01n-nAUE3bvrw-0pFH9zDqF6s.AKBzvQ6apNKxBDFWl8JhIhNCy2_DSE7morzP0P2LtXQ&dib_tag=se&keywords=ultrawide+monitor&qid=1733685981&sr=8-134
"MSI MAG 321UPX QD-OLED, 32"" 4K UHD Quantum Dot OLED Gaming Monitor, 3840 x 2160, 0.03ms, 240Hz, True Black HDR 400, 15W USB Type C, HDMI, DP Port",$832.34,4.5,33.0,https://www.amazon.com/MSI-MAG-321UPX-QD-OLED-Quantum/dp/B0CWPWRFGX/ref=sr_1_135?dib=eyJ2IjoiMSJ9.uLGbzA7UbKXeLX8Dai0YYbdaY7DAxEmUK3SYAr-d6LQCLiL9Eiix_xltYftPIWAlF9i2HcwQoViUwi4fSEZzNf8SWMbJ7nqXrnNssAYQ0D1-LBxhSiIwRF9DfLLIn-lhu5rGFemtKQxpOIJSTU5TNoErGyGk_krv_tDaw9mk42yXNRPKN5UWEmDnSUyXxCFdDechhyy3J3ZquD9zkG01n-nAUE3bvrw-0pFH9zDqF6s.AKBzvQ6apNKxBDFWl8JhIhNCy2_DSE7morzP0P2LtXQ&dib_tag=se&keywords=ultrawide+monitor&qid=1733685981&sr=8-135
"LG 34WP60C-B 34"" 21:9 Curved UltraWide QHD (3440 x 1440) HDR 10 160Hz 1ms Gaming Monitor with Tilt Adjustable Stand, AMD FreeSync Premium, Display Port and HDMI, Black, WEPGPY",$314.00,4.8,6.0,https://www.amazon.com/LG-34WP60C-B-34-UltraWide-Adjustable/dp/B0CKZ1C1WW/ref=sr_1_136?dib=eyJ2IjoiMSJ9.uLGbzA7UbKXeLX8Dai0YYbdaY7DAxEmUK3SYAr-d6LQCLiL9Eiix_xltYftPIWAlF9i2HcwQoViUwi4fSEZzNf8SWMbJ7nqXrnNssAYQ0D1-LBxhSiIwRF9DfLLIn-lhu5rGFemtKQxpOIJSTU5TNoErGyGk_krv_tDaw9mk42yXNRPKN5UWEmDnSUyXxCFdDechhyy3J3ZquD9zkG01n-nAUE3bvrw-0pFH9zDqF6s.AKBzvQ6apNKxBDFWl8JhIhNCy2_DSE7morzP0P2LtXQ&dib_tag=se&keywords=ultrawide+monitor&qid=1733685981&sr=8-136
"SAMSUNG 32"" Odyssey G65B QHD 240Hz 1ms (GTG) HDR 600 Gaming Hub 1000R Curved Gaming Monitor,Black (Renewed)",$360.00,4.7,5.0,https://www.amazon.com/SAMSUNG-Odyssey-Gaming-Monitor-Renewed/dp/B0CCZYG6RS/ref=sr_1_137?dib=eyJ2IjoiMSJ9.uLGbzA7UbKXeLX8Dai0YYbdaY7DAxEmUK3SYAr-d6LQCLiL9Eiix_xltYftPIWAlF9i2HcwQoViUwi4fSEZzNf8SWMbJ7nqXrnNssAYQ0D1-LBxhSiIwRF9DfLLIn-lhu5rGFemtKQxpOIJSTU5TNoErGyGk_krv_tDaw9mk42yXNRPKN5UWEmDnSUyXxCFdDechhyy3J3ZquD9zkG01n-nAUE3bvrw-0pFH9zDqF6s.AKBzvQ6apNKxBDFWl8JhIhNCy2_DSE7morzP0P2LtXQ&dib_tag=se&keywords=ultrawide+monitor&qid=1733685981&sr=8-137
"SAMSUNG 34"" Odyssey G5 Ultra-Wide Gaming Monitor, 1000R Curved, 165Hz Refresh Rate, 1ms Response Time, FreeSync Premium, WQHD, Black, with MTC HDMI Cable, LC34G55TWWNXZA",$439.99,5.0,8.0,https://www.amazon.com/SAMSUNG-Odyssey-Ultra-Wide-Response-FreeSync/dp/B0CPPL56WD/ref=sr_1_138?dib=eyJ2IjoiMSJ9.uLGbzA7UbKXeLX8Dai0YYbdaY7DAxEmUK3SYAr-d6LQCLiL9Eiix_xltYftPIWAlF9i2HcwQoViUwi4fSEZzNf8SWMbJ7nqXrnNssAYQ0D1-LBxhSiIwRF9DfLLIn-lhu5rGFemtKQxpOIJSTU5TNoErGyGk_krv_tDaw9mk42yXNRPKN5UWEmDnSUyXxCFdDechhyy3J3ZquD9zkG01n-nAUE3bvrw-0pFH9zDqF6s.AKBzvQ6apNKxBDFWl8JhIhNCy2_DSE7morzP0P2LtXQ&dib_tag=se&keywords=ultrawide+monitor&qid=1733685981&sr=8-138
"LG UltraWide 40WP95C-W (5120 x 2160) 39.7"" 21:9 Curved FreeSync 5K2K HDR IPS Monitor (40WP95C-W) + Cleaning Kit + USBC Cable + HDMI Cable","$1,334.95",5.0,1.0,https://www.amazon.com/sspa/click?ie=UTF8&spc=MTozNzk0NjE4NTk3NzkxMzI6MTczMzY4NTk4MTpzcF9tdGY6MzAwMTY1MDc3NTM4NjAyOjowOjo&url=%2FLG-UltraWide-40WP95C-W-5120-2160%2Fdp%2FB0CZSK2X26%2Fref%3Dsr_1_139_sspa%3Fdib%3DeyJ2IjoiMSJ9.uLGbzA7UbKXeLX8Dai0YYbdaY7DAxEmUK3SYAr-d6LQCLiL9Eiix_xltYftPIWAlF9i2HcwQoViUwi4fSEZzNf8SWMbJ7nqXrnNssAYQ0D1-LBxhSiIwRF9DfLLIn-lhu5rGFemtKQxpOIJSTU5TNoErGyGk_krv_tDaw9mk42yXNRPKN5UWEmDnSUyXxCFdDechhyy3J3ZquD9zkG01n-nAUE3bvrw-0pFH9zDqF6s.AKBzvQ6apNKxBDFWl8JhIhNCy2_DSE7morzP0P2LtXQ%26dib_tag%3Dse%26keywords%3Dultrawide%2Bmonitor%26qid%3D1733685981%26sr%3D8-139-spons%26sp_csd%3Dd2lkZ2V0TmFtZT1zcF9tdGY%26psc%3D1
"ViewSonic VP3456A 34 Inch Ultrawide QHD 1440p Curved Monitor with 100W USB C, Ethernet RJ45, FreeSync, USB Hub, 100% sRGB, 14-bit 3D LUT",$599.99,5.0,1.0,https://www.amazon.com/sspa/click?ie=UTF8&spc=MTozNzk0NjE4NTk3NzkxMzI6MTczMzY4NTk4MTpzcF9tdGY6MzAwMjY0Mzc0MTQwMzAyOjowOjo&url=%2FViewSonic-UltraWide-ColorPro-DisplayPort-Professional%2Fdp%2FB0CPHXQL54%2Fref%3Dsr_1_140_sspa%3Fdib%3DeyJ2IjoiMSJ9.uLGbzA7UbKXeLX8Dai0YYbdaY7DAxEmUK3SYAr-d6LQCLiL9Eiix_xltYftPIWAlF9i2HcwQoViUwi4fSEZzNf8SWMbJ7nqXrnNssAYQ0D1-LBxhSiIwRF9DfLLIn-lhu5rGFemtKQxpOIJSTU5TNoErGyGk_krv_tDaw9mk42yXNRPKN5UWEmDnSUyXxCFdDechhyy3J3ZquD9zkG01n-nAUE3bvrw-0pFH9zDqF6s.AKBzvQ6apNKxBDFWl8JhIhNCy2_DSE7morzP0P2LtXQ%26dib_tag%3Dse%26keywords%3Dultrawide%2Bmonitor%26qid%3D1733685981%26sr%3D8-140-spons%26sp_csd%3Dd2lkZ2V0TmFtZT1zcF9tdGY%26psc%3D1
"Dell UltraSharp U3223QE 31.5"" 4K UHD WLED LCD Monitor - 16:9 - Black, Silver",$609.99,4.4,288.0,https://www.amazon.com/Dell-UltraSharp-U3223QE-31-5-Monitor/dp/B09TVZHV4W/ref=sr_1_141?dib=eyJ2IjoiMSJ9.uLGbzA7UbKXeLX8Dai0YYbdaY7DAxEmUK3SYAr-d6LQCLiL9Eiix_xltYftPIWAlF9i2HcwQoViUwi4fSEZzNf8SWMbJ7nqXrnNssAYQ0D1-LBxhSiIwRF9DfLLIn-lhu5rGFemtKQxpOIJSTU5TNoErGyGk_krv_tDaw9mk42yXNRPKN5UWEmDnSUyXxCFdDechhyy3J3ZquD9zkG01n-nAUE3bvrw-0pFH9zDqF6s.AKBzvQ6apNKxBDFWl8JhIhNCy2_DSE7morzP0P2LtXQ&dib_tag=se&keywords=ultrawide+monitor&qid=1733685981&sr=8-141
"ViewSonic VX3218-PC-MHD 32 Inch Curved 1080p 1ms 180Hz Gaming Monitor with FreeSync Premium, Eye Care, HDMI and Display Port",$168.95,4.4,1019.0,https://www.amazon.com/ViewSonic-VX3218-PC-MHD-Monitor-Adaptive-Sync-Frameless/dp/B08V85DH1R/ref=sr_1_142?dib=eyJ2IjoiMSJ9.uLGbzA7UbKXeLX8Dai0YYbdaY7DAxEmUK3SYAr-d6LQCLiL9Eiix_xltYftPIWAlF9i2HcwQoViUwi4fSEZzNf8SWMbJ7nqXrnNssAYQ0D1-LBxhSiIwRF9DfLLIn-lhu5rGFemtKQxpOIJSTU5TNoErGyGk_krv_tDaw9mk42yXNRPKN5UWEmDnSUyXxCFdDechhyy3J3ZquD9zkG01n-nAUE3bvrw-0pFH9zDqF6s.AKBzvQ6apNKxBDFWl8JhIhNCy2_DSE7morzP0P2LtXQ&dib_tag=se&keywords=ultrawide+monitor&qid=1733685981&sr=8-142
"Sceptre Curved Gaming 32"" 1080p LED Monitor up to 185Hz 165Hz 144Hz 1920x1080 AMD FreeSync HDMI DisplayPort Build-in Speakers, Machine Black 2020 (C326B-185RD)",$149.97,4.6,3943.0,https://www.amazon.com/Sceptre-1920x1080-FreeSync-DisplayPort-C326B-185RD/dp/B088GWZ6YD/ref=sr_1_143?dib=eyJ2IjoiMSJ9.uLGbzA7UbKXeLX8Dai0YYbdaY7DAxEmUK3SYAr-d6LQCLiL9Eiix_xltYftPIWAlF9i2HcwQoViUwi4fSEZzNf8SWMbJ7nqXrnNssAYQ0D1-LBxhSiIwRF9DfLLIn-lhu5rGFemtKQxpOIJSTU5TNoErGyGk_krv_tDaw9mk42yXNRPKN5UWEmDnSUyXxCFdDechhyy3J3ZquD9zkG01n-nAUE3bvrw-0pFH9zDqF6s.AKBzvQ6apNKxBDFWl8JhIhNCy2_DSE7morzP0P2LtXQ&dib_tag=se&keywords=ultrawide+monitor&qid=1733685981&sr=8-143
"Dell S2725HS 27 Inch Monitor, FHD (1920x1080) Display, 100Hz Refresh Rate, 1500:1 Contrast Ratio, TÜV Rheinland Eye Comfort 4 Star, Integrated 2x5W Speaker, Height/Tilt/Swivel/Pivot- Ash White Color",$134.98,4.7,1569.0,https://www.amazon.com/Dell-Inspiron-3910-Desktop-Processor/dp/B0B5HM32DK/ref=sr_1_144?dib=eyJ2IjoiMSJ9.uLGbzA7UbKXeLX8Dai0YYbdaY7DAxEmUK3SYAr-d6LQCLiL9Eiix_xltYftPIWAlF9i2HcwQoViUwi4fSEZzNf8SWMbJ7nqXrnNssAYQ0D1-LBxhSiIwRF9DfLLIn-lhu5rGFemtKQxpOIJSTU5TNoErGyGk_krv_tDaw9mk42yXNRPKN5UWEmDnSUyXxCFdDechhyy3J3ZquD9zkG01n-nAUE3bvrw-0pFH9zDqF6s.AKBzvQ6apNKxBDFWl8JhIhNCy2_DSE7morzP0P2LtXQ&dib_tag=se&keywords=ultrawide+monitor&qid=1733685981&sr=8-144
"CRUA 27"" Curved White Monitor, Full HD(1920x1080P) VA Panel 1800R 100HZ 99% sRGB Professional Computer Monitors, 3Sides Frameless, Flicker-Less,Blue Light Filter, for Office & Gaming.(VGA, HDMI)",$109.99,4.3,561.0,https://www.amazon.com/CRUA-1920x1080P-Professional-Frameless-Flicker-less/dp/B0BYP9SFJK/ref=sr_1_145?dib=eyJ2IjoiMSJ9.uLGbzA7UbKXeLX8Dai0YYbdaY7DAxEmUK3SYAr-d6LQCLiL9Eiix_xltYftPIWAlF9i2HcwQoViUwi4fSEZzNf8SWMbJ7nqXrnNssAYQ0D1-LBxhSiIwRF9DfLLIn-lhu5rGFemtKQxpOIJSTU5TNoErGyGk_krv_tDaw9mk42yXNRPKN5UWEmDnSUyXxCFdDechhyy3J3ZquD9zkG01n-nAUE3bvrw-0pFH9zDqF6s.AKBzvQ6apNKxBDFWl8JhIhNCy2_DSE7morzP0P2LtXQ&dib_tag=se&keywords=ultrawide+monitor&qid=1733685981&sr=8-145
"SAMSUNG 49 inch Gaming Monitor, Ultrawide Curved Monitor, 240hz 1ms, Quantum Mini LED, G-Sync, Monitor Adjustable Height, HDR 2000, Odyssey Neo G9, G95NA (LS49AG952NNXZA) (Renewed)","$1,285.55",3.6,22.0,https://www.amazon.com/SAMSUNG-Monitor-Ultrawide-Adjustable-LS49AG952NNXZA/dp/B09FP7MJYH/ref=sr_1_146?dib=eyJ2IjoiMSJ9.uLGbzA7UbKXeLX8Dai0YYbdaY7DAxEmUK3SYAr-d6LQCLiL9Eiix_xltYftPIWAlF9i2HcwQoViUwi4fSEZzNf8SWMbJ7nqXrnNssAYQ0D1-LBxhSiIwRF9DfLLIn-lhu5rGFemtKQxpOIJSTU5TNoErGyGk_krv_tDaw9mk42yXNRPKN5UWEmDnSUyXxCFdDechhyy3J3ZquD9zkG01n-nAUE3bvrw-0pFH9zDqF6s.AKBzvQ6apNKxBDFWl8JhIhNCy2_DSE7morzP0P2LtXQ&dib_tag=se&keywords=ultrawide+monitor&qid=1733685981&sr=8-146
"AOC Agon PRO AG346UCD 34'' Ultra Wide Curved QD OLED Gaming Monitor, 21:9 WQHD 3440x1440, 175Hz 0.03ms, G-Sync Compatible, HDR 400 True Black, USB 3.2, Height Adjustable, Console Gaming Ready",$649.99,5.0,4.0,https://www.amazon.com/AOC-AG346UCD-Curved-Gaming-Monitor/dp/B0DJ9RTK4H/ref=sr_1_147?dib=eyJ2IjoiMSJ9.uLGbzA7UbKXeLX8Dai0YYbdaY7DAxEmUK3SYAr-d6LQCLiL9Eiix_xltYftPIWAlF9i2HcwQoViUwi4fSEZzNf8SWMbJ7nqXrnNssAYQ0D1-LBxhSiIwRF9DfLLIn-lhu5rGFemtKQxpOIJSTU5TNoErGyGk_krv_tDaw9mk42yXNRPKN5UWEmDnSUyXxCFdDechhyy3J3ZquD9zkG01n-nAUE3bvrw-0pFH9zDqF6s.AKBzvQ6apNKxBDFWl8JhIhNCy2_DSE7morzP0P2LtXQ&dib_tag=se&keywords=ultrawide+monitor&qid=1733685981&sr=8-147
"Acer EI491CUR Sbmiipphx 49"" 1800R 32:9 Curved DQHD (5120 x 1440) Zero-Frame Gaming Monitor | AMD FreeSync Premium | Up to 120Hz | 4ms | 94% DCI-P3 | 2 x Display Port v1.4, 2 x HDMI 2.0 & 1 x Audio Out",$864.27,4.5,629.0,https://www.amazon.com/Acer-EI491CUR-Sbmiipphx-1800R-Zero-Frame/dp/B09YYSL22M/ref=sr_1_148?dib=eyJ2IjoiMSJ9.uLGbzA7UbKXeLX8Dai0YYbdaY7DAxEmUK3SYAr-d6LQCLiL9Eiix_xltYftPIWAlF9i2HcwQoViUwi4fSEZzNf8SWMbJ7nqXrnNssAYQ0D1-LBxhSiIwRF9DfLLIn-lhu5rGFemtKQxpOIJSTU5TNoErGyGk_krv_tDaw9mk42yXNRPKN5UWEmDnSUyXxCFdDechhyy3J3ZquD9zkG01n-nAUE3bvrw-0pFH9zDqF6s.AKBzvQ6apNKxBDFWl8JhIhNCy2_DSE7morzP0P2LtXQ&dib_tag=se&keywords=ultrawide+monitor&qid=1733685981&sr=8-148
"CRUA 32Inch Gaming Monitor, FHD(1920 * 1080P) VA Screen 144Hz/180Hz Curved Monitor, 1800R, 100% sRGB, Computer Monitor That Support AMD Freesync, HDMI, DP, Wall Mountable Installs-Black",$199.99,4.3,1875.0,https://www.amazon.com/sspa/click?ie=UTF8&spc=MTozNzk0NjE4NTk3NzkxMzI6MTczMzY4NTk4MTpzcF9idGY6MzAwMjEyMzU0MDEyMDAyOjowOjo&url=%2FCRUA-Computer-Freesync-Mountable-Installs-Black%2Fdp%2FB0CYZ2BVPG%2Fref%3Dsr_1_149_sspa%3Fdib%3DeyJ2IjoiMSJ9.uLGbzA7UbKXeLX8Dai0YYbdaY7DAxEmUK3SYAr-d6LQCLiL9Eiix_xltYftPIWAlF9i2HcwQoViUwi4fSEZzNf8SWMbJ7nqXrnNssAYQ0D1-LBxhSiIwRF9DfLLIn-lhu5rGFemtKQxpOIJSTU5TNoErGyGk_krv_tDaw9mk42yXNRPKN5UWEmDnSUyXxCFdDechhyy3J3ZquD9zkG01n-nAUE3bvrw-0pFH9zDqF6s.AKBzvQ6apNKxBDFWl8JhIhNCy2_DSE7morzP0P2LtXQ%26dib_tag%3Dse%26keywords%3Dultrawide%2Bmonitor%26qid%3D1733685981%26sr%3D8-149-spons%26sp_csd%3Dd2lkZ2V0TmFtZT1zcF9idGY%26psc%3D1
Portable Monitor for Laptop 1080P 15.6inch USB-C HDMI Apply to PC Mac Phone PS5/4 Swich Game Extra Screen HDR Plug and Play Three Sided Borderless Laptop Screen Extender Second Screen,$79.00,4.6,21.0,https://www.amazon.com/sspa/click?ie=UTF8&spc=MTozNzk0NjE4NTk3NzkxMzI6MTczMzY4NTk4MTpzcF9idGY6MzAwNTYzNDEwMzcyMDAyOjowOjo&url=%2FF-wheel-Portable-15-6inch-Borderless-Extender%2Fdp%2FB0DJPF1M2N%2Fref%3Dsr_1_150_sspa%3Fdib%3DeyJ2IjoiMSJ9.uLGbzA7UbKXeLX8Dai0YYbdaY7DAxEmUK3SYAr-d6LQCLiL9Eiix_xltYftPIWAlF9i2HcwQoViUwi4fSEZzNf8SWMbJ7nqXrnNssAYQ0D1-LBxhSiIwRF9DfLLIn-lhu5rGFemtKQxpOIJSTU5TNoErGyGk_krv_tDaw9mk42yXNRPKN5UWEmDnSUyXxCFdDechhyy3J3ZquD9zkG01n-nAUE3bvrw-0pFH9zDqF6s.AKBzvQ6apNKxBDFWl8JhIhNCy2_DSE7morzP0P2LtXQ%26dib_tag%3Dse%26keywords%3Dultrawide%2Bmonitor%26qid%3D1733685981%26sr%3D8-150-spons%26sp_csd%3Dd2lkZ2V0TmFtZT1zcF9idGY%26psc%3D1
"Heavy-Duty Monitor Mount for 17-49 inches Ultrawide Curved Flat Monitors, Holds 44lbs,Ultrawide Monitor Arm with Extended Column, Adjustable Gas Spring, Monitor Stand for Desk, White",$109.99,4.6,14.0,https://www.amazon.com/sspa/click?ie=UTF8&spc=MTo0MzI2NzYxNTgwNTEwMTAzOjE3MzM2ODYwMDI6c3BfYXRmX25leHQ6MzAwNTA5ODEwNzcwMTAyOjowOjo&url=%2FARES-WING-Heavy-Duty-Ultrawide-Adjustable%2Fdp%2FB0DFGZ438Y%2Fref%3Dsr_1_145_sspa%3Fdib%3DeyJ2IjoiMSJ9.CiHK-DLKaT_SV83gm6HOmNWPxVb-B6Jh-u9Kdg6fNLk7QMzvONylIhDg7af2X2lgkEpJ_5svOa4LkDxh8lRE99g1EGwI8wrkJSApB_JfOHDqHOPulkLjR3vRyOpTPJbMFmKZBzsJLp7IDq1IjEKMdy7ku3Ew59p1yubOz1k20Zcf9kxqu6YJy_bpVOtrgucPHSvHZ8rr7n2tGLmg8pxFX4hbyTcu754kQQAc9ruy2Zw.84-hBGGtLXmNDJ0_qYqguW1flG_37gGA9iXgmzm8Thc%26dib_tag%3Dse%26keywords%3Dultrawide%2Bmonitor%26qid%3D1733686002%26sr%3D8-145-spons%26sp_csd%3Dd2lkZ2V0TmFtZT1zcF9hdGZfbmV4dA%26psc%3D1
"Laptop Screen Extender, 15.6'' Laptop Monitor Extender with 86% NTSC FHD 1080P Display, Detachable Triple Portable Monitor Compatible with Windows/Mac/DeX/Chrome, Also Works with Desktop/Mini PC",$299.00,4.5,154.0,https://www.amazon.com/sspa/click?ie=UTF8&spc=MTo0MzI2NzYxNTgwNTEwMTAzOjE3MzM2ODYwMDI6c3BfYXRmX25leHQ6MzAwMjg4MTUwMDk0ODAyOjowOjo&url=%2FExtender-Monitor-Detachable-Portable-Compatible%2Fdp%2FB0D66NYCSF%2Fref%3Dsr_1_146_sspa%3Fdib%3DeyJ2IjoiMSJ9.CiHK-DLKaT_SV83gm6HOmNWPxVb-B6Jh-u9Kdg6fNLk7QMzvONylIhDg7af2X2lgkEpJ_5svOa4LkDxh8lRE99g1EGwI8wrkJSApB_JfOHDqHOPulkLjR3vRyOpTPJbMFmKZBzsJLp7IDq1IjEKMdy7ku3Ew59p1yubOz1k20Zcf9kxqu6YJy_bpVOtrgucPHSvHZ8rr7n2tGLmg8pxFX4hbyTcu754kQQAc9ruy2Zw.84-hBGGtLXmNDJ0_qYqguW1flG_37gGA9iXgmzm8Thc%26dib_tag%3Dse%26keywords%3Dultrawide%2Bmonitor%26qid%3D1733686002%26sr%3D8-146-spons%26sp_csd%3Dd2lkZ2V0TmFtZT1zcF9hdGZfbmV4dA%26psc%3D1
"Monoprice CrystalPro 34"" Curved 1000R Ultrawide 1440P Monitor, 3440 x 1440P @ 165 Hz, 2ms (OD) VA Panel with USB Type‑C PD 65W and Height‑Adjustable Stand for Business & Gaming",$359.99,5.0,1.0,https://www.amazon.com/Monoprice-CrystalPro-Ultrawide-Height%E2%80%91Adjustable-Business/dp/B0CV45KSX4/ref=sr_1_148?dib=eyJ2IjoiMSJ9.CiHK-DLKaT_SV83gm6HOmNWPxVb-B6Jh-u9Kdg6fNLk7QMzvONylIhDg7af2X2lgkEpJ_5svOa4LkDxh8lRE99g1EGwI8wrkJSApB_JfOHDqHOPulkLjR3vRyOpTPJbMFmKZBzsJLp7IDq1IjEKMdy7ku3Ew59p1yubOz1k20Zcf9kxqu6YJy_bpVOtrgucPHSvHZ8rr7n2tGLmg8pxFX4hbyTcu754kQQAc9ruy2Zw.84-hBGGtLXmNDJ0_qYqguW1flG_37gGA9iXgmzm8Thc&dib_tag=se&keywords=ultrawide+monitor&qid=1733686002&sr=8-148
"SAMSUNG 55"" Odyssey Ark 2nd Gen 4K UHD 1000R Curved Gaming Monitor, 165Hz, 1ms, 4 Input Multi View, Quantum Mini-LED, AMD FreeSync Premium Pro, HDR 10+, Height Adjustable Screen, LS55CG970NNXGO, 2023","$1,799.41",3.8,341.0,https://www.amazon.com/SAMSUNG-Mini-LED-FreeSync-Adjustable-LS55CG970NNXGO/dp/B0CDQKYXTC/ref=sr_1_150?dib=eyJ2IjoiMSJ9.CiHK-DLKaT_SV83gm6HOmNWPxVb-B6Jh-u9Kdg6fNLk7QMzvONylIhDg7af2X2lgkEpJ_5svOa4LkDxh8lRE99g1EGwI8wrkJSApB_JfOHDqHOPulkLjR3vRyOpTPJbMFmKZBzsJLp7IDq1IjEKMdy7ku3Ew59p1yubOz1k20Zcf9kxqu6YJy_bpVOtrgucPHSvHZ8rr7n2tGLmg8pxFX4hbyTcu754kQQAc9ruy2Zw.84-hBGGtLXmNDJ0_qYqguW1flG_37gGA9iXgmzm8Thc&dib_tag=se&keywords=ultrawide+monitor&qid=1733686002&sr=8-150
"SAMSUNG 34"" Odyssey G5 Series Ultra-Wide WQHD Gaming Monitor, 1000R Curved, 165Hz, 1ms Response Time, FreeSync Premium, Black, with MTC HDMI Cable",$479.90,5.0,2.0,https://www.amazon.com/SAMSUNG-Odyssey-Ultra-Wide-Response-FreeSync/dp/B0CYH31CRN/ref=sr_1_151?dib=eyJ2IjoiMSJ9.CiHK-DLKaT_SV83gm6HOmNWPxVb-B6Jh-u9Kdg6fNLk7QMzvONylIhDg7af2X2lgkEpJ_5svOa4LkDxh8lRE99g1EGwI8wrkJSApB_JfOHDqHOPulkLjR3vRyOpTPJbMFmKZBzsJLp7IDq1IjEKMdy7ku3Ew59p1yubOz1k20Zcf9kxqu6YJy_bpVOtrgucPHSvHZ8rr7n2tGLmg8pxFX4hbyTcu754kQQAc9ruy2Zw.84-hBGGtLXmNDJ0_qYqguW1flG_37gGA9iXgmzm8Thc&dib_tag=se&keywords=ultrawide+monitor&qid=1733686002&sr=8-151
"LG 49BQ95C-W 49"" Monitor, TILT Height Swivel, White","$1,238.35",5.0,2.0,https://www.amazon.com/LG-49BQ95C-W-Monitor-Height-Swivel/dp/B0BY1JKKGX/ref=sr_1_152?dib=eyJ2IjoiMSJ9.CiHK-DLKaT_SV83gm6HOmNWPxVb-B6Jh-u9Kdg6fNLk7QMzvONylIhDg7af2X2lgkEpJ_5svOa4LkDxh8lRE99g1EGwI8wrkJSApB_JfOHDqHOPulkLjR3vRyOpTPJbMFmKZBzsJLp7IDq1IjEKMdy7ku3Ew59p1yubOz1k20Zcf9kxqu6YJy_bpVOtrgucPHSvHZ8rr7n2tGLmg8pxFX4hbyTcu754kQQAc9ruy2Zw.84-hBGGtLXmNDJ0_qYqguW1flG_37gGA9iXgmzm8Thc&dib_tag=se&keywords=ultrawide+monitor&qid=1733686002&sr=8-152
"Acer CB342CU semiphuzx 34"" QHD 3440 x 1440 Professional Docking Monitor | AMD FreeSync | Height Adjustable Stand with Swivel, Tilt & Pivot (USB Type-C, Display Port 1.2, HDMI 2.0, RJ-45 & USB Ports)",$358.17,5.0,5.0,https://www.amazon.com/CB342CU-semiphuzx-Professional-FreeSync-Adjustable/dp/B0CDM5MT23/ref=sr_1_154?dib=eyJ2IjoiMSJ9.CiHK-DLKaT_SV83gm6HOmNWPxVb-B6Jh-u9Kdg6fNLk7QMzvONylIhDg7af2X2lgkEpJ_5svOa4LkDxh8lRE99g1EGwI8wrkJSApB_JfOHDqHOPulkLjR3vRyOpTPJbMFmKZBzsJLp7IDq1IjEKMdy7ku3Ew59p1yubOz1k20Zcf9kxqu6YJy_bpVOtrgucPHSvHZ8rr7n2tGLmg8pxFX4hbyTcu754kQQAc9ruy2Zw.84-hBGGtLXmNDJ0_qYqguW1flG_37gGA9iXgmzm8Thc&dib_tag=se&keywords=ultrawide+monitor&qid=1733686002&sr=8-154
"HP M34d 34 Inch WQHD 1440p Curved Computer Monitor Ultrawide 100Hz 5ms Anti-Glare Adjustable Height Stand Tilt VESA Mountable HDMI ENERGY STAR Certified for Desktop PC Setup, Black (Renewed)",$379.99,5.0,6.0,https://www.amazon.com/sspa/click?ie=UTF8&spc=MTo0MzI2NzYxNTgwNTEwMTAzOjE3MzM2ODYwMDI6c3BfbXRmOjMwMDA1MzQ3NzQxMTAwMjo6MDo6&url=%2FHP-Ultrawide-Anti-Glare-Adjustable-Mountable%2Fdp%2FB09SJQPP6G%2Fref%3Dsr_1_155_sspa%3Fdib%3DeyJ2IjoiMSJ9.CiHK-DLKaT_SV83gm6HOmNWPxVb-B6Jh-u9Kdg6fNLk7QMzvONylIhDg7af2X2lgkEpJ_5svOa4LkDxh8lRE99g1EGwI8wrkJSApB_JfOHDqHOPulkLjR3vRyOpTPJbMFmKZBzsJLp7IDq1IjEKMdy7ku3Ew59p1yubOz1k20Zcf9kxqu6YJy_bpVOtrgucPHSvHZ8rr7n2tGLmg8pxFX4hbyTcu754kQQAc9ruy2Zw.84-hBGGtLXmNDJ0_qYqguW1flG_37gGA9iXgmzm8Thc%26dib_tag%3Dse%26keywords%3Dultrawide%2Bmonitor%26qid%3D1733686002%26sr%3D8-155-spons%26sp_csd%3Dd2lkZ2V0TmFtZT1zcF9tdGY%26psc%3D1
"34 Inch Curved Monitor, Ultra Wide QHD 1440p Gaming Monitor 165Hz, 100% sRGB, 1MS, FreeSync, HDMI DP Computer Monitor Built-in Speakers, 1500R WQHD 3440x1440 Gamer Monitor With Back RGB Lights, Black",$239.99,3.8,5.0,https://www.amazon.com/sspa/click?ie=UTF8&spc=MTo0MzI2NzYxNTgwNTEwMTAzOjE3MzM2ODYwMDI6c3BfbXRmOjMwMDQ0NjM4MzA0MzUwMjo6MDo6&url=%2FCurved-FreeSync-Computer-Speakers-3440x1440%2Fdp%2FB0D8W4R7ND%2Fref%3Dsr_1_156_sspa%3Fdib%3DeyJ2IjoiMSJ9.CiHK-DLKaT_SV83gm6HOmNWPxVb-B6Jh-u9Kdg6fNLk7QMzvONylIhDg7af2X2lgkEpJ_5svOa4LkDxh8lRE99g1EGwI8wrkJSApB_JfOHDqHOPulkLjR3vRyOpTPJbMFmKZBzsJLp7IDq1IjEKMdy7ku3Ew59p1yubOz1k20Zcf9kxqu6YJy_bpVOtrgucPHSvHZ8rr7n2tGLmg8pxFX4hbyTcu754kQQAc9ruy2Zw.84-hBGGtLXmNDJ0_qYqguW1flG_37gGA9iXgmzm8Thc%26dib_tag%3Dse%26keywords%3Dultrawide%2Bmonitor%26qid%3D1733686002%26sr%3D8-156-spons%26sp_csd%3Dd2lkZ2V0TmFtZT1zcF9tdGY%26psc%3D1
"KTC 32 inch 240Hz Curved Gaming Monitor 1500R 1080P 125% sRGB 1ms, Freesync/G-sync HDR10,HDMI/DP/USB Ports VESA,Tilt Adjustable,Xbox PS5 Switch,Black",$209.99,4.4,387.0,https://www.amazon.com/KTC-Curved-Monitor-Freesync-Adjustable/dp/B0D5QP2LXS/ref=sr_1_157?dib=eyJ2IjoiMSJ9.CiHK-DLKaT_SV83gm6HOmNWPxVb-B6Jh-u9Kdg6fNLk7QMzvONylIhDg7af2X2lgkEpJ_5svOa4LkDxh8lRE99g1EGwI8wrkJSApB_JfOHDqHOPulkLjR3vRyOpTPJbMFmKZBzsJLp7IDq1IjEKMdy7ku3Ew59p1yubOz1k20Zcf9kxqu6YJy_bpVOtrgucPHSvHZ8rr7n2tGLmg8pxFX4hbyTcu754kQQAc9ruy2Zw.84-hBGGtLXmNDJ0_qYqguW1flG_37gGA9iXgmzm8Thc&dib_tag=se&keywords=ultrawide+monitor&qid=1733686002&sr=8-157
"Corsair XENEON 34WQHD240-C 34-Inch QD-OLED Curved Gaming Monitor – 3440 x 1440, 240Hz, 0.03ms GtG, G-SYNC Compatible, FreeSync Premium, True Black HDR400, HDMI 2.1, DisplayPort 1.4, USB-C – White","$1,199.99",4.2,304.0,https://www.amazon.com/Corsair-34WQHD240-C-34-Inch-QD-OLED-Monitor/dp/B0DF38JBCS/ref=sr_1_158?dib=eyJ2IjoiMSJ9.CiHK-DLKaT_SV83gm6HOmNWPxVb-B6Jh-u9Kdg6fNLk7QMzvONylIhDg7af2X2lgkEpJ_5svOa4LkDxh8lRE99g1EGwI8wrkJSApB_JfOHDqHOPulkLjR3vRyOpTPJbMFmKZBzsJLp7IDq1IjEKMdy7ku3Ew59p1yubOz1k20Zcf9kxqu6YJy_bpVOtrgucPHSvHZ8rr7n2tGLmg8pxFX4hbyTcu754kQQAc9ruy2Zw.84-hBGGtLXmNDJ0_qYqguW1flG_37gGA9iXgmzm8Thc&dib_tag=se&keywords=ultrawide+monitor&qid=1733686002&sr=8-158
35'' Curved UltraWide QHD HDR Monitor with FreeSync™,$378.00,4.1,130.0,https://www.amazon.com/LG-35WN65C-B-UltraWide-Monitor-FreeSync/dp/B08D6NVLDD/ref=sr_1_159?dib=eyJ2IjoiMSJ9.CiHK-DLKaT_SV83gm6HOmNWPxVb-B6Jh-u9Kdg6fNLk7QMzvONylIhDg7af2X2lgkEpJ_5svOa4LkDxh8lRE99g1EGwI8wrkJSApB_JfOHDqHOPulkLjR3vRyOpTPJbMFmKZBzsJLp7IDq1IjEKMdy7ku3Ew59p1yubOz1k20Zcf9kxqu6YJy_bpVOtrgucPHSvHZ8rr7n2tGLmg8pxFX4hbyTcu754kQQAc9ruy2Zw.84-hBGGtLXmNDJ0_qYqguW1flG_37gGA9iXgmzm8Thc&dib_tag=se&keywords=ultrawide+monitor&qid=1733686002&sr=8-159
"SAMSUNG 57"" Odyssey Neo G9 Dual 4K UHD Quantum Mini-LED Curved Gaming Monitor Bundle with Tech Smart USA Elite Suite 18 Standard Editing Software Bundle + 1 Year CPS Enhanced Protection Pack","$2,149.99",2.7,3.0,https://www.amazon.com/SAMSUNG-Mini-LED-Standard-Software-Protection/dp/B0D3F8M1J4/ref=sr_1_162?dib=eyJ2IjoiMSJ9.CiHK-DLKaT_SV83gm6HOmNWPxVb-B6Jh-u9Kdg6fNLk7QMzvONylIhDg7af2X2lgkEpJ_5svOa4LkDxh8lRE99g1EGwI8wrkJSApB_JfOHDqHOPulkLjR3vRyOpTPJbMFmKZBzsJLp7IDq1IjEKMdy7ku3Ew59p1yubOz1k20Zcf9kxqu6YJy_bpVOtrgucPHSvHZ8rr7n2tGLmg8pxFX4hbyTcu754kQQAc9ruy2Zw.84-hBGGtLXmNDJ0_qYqguW1flG_37gGA9iXgmzm8Thc&dib_tag=se&keywords=ultrawide+monitor&qid=1733686002&sr=8-162
"FITUEYES Dual Monitor Stand – 3 Shelf Computer Monitor Riser, Wood Desktop Stand with Adjustable Length and Angle, Desk Accessories, Office Supplies Medium Black, DT108008WW",$27.99,4.6,8037.0,https://www.amazon.com/sspa/click?ie=UTF8&spc=MTo0MzI2NzYxNTgwNTEwMTAzOjE3MzM2ODYwMDI6c3BfYnRmOjMwMDMxNzY2NzMxMTkwMjo6MDo6&url=%2FFITUEYES-Monitor-Adjustable-Length-DT108001WB%2Fdp%2FB07CWL1GR3%2Fref%3Dsr_1_166_sspa%3Fdib%3DeyJ2IjoiMSJ9.CiHK-DLKaT_SV83gm6HOmNWPxVb-B6Jh-u9Kdg6fNLk7QMzvONylIhDg7af2X2lgkEpJ_5svOa4LkDxh8lRE99g1EGwI8wrkJSApB_JfOHDqHOPulkLjR3vRyOpTPJbMFmKZBzsJLp7IDq1IjEKMdy7ku3Ew59p1yubOz1k20Zcf9kxqu6YJy_bpVOtrgucPHSvHZ8rr7n2tGLmg8pxFX4hbyTcu754kQQAc9ruy2Zw.84-hBGGtLXmNDJ0_qYqguW1flG_37gGA9iXgmzm8Thc%26dib_tag%3Dse%26keywords%3Dultrawide%2Bmonitor%26qid%3D1733686002%26sr%3D8-166-spons%26sp_csd%3Dd2lkZ2V0TmFtZT1zcF9idGY%26psc%3D1
"HUANUO 32 inches Dual Monitor Stand up to 17.6lbs per Arm, High-Grade Aluminum Free-Standing Dual Monitor Mount for 2 Screens. Fully Adjustable Dual Monitor Stand for Desk with Tilt, Swivel, Rotation",$39.99,4.4,7448.0,https://www.amazon.com/sspa/click?ie=UTF8&spc=MTo0MDExMjgyOTUxMTUzOTkyOjE3MzM2ODYwMTc6c3BfYXRmX25leHQ6MzAwNTM0ODgwMDgzNTAyOjowOjo&url=%2FMonitor-Standing-Adjustable-Screens-HUANUO%2Fdp%2FB074K35TJZ%2Fref%3Dsr_1_161_sspa%3Fdib%3DeyJ2IjoiMSJ9.-mOHCocIi47Nzg9c7o5OL_Smr5qQEFLlEGx_vlTNsA9Q6qhWzWVFqAzMsnzVfouV6yR_1Ah79Hh1l_sSjxF6ilLN663n_xkjAdsJEQwXNMHiXoxbTGS6g-JH7_Tz8Tt8HCi9jO8cM181pkpbXrelCMOwE0HwFJSNFaoyVAkoRV_ce4Yw11MreY6_IpaLn1g_jO3TPzp6VGMukNJ2SLyrVg0UHgKmW41phAHadVp6Ke4.oEqJTJL06s8PIH_7Ll71Bx5HG2svKZEQC2ExXSrmsmo%26dib_tag%3Dse%26keywords%3Dultrawide%2Bmonitor%26qid%3D1733686017%26sr%3D8-161-spons%26sp_csd%3Dd2lkZ2V0TmFtZT1zcF9hdGZfbmV4dA%26psc%3D1
"SANSUI 27 Inch Monitor, IPS 100Hz Computer Monitor Full HD 1920 x 1080P with HDMI VGA Interface Eye Care Frameless 100 x 100mm VESA (ES-27X3AL, HDMI Cable Included)",$99.99,4.4,941.0,https://www.amazon.com/sspa/click?ie=UTF8&spc=MTo0MDExMjgyOTUxMTUzOTkyOjE3MzM2ODYwMTc6c3BfYXRmX25leHQ6MzAwMDY4NTA3MjkzMDAyOjowOjo&url=%2FSANSUI-Computer-Interface-Frameless-ES-27X3AL%2Fdp%2FB0CG9HF9KW%2Fref%3Dsr_1_162_sspa%3Fdib%3DeyJ2IjoiMSJ9.-mOHCocIi47Nzg9c7o5OL_Smr5qQEFLlEGx_vlTNsA9Q6qhWzWVFqAzMsnzVfouV6yR_1Ah79Hh1l_sSjxF6ilLN663n_xkjAdsJEQwXNMHiXoxbTGS6g-JH7_Tz8Tt8HCi9jO8cM181pkpbXrelCMOwE0HwFJSNFaoyVAkoRV_ce4Yw11MreY6_IpaLn1g_jO3TPzp6VGMukNJ2SLyrVg0UHgKmW41phAHadVp6Ke4.oEqJTJL06s8PIH_7Ll71Bx5HG2svKZEQC2ExXSrmsmo%26dib_tag%3Dse%26keywords%3Dultrawide%2Bmonitor%26qid%3D1733686017%26sr%3D8-162-spons%26sp_csd%3Dd2lkZ2V0TmFtZT1zcF9hdGZfbmV4dA%26psc%3D1
"LG 49'' 49BL95C-WY IPS Dual QHD UltraWide™ Curved Monitor (5120x1440) with HDR10, USB Type-C™, 10W Speakers, & PBP, 3PBP / Dual Controller","$1,474.99",4.3,6.0,https://www.amazon.com/LG-49BL95C-WY-Monitor-USB3-0-USB-C/dp/B09QBVDL11/ref=sr_1_163?dib=eyJ2IjoiMSJ9.-mOHCocIi47Nzg9c7o5OL_Smr5qQEFLlEGx_vlTNsA9Q6qhWzWVFqAzMsnzVfouV6yR_1Ah79Hh1l_sSjxF6ilLN663n_xkjAdsJEQwXNMHiXoxbTGS6g-JH7_Tz8Tt8HCi9jO8cM181pkpbXrelCMOwE0HwFJSNFaoyVAkoRV_ce4Yw11MreY6_IpaLn1g_jO3TPzp6VGMukNJ2SLyrVg0UHgKmW41phAHadVp6Ke4.oEqJTJL06s8PIH_7Ll71Bx5HG2svKZEQC2ExXSrmsmo&dib_tag=se&keywords=ultrawide+monitor&qid=1733686017&sr=8-163
"LG UltraFine 31.5-Inch Computer Monitor 32UP83A-W, IPS with HDR 10 Compatibility and AMD FreeSync, White",$399.99,4.3,597.0,https://www.amazon.com/LG-32UP83A-W-Monitor-FreeSync-Compatibility/dp/B09GHTPWFV/ref=sr_1_166?dib=eyJ2IjoiMSJ9.-mOHCocIi47Nzg9c7o5OL_Smr5qQEFLlEGx_vlTNsA9Q6qhWzWVFqAzMsnzVfouV6yR_1Ah79Hh1l_sSjxF6ilLN663n_xkjAdsJEQwXNMHiXoxbTGS6g-JH7_Tz8Tt8HCi9jO8cM181pkpbXrelCMOwE0HwFJSNFaoyVAkoRV_ce4Yw11MreY6_IpaLn1g_jO3TPzp6VGMukNJ2SLyrVg0UHgKmW41phAHadVp6Ke4.oEqJTJL06s8PIH_7Ll71Bx5HG2svKZEQC2ExXSrmsmo&dib_tag=se&keywords=ultrawide+monitor&qid=1733686017&sr=8-166
"ViewSonic VG3456A 34 Inch 21:9 Ultrawide QHD 1440p IPS Monitor with Ergonomic Design, 100W USB C, Docking Built-in, Gigabit Ethernet RJ54 for Home and Office",$549.99,4.7,17.0,https://www.amazon.com/ViewSonic-VG3456A-Inch-UltraWide-Built/dp/B0CL716B7V/ref=sr_1_167?dib=eyJ2IjoiMSJ9.-mOHCocIi47Nzg9c7o5OL_Smr5qQEFLlEGx_vlTNsA9Q6qhWzWVFqAzMsnzVfouV6yR_1Ah79Hh1l_sSjxF6ilLN663n_xkjAdsJEQwXNMHiXoxbTGS6g-JH7_Tz8Tt8HCi9jO8cM181pkpbXrelCMOwE0HwFJSNFaoyVAkoRV_ce4Yw11MreY6_IpaLn1g_jO3TPzp6VGMukNJ2SLyrVg0UHgKmW41phAHadVp6Ke4.oEqJTJL06s8PIH_7Ll71Bx5HG2svKZEQC2ExXSrmsmo&dib_tag=se&keywords=ultrawide+monitor&qid=1733686017&sr=8-167
"AOC CU34G2X-B 34"" 3440 x 1440 144Hz Ultawide Curved Monitor - Certified Refurbished",$299.99,4.3,139.0,https://www.amazon.com/AOC-CU34G2X-B-Ultawide-Curved-Monitor/dp/B0875MY2L5/ref=sr_1_168?dib=eyJ2IjoiMSJ9.-mOHCocIi47Nzg9c7o5OL_Smr5qQEFLlEGx_vlTNsA9Q6qhWzWVFqAzMsnzVfouV6yR_1Ah79Hh1l_sSjxF6ilLN663n_xkjAdsJEQwXNMHiXoxbTGS6g-JH7_Tz8Tt8HCi9jO8cM181pkpbXrelCMOwE0HwFJSNFaoyVAkoRV_ce4Yw11MreY6_IpaLn1g_jO3TPzp6VGMukNJ2SLyrVg0UHgKmW41phAHadVp6Ke4.oEqJTJL06s8PIH_7Ll71Bx5HG2svKZEQC2ExXSrmsmo&dib_tag=se&keywords=ultrawide+monitor&qid=1733686017&sr=8-168
"Cooler Master GM34-CWQA 34” ARGB Curved 144Hz VA QD Tech Ultra-WQHD 3440 x 1440 PC Monitor, 0.5ms (MPRT), Curve 1500R, FreeSync Premium, DP*1, HDMI2.0 * 2, USB C*1, VESA Mount (CMI-GM34-CWQA-US)",$299.99,3.2,95.0,https://www.amazon.com/Cooler-Master-GM34-CWQA-Ultra-WQHD-FreeSync/dp/B09TTY159J/ref=sr_1_169?dib=eyJ2IjoiMSJ9.-mOHCocIi47Nzg9c7o5OL_Smr5qQEFLlEGx_vlTNsA9Q6qhWzWVFqAzMsnzVfouV6yR_1Ah79Hh1l_sSjxF6ilLN663n_xkjAdsJEQwXNMHiXoxbTGS6g-JH7_Tz8Tt8HCi9jO8cM181pkpbXrelCMOwE0HwFJSNFaoyVAkoRV_ce4Yw11MreY6_IpaLn1g_jO3TPzp6VGMukNJ2SLyrVg0UHgKmW41phAHadVp6Ke4.oEqJTJL06s8PIH_7Ll71Bx5HG2svKZEQC2ExXSrmsmo&dib_tag=se&keywords=ultrawide+monitor&qid=1733686017&sr=8-169
"Z-Edge 27-inch Curved Gaming Monitor, Full HD 1080P 1920x1080 LED Backlight Monitor, with 75Hz Refresh Rate and Eye-Care Technology, 178° Wide View Angle, VGA+HDMI",$149.99,4.3,1009.0,https://www.amazon.com/Z-Edge-1920x1080-Backlight-Eye-Care-Technology/dp/B08H8JM216/ref=sr_1_170?dib=eyJ2IjoiMSJ9.-mOHCocIi47Nzg9c7o5OL_Smr5qQEFLlEGx_vlTNsA9Q6qhWzWVFqAzMsnzVfouV6yR_1Ah79Hh1l_sSjxF6ilLN663n_xkjAdsJEQwXNMHiXoxbTGS6g-JH7_Tz8Tt8HCi9jO8cM181pkpbXrelCMOwE0HwFJSNFaoyVAkoRV_ce4Yw11MreY6_IpaLn1g_jO3TPzp6VGMukNJ2SLyrVg0UHgKmW41phAHadVp6Ke4.oEqJTJL06s8PIH_7Ll71Bx5HG2svKZEQC2ExXSrmsmo&dib_tag=se&keywords=ultrawide+monitor&qid=1733686017&sr=8-170
"34-Inch Curved UWQHD 3440 x 1440 Gaming Monitor with 165Hz, 1ms, FreeSync, 100% sRGB, DCI-P3 95%, 1500R Curved PC Screen Ultrawide 21:9, HDMI(2.1)x 2 & DisplayPort x 2, Build-in Speakers, VESA,Tilt",$233.99,4.8,12.0,https://www.amazon.com/sspa/click?ie=UTF8&spc=MTo0MDExMjgyOTUxMTUzOTkyOjE3MzM2ODYwMTc6c3BfbXRmOjMwMDU2NjczODg4MjEwMjo6MDo6&url=%2F34-Inch-Curved-Monitor-FreeSync-Ultrawide%2Fdp%2FB0DFWRJX22%2Fref%3Dsr_1_171_sspa%3Fdib%3DeyJ2IjoiMSJ9.-mOHCocIi47Nzg9c7o5OL_Smr5qQEFLlEGx_vlTNsA9Q6qhWzWVFqAzMsnzVfouV6yR_1Ah79Hh1l_sSjxF6ilLN663n_xkjAdsJEQwXNMHiXoxbTGS6g-JH7_Tz8Tt8HCi9jO8cM181pkpbXrelCMOwE0HwFJSNFaoyVAkoRV_ce4Yw11MreY6_IpaLn1g_jO3TPzp6VGMukNJ2SLyrVg0UHgKmW41phAHadVp6Ke4.oEqJTJL06s8PIH_7Ll71Bx5HG2svKZEQC2ExXSrmsmo%26dib_tag%3Dse%26keywords%3Dultrawide%2Bmonitor%26qid%3D1733686017%26sr%3D8-171-spons%26sp_csd%3Dd2lkZ2V0TmFtZT1zcF9tdGY%26psc%3D1
"INNOCN 43 Inch 4K Ultrawide Gaming Monitor 144Hz USB Type C PC Desktop AMD Freesync Larger PC HDR400 Monitor, Built-in Stereo Speakers, DisplayPort, HDMI, Height Adjustable, Black",$699.99,3.7,17.0,https://www.amazon.com/sspa/click?ie=UTF8&spc=MTo0MDExMjgyOTUxMTUzOTkyOjE3MzM2ODYwMTc6c3BfbXRmOjMwMDM0OTU4OTA3NTIwMjo6MDo6&url=%2FINNOCN-Monitor-Freesync-Speakers-Adjustable%2Fdp%2FB0BNM56PF5%2Fref%3Dsr_1_172_sspa%3Fdib%3DeyJ2IjoiMSJ9.-mOHCocIi47Nzg9c7o5OL_Smr5qQEFLlEGx_vlTNsA9Q6qhWzWVFqAzMsnzVfouV6yR_1Ah79Hh1l_sSjxF6ilLN663n_xkjAdsJEQwXNMHiXoxbTGS6g-JH7_Tz8Tt8HCi9jO8cM181pkpbXrelCMOwE0HwFJSNFaoyVAkoRV_ce4Yw11MreY6_IpaLn1g_jO3TPzp6VGMukNJ2SLyrVg0UHgKmW41phAHadVp6Ke4.oEqJTJL06s8PIH_7Ll71Bx5HG2svKZEQC2ExXSrmsmo%26dib_tag%3Dse%26keywords%3Dultrawide%2Bmonitor%26qid%3D1733686017%26sr%3D8-172-spons%26sp_csd%3Dd2lkZ2V0TmFtZT1zcF9tdGY%26psc%3D1
"HUANUO Dual Monitor Stand - Full Adjustable Monitor Desk Mount Swivel Vesa Bracket with C Clamp, Grommet Mounting Base for 13 to 32 Inch Computer Screens - Each Arm Holds 4.4 to 19.8lbs",$59.99,4.6,28615.0,https://www.amazon.com/HUANUO-Dual-Monitor-Stand-Adjustable/dp/B07T5SY43L/ref=sr_1_173?dib=eyJ2IjoiMSJ9.-mOHCocIi47Nzg9c7o5OL_Smr5qQEFLlEGx_vlTNsA9Q6qhWzWVFqAzMsnzVfouV6yR_1Ah79Hh1l_sSjxF6ilLN663n_xkjAdsJEQwXNMHiXoxbTGS6g-JH7_Tz8Tt8HCi9jO8cM181pkpbXrelCMOwE0HwFJSNFaoyVAkoRV_ce4Yw11MreY6_IpaLn1g_jO3TPzp6VGMukNJ2SLyrVg0UHgKmW41phAHadVp6Ke4.oEqJTJL06s8PIH_7Ll71Bx5HG2svKZEQC2ExXSrmsmo&dib_tag=se&keywords=ultrawide+monitor&qid=1733686017&sr=8-173
"SAMSUNG 32"" ViewFinity S8 (S80D) Series 4K UHD High Resolution Computer Monitor, HDR10, Multiple Ports w/HDMI, DisplayPort, USB-A, Height Adjustable Stand, LS32D806EANXGO, 2024, 3Yr Warranty",$403.71,3.3,4.0,https://www.amazon.com/SAMSUNG-ViewFinity-Resolution-DisplayPort-LS32D806EANXGO/dp/B0D4ZNF5LT/ref=sr_1_175?dib=eyJ2IjoiMSJ9.-mOHCocIi47Nzg9c7o5OL_Smr5qQEFLlEGx_vlTNsA9Q6qhWzWVFqAzMsnzVfouV6yR_1Ah79Hh1l_sSjxF6ilLN663n_xkjAdsJEQwXNMHiXoxbTGS6g-JH7_Tz8Tt8HCi9jO8cM181pkpbXrelCMOwE0HwFJSNFaoyVAkoRV_ce4Yw11MreY6_IpaLn1g_jO3TPzp6VGMukNJ2SLyrVg0UHgKmW41phAHadVp6Ke4.oEqJTJL06s8PIH_7Ll71Bx5HG2svKZEQC2ExXSrmsmo&dib_tag=se&keywords=ultrawide+monitor&qid=1733686017&sr=8-175
LG 32SR70U-W MyView Smart Monitor 32-Inch 4K UHD (3840x2160) IPS Display webOS 23 USB Type-C Speakers 7W x2 HDR 10 AirPlay 2 Screen Share Bluetooth Remote - White,$479.98,3.8,11.0,https://www.amazon.com/LG-32SR70U-W-3840x2160-Speakers-Bluetooth/dp/B0CX5N4BDJ/ref=sr_1_180?dib=eyJ2IjoiMSJ9.-mOHCocIi47Nzg9c7o5OL_Smr5qQEFLlEGx_vlTNsA9Q6qhWzWVFqAzMsnzVfouV6yR_1Ah79Hh1l_sSjxF6ilLN663n_xkjAdsJEQwXNMHiXoxbTGS6g-JH7_Tz8Tt8HCi9jO8cM181pkpbXrelCMOwE0HwFJSNFaoyVAkoRV_ce4Yw11MreY6_IpaLn1g_jO3TPzp6VGMukNJ2SLyrVg0UHgKmW41phAHadVp6Ke4.oEqJTJL06s8PIH_7Ll71Bx5HG2svKZEQC2ExXSrmsmo&dib_tag=se&keywords=ultrawide+monitor&qid=1733686017&sr=8-180
"38 Inch UWQHD+ Curved Monitor, 3840 x 1600p 1.07 Billion Colors 98% DCI-P3, 100% sRGB, 10 Bit (8bit+A-FRC) Color Depth, Eyecare Technology Adaptive-Sync 60Hz R2300 Frameless Computer Monitor",$529.99,3.7,5.0,https://www.amazon.com/sspa/click?ie=UTF8&spc=MTo0MDExMjgyOTUxMTUzOTkyOjE3MzM2ODYwMTc6c3BfYnRmOjMwMDM4NDkzODE1MjgwMjo6MDo6&url=%2FVandossy-Color-Technology-Adaptive-Sync-Frameless%2Fdp%2FB0DBQFNMVN%2Fref%3Dsr_1_181_sspa%3Fdib%3DeyJ2IjoiMSJ9.-mOHCocIi47Nzg9c7o5OL_Smr5qQEFLlEGx_vlTNsA9Q6qhWzWVFqAzMsnzVfouV6yR_1Ah79Hh1l_sSjxF6ilLN663n_xkjAdsJEQwXNMHiXoxbTGS6g-JH7_Tz8Tt8HCi9jO8cM181pkpbXrelCMOwE0HwFJSNFaoyVAkoRV_ce4Yw11MreY6_IpaLn1g_jO3TPzp6VGMukNJ2SLyrVg0UHgKmW41phAHadVp6Ke4.oEqJTJL06s8PIH_7Ll71Bx5HG2svKZEQC2ExXSrmsmo%26dib_tag%3Dse%26keywords%3Dultrawide%2Bmonitor%26qid%3D1733686017%26sr%3D8-181-spons%26sp_csd%3Dd2lkZ2V0TmFtZT1zcF9idGY%26psc%3D1
"Aothia Large Dual Monitor Stand Riser, Solid Wood Desk Shelf with Eco Cork Legs for Laptop Computer/TV/PC/Printers, Perfect Desktop Stands Organizer with Underneath Storage for Office Accessories",$59.99,4.5,1386.0,https://www.amazon.com/sspa/click?ie=UTF8&spc=MTo0MDExMjgyOTUxMTUzOTkyOjE3MzM2ODYwMTc6c3BfYnRmOjMwMDAwOTUzOTk5OTcwMjo6MDo6&url=%2FAothia-Computer-Sustainable-Supports-Organizer%2Fdp%2FB08P1V75GB%2Fref%3Dsr_1_182_sspa%3Fdib%3DeyJ2IjoiMSJ9.-mOHCocIi47Nzg9c7o5OL_Smr5qQEFLlEGx_vlTNsA9Q6qhWzWVFqAzMsnzVfouV6yR_1Ah79Hh1l_sSjxF6ilLN663n_xkjAdsJEQwXNMHiXoxbTGS6g-JH7_Tz8Tt8HCi9jO8cM181pkpbXrelCMOwE0HwFJSNFaoyVAkoRV_ce4Yw11MreY6_IpaLn1g_jO3TPzp6VGMukNJ2SLyrVg0UHgKmW41phAHadVp6Ke4.oEqJTJL06s8PIH_7Ll71Bx5HG2svKZEQC2ExXSrmsmo%26dib_tag%3Dse%26keywords%3Dultrawide%2Bmonitor%26qid%3D1733686017%26sr%3D8-182-spons%26sp_csd%3Dd2lkZ2V0TmFtZT1zcF9idGY%26psc%3D1
"HUANUO Dual Monitor Stand for 13 to 35 inch, Premium Dual Monitor Mount with USB, Height Adjustable Monitor Stand for 2 Monitors, VESA Mount with Clamp/Grommet Base, Each Arm Hold up to 26.4lbs, Black",$139.99,4.6,5258.0,https://www.amazon.com/sspa/click?ie=UTF8&spc=MToxMTkxNzc5NTI3NDg0MTY4OjE3MzM2ODYwMjc6c3BfYXRmX25leHQ6MzAwMjI5ODIwMzg3NTAyOjowOjo&url=%2FDual-Monitor-Mount-Stand-Adjustable%2Fdp%2FB07X262MRK%2Fref%3Dsr_1_177_sspa%3Fdib%3DeyJ2IjoiMSJ9.voP9Zok1a3-JqtudDiWvozPtEmqBiWNALsb0G0yOhbEWznV84XRHCvII5F9nV1kkRxa2BAb1za4f-o7VMr2nksHpR5xxpN7BznVq0jMyaBHsRPrp9ZnOUwSifq6_LlQuPQzdqSWt1iolgQ5LkuuDyRIuq7AChsBtiS-4mzkHksfi4zNcTZxyuFnJaqJP1dAK7azCMqsmu6pKDrM1YMlc7MTdsmyCvBoughetHosfksk.d0egs1Wz4hHs8UzJv-qFQyIRyuUMaEIeY3g64LH3yRo%26dib_tag%3Dse%26keywords%3Dultrawide%2Bmonitor%26qid%3D1733686027%26sr%3D8-177-spons%26sp_csd%3Dd2lkZ2V0TmFtZT1zcF9hdGZfbmV4dA%26psc%3D1
"NB North Bayou Heavy Duty Dual Monitor Arm Desk Mount, Full Motion Monitor Stand Fits for Two Big Screens 27""-34"" with Heavy Weight Capacity 11lbs-35.2lbs for Each arm, Gaming Monitor Stand G65",$79.90,4.1,28.0,https://www.amazon.com/sspa/click?ie=UTF8&spc=MToxMTkxNzc5NTI3NDg0MTY4OjE3MzM2ODYwMjc6c3BfYXRmX25leHQ6MzAwMDA1NzkzNzQzODAyOjowOjo&url=%2FNB-North-Bayou-Capacity-11lbs-35-2lbs%2Fdp%2FB0BNMXC8MC%2Fref%3Dsr_1_178_sspa%3Fdib%3DeyJ2IjoiMSJ9.voP9Zok1a3-JqtudDiWvozPtEmqBiWNALsb0G0yOhbEWznV84XRHCvII5F9nV1kkRxa2BAb1za4f-o7VMr2nksHpR5xxpN7BznVq0jMyaBHsRPrp9ZnOUwSifq6_LlQuPQzdqSWt1iolgQ5LkuuDyRIuq7AChsBtiS-4mzkHksfi4zNcTZxyuFnJaqJP1dAK7azCMqsmu6pKDrM1YMlc7MTdsmyCvBoughetHosfksk.d0egs1Wz4hHs8UzJv-qFQyIRyuUMaEIeY3g64LH3yRo%26dib_tag%3Dse%26keywords%3Dultrawide%2Bmonitor%26qid%3D1733686027%26sr%3D8-178-spons%26sp_csd%3Dd2lkZ2V0TmFtZT1zcF9hdGZfbmV4dA%26psc%3D1
"Samsung S65UA Series 34-Inch Viewfinity Ultrawide QHD Computer Monitor, 100Hz, Curved, USB-C, HDR10 (1 Billion Colors), Height Adjustable Stand, TUV-Certified Intelligent Eye Care (LS34A654UXNXGO)",$674.97,4.0,74.0,https://www.amazon.com/SAMSUNG-Adjustable-TUV-Certified-Intelligent-LS34A654UXNXGO/dp/B08YGTHBCC/ref=sr_1_179?dib=eyJ2IjoiMSJ9.voP9Zok1a3-JqtudDiWvozPtEmqBiWNALsb0G0yOhbEWznV84XRHCvII5F9nV1kkRxa2BAb1za4f-o7VMr2nksHpR5xxpN7BznVq0jMyaBHsRPrp9ZnOUwSifq6_LlQuPQzdqSWt1iolgQ5LkuuDyRIuq7AChsBtiS-4mzkHksfi4zNcTZxyuFnJaqJP1dAK7azCMqsmu6pKDrM1YMlc7MTdsmyCvBoughetHosfksk.d0egs1Wz4hHs8UzJv-qFQyIRyuUMaEIeY3g64LH3yRo&dib_tag=se&keywords=ultrawide+monitor&qid=1733686027&sr=8-179
"SANSUI Curved Monitor 24 inch 100Hz USB Type-C Computer Monitor with Built-in Speakers- MPRT 1ms,Adaptive Sync,HDR,1500R,VESA 75x75mm Compatible, for Home and Office(HDMI Cable Include ES-24C1)",$109.99,4.3,3642.0,https://www.amazon.com/SANSUI-Computer-Speakers-Adaptive-Compatible/dp/B0DB8HP831/ref=sr_1_181?dib=eyJ2IjoiMSJ9.voP9Zok1a3-JqtudDiWvozPtEmqBiWNALsb0G0yOhbEWznV84XRHCvII5F9nV1kkRxa2BAb1za4f-o7VMr2nksHpR5xxpN7BznVq0jMyaBHsRPrp9ZnOUwSifq6_LlQuPQzdqSWt1iolgQ5LkuuDyRIuq7AChsBtiS-4mzkHksfi4zNcTZxyuFnJaqJP1dAK7azCMqsmu6pKDrM1YMlc7MTdsmyCvBoughetHosfksk.d0egs1Wz4hHs8UzJv-qFQyIRyuUMaEIeY3g64LH3yRo&dib_tag=se&keywords=ultrawide+monitor&qid=1733686027&sr=8-181
"ViewSonic VX3418-2K 34 Inch 21:9 1440p 1ms 165Hz Gaming Monitor with FreeSync Premium, Eye Care, HDMI, DisplayPort and USB",$289.99,1.0,1.0,https://www.amazon.com/ViewSonic-VX3418-2K-34-Inch-DisplayPort/dp/B0D4DPFW4Y/ref=sr_1_182?dib=eyJ2IjoiMSJ9.voP9Zok1a3-JqtudDiWvozPtEmqBiWNALsb0G0yOhbEWznV84XRHCvII5F9nV1kkRxa2BAb1za4f-o7VMr2nksHpR5xxpN7BznVq0jMyaBHsRPrp9ZnOUwSifq6_LlQuPQzdqSWt1iolgQ5LkuuDyRIuq7AChsBtiS-4mzkHksfi4zNcTZxyuFnJaqJP1dAK7azCMqsmu6pKDrM1YMlc7MTdsmyCvBoughetHosfksk.d0egs1Wz4hHs8UzJv-qFQyIRyuUMaEIeY3g64LH3yRo&dib_tag=se&keywords=ultrawide+monitor&qid=1733686027&sr=8-182
"LG 28MQ750-C 28 Inch SDQHD (2560 x 2880) Nano IPS DualUp Monitor with Tilt/Height/Swivel Stand, DCI-P3 98% (Typ.) HDR10, USB Type-C (90W PD) - Black",$637.35,4.4,505.0,https://www.amazon.com/LG-28MQ750-C-DualUp-Monitor-Height/dp/B0BSLX8H3T/ref=sr_1_183?dib=eyJ2IjoiMSJ9.voP9Zok1a3-JqtudDiWvozPtEmqBiWNALsb0G0yOhbEWznV84XRHCvII5F9nV1kkRxa2BAb1za4f-o7VMr2nksHpR5xxpN7BznVq0jMyaBHsRPrp9ZnOUwSifq6_LlQuPQzdqSWt1iolgQ5LkuuDyRIuq7AChsBtiS-4mzkHksfi4zNcTZxyuFnJaqJP1dAK7azCMqsmu6pKDrM1YMlc7MTdsmyCvBoughetHosfksk.d0egs1Wz4hHs8UzJv-qFQyIRyuUMaEIeY3g64LH3yRo&dib_tag=se&keywords=ultrawide+monitor&qid=1733686027&sr=8-183
"LG 40WP95C-W 40” UltraWide Curved WUHD (5120 x 2160) 5K2K Nano IPS Display, DCI-P3 98% (Typ.) with HDR10","$1,161.98",3.6,11.0,https://www.amazon.com/LG-40WP95C-W-UltraWide-Curved-Display/dp/B09YZYDXG8/ref=sr_1_185?dib=eyJ2IjoiMSJ9.voP9Zok1a3-JqtudDiWvozPtEmqBiWNALsb0G0yOhbEWznV84XRHCvII5F9nV1kkRxa2BAb1za4f-o7VMr2nksHpR5xxpN7BznVq0jMyaBHsRPrp9ZnOUwSifq6_LlQuPQzdqSWt1iolgQ5LkuuDyRIuq7AChsBtiS-4mzkHksfi4zNcTZxyuFnJaqJP1dAK7azCMqsmu6pKDrM1YMlc7MTdsmyCvBoughetHosfksk.d0egs1Wz4hHs8UzJv-qFQyIRyuUMaEIeY3g64LH3yRo&dib_tag=se&keywords=ultrawide+monitor&qid=1733686027&sr=8-185
"SAMSUNG S61B Series 27-Inch QHD (2560x1440) Computer Monitor, 75Hz, HDMI, IPS Panel, DisplayPort, FreeSync, Height Adjustable Stand (LS27B610EQNXZA), Black",$149.99,4.4,180.0,https://www.amazon.com/SAMSUNG-2560x1440-DisplayPort-Adjustable-LS27B610EQNXZA/dp/B09VRX8WL9/ref=sr_1_187?dib=eyJ2IjoiMSJ9.voP9Zok1a3-JqtudDiWvozPtEmqBiWNALsb0G0yOhbEWznV84XRHCvII5F9nV1kkRxa2BAb1za4f-o7VMr2nksHpR5xxpN7BznVq0jMyaBHsRPrp9ZnOUwSifq6_LlQuPQzdqSWt1iolgQ5LkuuDyRIuq7AChsBtiS-4mzkHksfi4zNcTZxyuFnJaqJP1dAK7azCMqsmu6pKDrM1YMlc7MTdsmyCvBoughetHosfksk.d0egs1Wz4hHs8UzJv-qFQyIRyuUMaEIeY3g64LH3yRo&dib_tag=se&keywords=ultrawide+monitor&qid=1733686027&sr=8-187
"LG 32GN650-B Ultragear Gaming Monitor 32” QHD (2560 x 1440) Display, 165Hz Refresh Rate, 1ms MBR, HDR 10, sRGB 95% Color Gamut, AMD FreeSync – Black",$244.96,4.5,1861.0,https://www.amazon.com/LG-32GN650-B-Ultragear-Reduction-FreeSync/dp/B08LLF9NS1/ref=sr_1_188?dib=eyJ2IjoiMSJ9.voP9Zok1a3-JqtudDiWvozPtEmqBiWNALsb0G0yOhbEWznV84XRHCvII5F9nV1kkRxa2BAb1za4f-o7VMr2nksHpR5xxpN7BznVq0jMyaBHsRPrp9ZnOUwSifq6_LlQuPQzdqSWt1iolgQ5LkuuDyRIuq7AChsBtiS-4mzkHksfi4zNcTZxyuFnJaqJP1dAK7azCMqsmu6pKDrM1YMlc7MTdsmyCvBoughetHosfksk.d0egs1Wz4hHs8UzJv-qFQyIRyuUMaEIeY3g64LH3yRo&dib_tag=se&keywords=ultrawide+monitor&qid=1733686027&sr=8-188
"SAMSUNG 32"" CR50 FHD 1500R Curved Monitor, 75Hz, 4ms GTG, AMD Freesync, HDMI, VGA (LC32R500FHNXZA)",$192.93,4.6,2663.0,https://www.amazon.com/Samsung-LC32R500FHNXZA-Monitor-Bezel-less-Renewed/dp/B089HPRSJ4/ref=sr_1_189?dib=eyJ2IjoiMSJ9.voP9Zok1a3-JqtudDiWvozPtEmqBiWNALsb0G0yOhbEWznV84XRHCvII5F9nV1kkRxa2BAb1za4f-o7VMr2nksHpR5xxpN7BznVq0jMyaBHsRPrp9ZnOUwSifq6_LlQuPQzdqSWt1iolgQ5LkuuDyRIuq7AChsBtiS-4mzkHksfi4zNcTZxyuFnJaqJP1dAK7azCMqsmu6pKDrM1YMlc7MTdsmyCvBoughetHosfksk.d0egs1Wz4hHs8UzJv-qFQyIRyuUMaEIeY3g64LH3yRo&dib_tag=se&keywords=ultrawide+monitor&qid=1733686027&sr=8-189
"Dual Monitor Stand - Vertical Stack Screen Free-Standing Monitor Riser Fits Two 13 to 34 Inch Screen with Swivel, Tilt, Height Adjustable, Holds One (1) Screen Up to 44Lbs",$44.95,4.6,4371.0,https://www.amazon.com/Dual-Monitor-Stand-Free-Standing-Adjustable/dp/B082845XM8/ref=sr_1_190?dib=eyJ2IjoiMSJ9.voP9Zok1a3-JqtudDiWvozPtEmqBiWNALsb0G0yOhbEWznV84XRHCvII5F9nV1kkRxa2BAb1za4f-o7VMr2nksHpR5xxpN7BznVq0jMyaBHsRPrp9ZnOUwSifq6_LlQuPQzdqSWt1iolgQ5LkuuDyRIuq7AChsBtiS-4mzkHksfi4zNcTZxyuFnJaqJP1dAK7azCMqsmu6pKDrM1YMlc7MTdsmyCvBoughetHosfksk.d0egs1Wz4hHs8UzJv-qFQyIRyuUMaEIeY3g64LH3yRo&dib_tag=se&keywords=ultrawide+monitor&qid=1733686027&sr=8-190
"VIVO Heavy Duty Aluminum Ultrawide Monitor Tension Arm for 49 inch Screens up to 44 lbs, Premium Desk Mount Monitor Stand Designed for Samsung Odyssey G9 and More, Black, STAND-V101E",$89.99,4.5,1936.0,https://www.amazon.com/VIVO-Aluminum-Ultrawide-Designed-STAND-V101E/dp/B0DGS26LYX/ref=sr_1_191?dib=eyJ2IjoiMSJ9.voP9Zok1a3-JqtudDiWvozPtEmqBiWNALsb0G0yOhbEWznV84XRHCvII5F9nV1kkRxa2BAb1za4f-o7VMr2nksHpR5xxpN7BznVq0jMyaBHsRPrp9ZnOUwSifq6_LlQuPQzdqSWt1iolgQ5LkuuDyRIuq7AChsBtiS-4mzkHksfi4zNcTZxyuFnJaqJP1dAK7azCMqsmu6pKDrM1YMlc7MTdsmyCvBoughetHosfksk.d0egs1Wz4hHs8UzJv-qFQyIRyuUMaEIeY3g64LH3yRo&dib_tag=se&keywords=ultrawide+monitor&qid=1733686027&sr=8-191
"GIGABYTE GS27QC 27"" 165Hz 1440P Curved Gaming Monitor, 2560 x 1440 VA 1500R Display, 1ms (MPRT) Response Time, HDR Ready, FreeSync Premium, 1x Display Port 1.4, 2X HDMI 2.0,Black",$199.99,4.5,842.0,https://www.amazon.com/GIGABYTE-GS27QC-Monitor-Response-FreeSync/dp/B0CCSX399J/ref=sr_1_192?dib=eyJ2IjoiMSJ9.voP9Zok1a3-JqtudDiWvozPtEmqBiWNALsb0G0yOhbEWznV84XRHCvII5F9nV1kkRxa2BAb1za4f-o7VMr2nksHpR5xxpN7BznVq0jMyaBHsRPrp9ZnOUwSifq6_LlQuPQzdqSWt1iolgQ5LkuuDyRIuq7AChsBtiS-4mzkHksfi4zNcTZxyuFnJaqJP1dAK7azCMqsmu6pKDrM1YMlc7MTdsmyCvBoughetHosfksk.d0egs1Wz4hHs8UzJv-qFQyIRyuUMaEIeY3g64LH3yRo&dib_tag=se&keywords=ultrawide+monitor&qid=1733686027&sr=8-192
"32 Inch Computer Monitor, Ultra-Thin Zero Frame, 75Hz Full HD 1920 x 1080p Curved Display, HDMI/VGA, Home Office Business PC Monitor",$142.49,4.3,1607.0,https://www.amazon.com/Gawfolk-Computer-Monitor-Ultra-Thin-Business/dp/B0BZKR3DD3/ref=sr_1_193?dib=eyJ2IjoiMSJ9.voP9Zok1a3-JqtudDiWvozPtEmqBiWNALsb0G0yOhbEWznV84XRHCvII5F9nV1kkRxa2BAb1za4f-o7VMr2nksHpR5xxpN7BznVq0jMyaBHsRPrp9ZnOUwSifq6_LlQuPQzdqSWt1iolgQ5LkuuDyRIuq7AChsBtiS-4mzkHksfi4zNcTZxyuFnJaqJP1dAK7azCMqsmu6pKDrM1YMlc7MTdsmyCvBoughetHosfksk.d0egs1Wz4hHs8UzJv-qFQyIRyuUMaEIeY3g64LH3yRo&dib_tag=se&keywords=ultrawide+monitor&qid=1733686027&sr=8-193
"LG 32SR50F-G MyView Smart Monitor 32-Inch FHD (1920x1080) IPS Display, webOS 23, HDR 10, x2 Built-in Speakers, AirPlay 2, Screen Share, Bluetooth, ThinQ App, Remote Control, Green",$229.99,4.4,182.0,https://www.amazon.com/LG-32SR50F-G-1920x1080-Speakers-Bluetooth/dp/B0D5196BJP/ref=sr_1_194?dib=eyJ2IjoiMSJ9.voP9Zok1a3-JqtudDiWvozPtEmqBiWNALsb0G0yOhbEWznV84XRHCvII5F9nV1kkRxa2BAb1za4f-o7VMr2nksHpR5xxpN7BznVq0jMyaBHsRPrp9ZnOUwSifq6_LlQuPQzdqSWt1iolgQ5LkuuDyRIuq7AChsBtiS-4mzkHksfi4zNcTZxyuFnJaqJP1dAK7azCMqsmu6pKDrM1YMlc7MTdsmyCvBoughetHosfksk.d0egs1Wz4hHs8UzJv-qFQyIRyuUMaEIeY3g64LH3yRo&dib_tag=se&keywords=ultrawide+monitor&qid=1733686027&sr=8-194
"Computer Monitor FHD 32 Inch Monitor, 1920x1080P 60Hz 104% sRGB Display w/HDMI VGA 3.5mm Audio, HDR, VA Screen w/Freesync, Tilt，VESA Mount",$169.99,4.3,523.0,https://www.amazon.com/sspa/click?ie=UTF8&spc=MToxMTkxNzc5NTI3NDg0MTY4OjE3MzM2ODYwMjc6c3BfYnRmOjMwMDMwMzg5MDk1MTUwMjo6MDo6&url=%2FJlink-32-Inch-1080P-Monitor-Freesync%2Fdp%2FB0B58C2SDB%2Fref%3Dsr_1_195_sspa%3Fdib%3DeyJ2IjoiMSJ9.voP9Zok1a3-JqtudDiWvozPtEmqBiWNALsb0G0yOhbEWznV84XRHCvII5F9nV1kkRxa2BAb1za4f-o7VMr2nksHpR5xxpN7BznVq0jMyaBHsRPrp9ZnOUwSifq6_LlQuPQzdqSWt1iolgQ5LkuuDyRIuq7AChsBtiS-4mzkHksfi4zNcTZxyuFnJaqJP1dAK7azCMqsmu6pKDrM1YMlc7MTdsmyCvBoughetHosfksk.d0egs1Wz4hHs8UzJv-qFQyIRyuUMaEIeY3g64LH3yRo%26dib_tag%3Dse%26keywords%3Dultrawide%2Bmonitor%26qid%3D1733686027%26sr%3D8-195-spons%26sp_csd%3Dd2lkZ2V0TmFtZT1zcF9idGY%26psc%3D1
"WALI Single Monitor Arm, Gas Spring Single Monitor Mount up to 49 inches, Ultrawide Monitor Arm Holds up to 44lbs, Heavy Duty Monitor Mount Desk with C Clamp and Grommet Base (GSM001XL-P), Black",$99.99,4.4,59.0,https://www.amazon.com/sspa/click?ie=UTF8&spc=MToxMTkxNzc5NTI3NDg0MTY4OjE3MzM2ODYwMjc6c3BfYnRmOjMwMDA4NzE3MTIzOTcwMjo6MDo6&url=%2FWALI-Monitor-Ultrawide-Grommet-GSM001XL-P%2Fdp%2FB0CB3YQ76H%2Fref%3Dsr_1_196_sspa%3Fdib%3DeyJ2IjoiMSJ9.voP9Zok1a3-JqtudDiWvozPtEmqBiWNALsb0G0yOhbEWznV84XRHCvII5F9nV1kkRxa2BAb1za4f-o7VMr2nksHpR5xxpN7BznVq0jMyaBHsRPrp9ZnOUwSifq6_LlQuPQzdqSWt1iolgQ5LkuuDyRIuq7AChsBtiS-4mzkHksfi4zNcTZxyuFnJaqJP1dAK7azCMqsmu6pKDrM1YMlc7MTdsmyCvBoughetHosfksk.d0egs1Wz4hHs8UzJv-qFQyIRyuUMaEIeY3g64LH3yRo%26dib_tag%3Dse%26keywords%3Dultrawide%2Bmonitor%26qid%3D1733686027%26sr%3D8-196-spons%26sp_csd%3Dd2lkZ2V0TmFtZT1zcF9idGY%26psc%3D1
"Dual Monitor Mount for Desk, Heavy Duty Dual Monitor Stand for 17 to 35 inch Ultrawide Monitors Holds 4.4 to 26.4 lbs Screen, Height Adjustable Monitor Arm for Gaming, Home, Office, VESA Mount, Black",$129.99,4.5,1059.0,https://www.amazon.com/sspa/click?ie=UTF8&spc=MToyMTEzNTEwMzU4NDc1OTQ0OjE3MzM2ODYwMzc6c3BfYXRmX25leHQ6MzAwNTU2MzM0MTgwNTAyOjowOjo&url=%2FMonitor-Ultrawide-Monitors-Screen-Adjustable%2Fdp%2FB0D8B6F8GC%2Fref%3Dsr_1_193_sspa%3Fdib%3DeyJ2IjoiMSJ9.QBwYz83yYbjlUJUbHJvPrysAJqEqZfIbpF6oax9dExgLll8q_YPodlIk6BhyXft1pKqmoX4auyUpbhNqTg-Ok5gCB9KNxnldYGxly2K5KjQC-8edGubHepwuxqRLR3Kwi6O7EmlNwSBOcUstnF6b0_65T_fgAMUWLdgiafYCi4rTe_fTl4Diqv73CuW10qZho1Fqdjgr4cgNeaVtq_e_mIiO-KfFtuI4sbAGSZdn9kk.vEWRAO1GWtnwxoQ_Bs08s8mRRlue9NN6a4Y9LAmxk7Y%26dib_tag%3Dse%26keywords%3Dultrawide%2Bmonitor%26qid%3D1733686037%26sr%3D8-193-spons%26sp_csd%3Dd2lkZ2V0TmFtZT1zcF9hdGZfbmV4dA%26psc%3D1
"Monitor Wall Mount, Computer Monitor Wall Mount for 17-32 inch Flat/Curved Screens, Gas Spring Single Wall Mount Monitor Arm Holds up to 17.6lbs, Tilt, VESA 75x75/100x100 mm",$37.99,4.5,247.0,https://www.amazon.com/sspa/click?ie=UTF8&spc=MToyMTEzNTEwMzU4NDc1OTQ0OjE3MzM2ODYwMzc6c3BfYXRmX25leHQ6MzAwMTY0NjcxMDQ4MDAyOjowOjo&url=%2FUPGRAVITY-Monitor-Computer-Adjustable-Management%2Fdp%2FB09Y1NCR3C%2Fref%3Dsr_1_194_sspa%3Fdib%3DeyJ2IjoiMSJ9.QBwYz83yYbjlUJUbHJvPrysAJqEqZfIbpF6oax9dExgLll8q_YPodlIk6BhyXft1pKqmoX4auyUpbhNqTg-Ok5gCB9KNxnldYGxly2K5KjQC-8edGubHepwuxqRLR3Kwi6O7EmlNwSBOcUstnF6b0_65T_fgAMUWLdgiafYCi4rTe_fTl4Diqv73CuW10qZho1Fqdjgr4cgNeaVtq_e_mIiO-KfFtuI4sbAGSZdn9kk.vEWRAO1GWtnwxoQ_Bs08s8mRRlue9NN6a4Y9LAmxk7Y%26dib_tag%3Dse%26keywords%3Dultrawide%2Bmonitor%26qid%3D1733686037%26sr%3D8-194-spons%26sp_csd%3Dd2lkZ2V0TmFtZT1zcF9hdGZfbmV4dA%26psc%3D1
"LG 32SR50F-G MyView Smart Monitor 32-Inch FHD (1920x1080) IPS Display, webOS 23, HDR 10, x2 Built-in Speakers, AirPlay 2, Screen Share, Bluetooth, ThinQ App, Remote Control, Green",$229.99,4.4,182.0,https://www.amazon.com/LG-32SR50F-G-1920x1080-Speakers-Bluetooth/dp/B0D5196BJP/ref=sr_1_195?dib=eyJ2IjoiMSJ9.QBwYz83yYbjlUJUbHJvPrysAJqEqZfIbpF6oax9dExgLll8q_YPodlIk6BhyXft1pKqmoX4auyUpbhNqTg-Ok5gCB9KNxnldYGxly2K5KjQC-8edGubHepwuxqRLR3Kwi6O7EmlNwSBOcUstnF6b0_65T_fgAMUWLdgiafYCi4rTe_fTl4Diqv73CuW10qZho1Fqdjgr4cgNeaVtq_e_mIiO-KfFtuI4sbAGSZdn9kk.vEWRAO1GWtnwxoQ_Bs08s8mRRlue9NN6a4Y9LAmxk7Y&dib_tag=se&keywords=ultrawide+monitor&qid=1733686037&sr=8-195
"HUANUO Single Monitor Arm for 40 inch Screens, Ultrawide Computer Monitor Mount Holds 26.48 lbs, Upgraded Adjustable Monitor Stand with USB, C-Clamp & Grommet Base, VESA 75x75 or 100x100mm",$89.99,4.6,3687.0,https://www.amazon.com/HUANUO-Monitor-Mount-Stand-Adjustable/dp/B07X48X4KM/ref=sr_1_196?dib=eyJ2IjoiMSJ9.QBwYz83yYbjlUJUbHJvPrysAJqEqZfIbpF6oax9dExgLll8q_YPodlIk6BhyXft1pKqmoX4auyUpbhNqTg-Ok5gCB9KNxnldYGxly2K5KjQC-8edGubHepwuxqRLR3Kwi6O7EmlNwSBOcUstnF6b0_65T_fgAMUWLdgiafYCi4rTe_fTl4Diqv73CuW10qZho1Fqdjgr4cgNeaVtq_e_mIiO-KfFtuI4sbAGSZdn9kk.vEWRAO1GWtnwxoQ_Bs08s8mRRlue9NN6a4Y9LAmxk7Y&dib_tag=se&keywords=ultrawide+monitor&qid=1733686037&sr=8-196
"HUANUO Heavy Duty Monitor Arm for 49 inches Screens up to 35 lbs, Aluminum Ultrawide Monitor Mount for Samsung Odyssey G9 Monitor Arm, Fully Adjustable Monitor Stand for Desk, VESA 100x100mm, Black",$99.99,4.5,93.0,https://www.amazon.com/HUANUO-Aluminum-Ultrawide-Adjustable-100x100mm/dp/B0CTQ8NN3K/ref=sr_1_197?dib=eyJ2IjoiMSJ9.QBwYz83yYbjlUJUbHJvPrysAJqEqZfIbpF6oax9dExgLll8q_YPodlIk6BhyXft1pKqmoX4auyUpbhNqTg-Ok5gCB9KNxnldYGxly2K5KjQC-8edGubHepwuxqRLR3Kwi6O7EmlNwSBOcUstnF6b0_65T_fgAMUWLdgiafYCi4rTe_fTl4Diqv73CuW10qZho1Fqdjgr4cgNeaVtq_e_mIiO-KfFtuI4sbAGSZdn9kk.vEWRAO1GWtnwxoQ_Bs08s8mRRlue9NN6a4Y9LAmxk7Y&dib_tag=se&keywords=ultrawide+monitor&qid=1733686037&sr=8-197
"Sceptre 27-inch IPS Eye Care Monitor 100Hz DisplayPort HDMI and USB-C 100% sRGB Build-in Speakers, Machine Black 2024 (E275W-FP100T)",$109.97,4.6,8120.0,https://www.amazon.com/Sceptre-27-inch-DisplayPort-Speakers-E275W-FP100T/dp/B0D6SQ8WN3/ref=sr_1_201?dib=eyJ2IjoiMSJ9.QBwYz83yYbjlUJUbHJvPrysAJqEqZfIbpF6oax9dExgLll8q_YPodlIk6BhyXft1pKqmoX4auyUpbhNqTg-Ok5gCB9KNxnldYGxly2K5KjQC-8edGubHepwuxqRLR3Kwi6O7EmlNwSBOcUstnF6b0_65T_fgAMUWLdgiafYCi4rTe_fTl4Diqv73CuW10qZho1Fqdjgr4cgNeaVtq_e_mIiO-KfFtuI4sbAGSZdn9kk.vEWRAO1GWtnwxoQ_Bs08s8mRRlue9NN6a4Y9LAmxk7Y&dib_tag=se&keywords=ultrawide+monitor&qid=1733686037&sr=8-201
"HUANUO Dual Monitor Mount for 40 inch Ultrawide Screens up to 33 lbs, Heavy Duty Dual Monitor Stand with Full Motion Adjustment, Dual Monitor Arm with Tilt, Swivel, Rotation, VESA 75x75 or 100x100mm",$129.99,4.2,50.0,https://www.amazon.com/HUANUO-Ultrawide-Adjustment-Rotation-100x100mm/dp/B0CMQ2RYVX/ref=sr_1_202?dib=eyJ2IjoiMSJ9.QBwYz83yYbjlUJUbHJvPrysAJqEqZfIbpF6oax9dExgLll8q_YPodlIk6BhyXft1pKqmoX4auyUpbhNqTg-Ok5gCB9KNxnldYGxly2K5KjQC-8edGubHepwuxqRLR3Kwi6O7EmlNwSBOcUstnF6b0_65T_fgAMUWLdgiafYCi4rTe_fTl4Diqv73CuW10qZho1Fqdjgr4cgNeaVtq_e_mIiO-KfFtuI4sbAGSZdn9kk.vEWRAO1GWtnwxoQ_Bs08s8mRRlue9NN6a4Y9LAmxk7Y&dib_tag=se&keywords=ultrawide+monitor&qid=1733686037&sr=8-202
BenQ ScreenBar Pro LED Monitor Light (Black)/Ultrawide Illumination/Motion Sensor/Adjustable Brightness and Color Temperature/Eye-Care Light Bar/No Screen Glare/Space Saving/Curved Monitors/USB-C,$139.00,4.6,191.0,https://www.amazon.com/sspa/click?ie=UTF8&spc=MToyMTEzNTEwMzU4NDc1OTQ0OjE3MzM2ODYwMzc6c3BfbXRmOjMwMDE4MDY2NDkwODYwMjo6MDo6&url=%2FBenQ-Illumination-Adjustable-Brightness-Temperature%2Fdp%2FB0CZ9P1QW9%2Fref%3Dsr_1_203_sspa%3Fdib%3DeyJ2IjoiMSJ9.QBwYz83yYbjlUJUbHJvPrysAJqEqZfIbpF6oax9dExgLll8q_YPodlIk6BhyXft1pKqmoX4auyUpbhNqTg-Ok5gCB9KNxnldYGxly2K5KjQC-8edGubHepwuxqRLR3Kwi6O7EmlNwSBOcUstnF6b0_65T_fgAMUWLdgiafYCi4rTe_fTl4Diqv73CuW10qZho1Fqdjgr4cgNeaVtq_e_mIiO-KfFtuI4sbAGSZdn9kk.vEWRAO1GWtnwxoQ_Bs08s8mRRlue9NN6a4Y9LAmxk7Y%26dib_tag%3Dse%26keywords%3Dultrawide%2Bmonitor%26qid%3D1733686037%26sr%3D8-203-spons%26sp_csd%3Dd2lkZ2V0TmFtZT1zcF9tdGY%26psc%3D1
"Dual Monitor Arm Desk Mount for 17-49 Inch Ultrawide Monitors, Heavy Duty Dual Monitor Mount Holds 44 lbs, Full Motion Gas Spring Vertical Stacked Monitor Mount, 75/100 VESA Mount, Black",$189.99,4.8,12.0,https://www.amazon.com/ARES-WING-Ultrawide-Monitors-Vertical/dp/B0DGQD7GX8/ref=sr_1_204?dib=eyJ2IjoiMSJ9.QBwYz83yYbjlUJUbHJvPrysAJqEqZfIbpF6oax9dExgLll8q_YPodlIk6BhyXft1pKqmoX4auyUpbhNqTg-Ok5gCB9KNxnldYGxly2K5KjQC-8edGubHepwuxqRLR3Kwi6O7EmlNwSBOcUstnF6b0_65T_fgAMUWLdgiafYCi4rTe_fTl4Diqv73CuW10qZho1Fqdjgr4cgNeaVtq_e_mIiO-KfFtuI4sbAGSZdn9kk.vEWRAO1GWtnwxoQ_Bs08s8mRRlue9NN6a4Y9LAmxk7Y&dib_tag=se&keywords=ultrawide+monitor&qid=1733686037&sr=8-204
"Acer XZ321QU bmijpphzx 31.5"" Curved WQHD (2560 x 1440) Monitor with AMD FREESYNC Technology | 1ms | 144Hz Refresh | HDR Ready | (Display Port, Mini Display Port & 2 x HDMI Ports),Black",$649.00,4.0,110.0,https://www.amazon.com/Acer-XZ321QU-bmijpphzx-FREESYNC-Technology/dp/B07CY1X7YL/ref=sr_1_205?dib=eyJ2IjoiMSJ9.QBwYz83yYbjlUJUbHJvPrysAJqEqZfIbpF6oax9dExgLll8q_YPodlIk6BhyXft1pKqmoX4auyUpbhNqTg-Ok5gCB9KNxnldYGxly2K5KjQC-8edGubHepwuxqRLR3Kwi6O7EmlNwSBOcUstnF6b0_65T_fgAMUWLdgiafYCi4rTe_fTl4Diqv73CuW10qZho1Fqdjgr4cgNeaVtq_e_mIiO-KfFtuI4sbAGSZdn9kk.vEWRAO1GWtnwxoQ_Bs08s8mRRlue9NN6a4Y9LAmxk7Y&dib_tag=se&keywords=ultrawide+monitor&qid=1733686037&sr=8-205
"HUANUO Ultrawide Monitor Arm for Max 40 inch Screens, Aviation-Grade Aluminum Heavy Duty Monitor Arm Holds 26.4lbs Computer Monitor, Adjustable Gas Springs Monitor Mount, VESA 75/100mm",$74.99,4.6,3814.0,https://www.amazon.com/HUANUO-Ultrawide-Aviation-Grade-Aluminum-Adjustable/dp/B08CXG57ZX/ref=sr_1_206?dib=eyJ2IjoiMSJ9.QBwYz83yYbjlUJUbHJvPrysAJqEqZfIbpF6oax9dExgLll8q_YPodlIk6BhyXft1pKqmoX4auyUpbhNqTg-Ok5gCB9KNxnldYGxly2K5KjQC-8edGubHepwuxqRLR3Kwi6O7EmlNwSBOcUstnF6b0_65T_fgAMUWLdgiafYCi4rTe_fTl4Diqv73CuW10qZho1Fqdjgr4cgNeaVtq_e_mIiO-KfFtuI4sbAGSZdn9kk.vEWRAO1GWtnwxoQ_Bs08s8mRRlue9NN6a4Y9LAmxk7Y&dib_tag=se&keywords=ultrawide+monitor&qid=1733686037&sr=8-206
"Monitor-Arm Ultrawide Heavy Duty 27-57'' - Aluminum Single Monitor Mount Holds up to 59.4lbs, Adjustable Desk Mount Stand, VESA75/100/200mm, Black",$79.99,4.5,79.0,https://www.amazon.com/Monitor-Arm-Ultrawide-Heavy-Duty-27-57/dp/B0D9XVYYHK/ref=sr_1_207?dib=eyJ2IjoiMSJ9.QBwYz83yYbjlUJUbHJvPrysAJqEqZfIbpF6oax9dExgLll8q_YPodlIk6BhyXft1pKqmoX4auyUpbhNqTg-Ok5gCB9KNxnldYGxly2K5KjQC-8edGubHepwuxqRLR3Kwi6O7EmlNwSBOcUstnF6b0_65T_fgAMUWLdgiafYCi4rTe_fTl4Diqv73CuW10qZho1Fqdjgr4cgNeaVtq_e_mIiO-KfFtuI4sbAGSZdn9kk.vEWRAO1GWtnwxoQ_Bs08s8mRRlue9NN6a4Y9LAmxk7Y&dib_tag=se&keywords=ultrawide+monitor&qid=1733686037&sr=8-207
"Ergotron – HX HD Premium Heavy Duty Gaming Monitor Arm, Single Monitor Desk Mount – for 1000R Curved Ultrawide Monitors Up to 49 Inches, 28 to 42 lbs, VESA 75x75mm or 100x100mm – HD Pivot, Matte Black",$407.03,4.6,3923.0,https://www.amazon.com/Ergotron-Single-Ultrawide-Monitor-Arm-1000R-Curved-Monitors-Up/dp/B0959D7HHH/ref=sr_1_208?dib=eyJ2IjoiMSJ9.QBwYz83yYbjlUJUbHJvPrysAJqEqZfIbpF6oax9dExgLll8q_YPodlIk6BhyXft1pKqmoX4auyUpbhNqTg-Ok5gCB9KNxnldYGxly2K5KjQC-8edGubHepwuxqRLR3Kwi6O7EmlNwSBOcUstnF6b0_65T_fgAMUWLdgiafYCi4rTe_fTl4Diqv73CuW10qZho1Fqdjgr4cgNeaVtq_e_mIiO-KfFtuI4sbAGSZdn9kk.vEWRAO1GWtnwxoQ_Bs08s8mRRlue9NN6a4Y9LAmxk7Y&dib_tag=se&keywords=ultrawide+monitor&qid=1733686037&sr=8-208
"VSDISPLAY 12.3 inch 12.3'' 1920x720 600nit IPS Portable LCD Monitor VS123ZJ01A,with HD-MI USB VGA Video Port,Dual Speakers, as DIY Stretched Bar Display",$155.00,3.6,27.0,https://www.amazon.com/VSDISPLAY-1920x720-VS123ZJ01A-12-3inch-Stretched/dp/B09STFLN9Z/ref=sr_1_209?dib=eyJ2IjoiMSJ9.QBwYz83yYbjlUJUbHJvPrysAJqEqZfIbpF6oax9dExgLll8q_YPodlIk6BhyXft1pKqmoX4auyUpbhNqTg-Ok5gCB9KNxnldYGxly2K5KjQC-8edGubHepwuxqRLR3Kwi6O7EmlNwSBOcUstnF6b0_65T_fgAMUWLdgiafYCi4rTe_fTl4Diqv73CuW10qZho1Fqdjgr4cgNeaVtq_e_mIiO-KfFtuI4sbAGSZdn9kk.vEWRAO1GWtnwxoQ_Bs08s8mRRlue9NN6a4Y9LAmxk7Y&dib_tag=se&keywords=ultrawide+monitor&qid=1733686037&sr=8-209
"HUANUO Dual Monitor Stand for 13 to 35 inch, Premium Dual Monitor Mount with USB, Height Adjustable Monitor Stand for 2 Monitors, VESA Mount with Clamp/Grommet Base, Each Arm Hold up to 26.4lbs, Black",$139.99,4.6,5258.0,https://www.amazon.com/Dual-Monitor-Mount-Stand-Adjustable/dp/B07X262MRK/ref=sr_1_211?dib=eyJ2IjoiMSJ9.QBwYz83yYbjlUJUbHJvPrysAJqEqZfIbpF6oax9dExgLll8q_YPodlIk6BhyXft1pKqmoX4auyUpbhNqTg-Ok5gCB9KNxnldYGxly2K5KjQC-8edGubHepwuxqRLR3Kwi6O7EmlNwSBOcUstnF6b0_65T_fgAMUWLdgiafYCi4rTe_fTl4Diqv73CuW10qZho1Fqdjgr4cgNeaVtq_e_mIiO-KfFtuI4sbAGSZdn9kk.vEWRAO1GWtnwxoQ_Bs08s8mRRlue9NN6a4Y9LAmxk7Y&dib_tag=se&keywords=ultrawide+monitor&qid=1733686037&sr=8-211
"27"" Curved Gaming Monitor, QHD(2560x1440P) 2K 180Hz 1500R 100% sRGB Computer Monitors, 1ms GTG with FreeSync, Low Blue Light, Frameless, HDMI DP Display,Built-in Speakers-Black",$154.99,5.0,1.0,https://www.amazon.com/sspa/click?ie=UTF8&spc=MToyMTEzNTEwMzU4NDc1OTQ0OjE3MzM2ODYwMzc6c3BfYnRmOjMwMDQ2MzkwOTk4OTEwMjo6MDo6&url=%2F2560x1440P-Computer-Monitors-Frameless-Speakers-Black%2Fdp%2FB0D9445X5F%2Fref%3Dsr_1_212_sspa%3Fdib%3DeyJ2IjoiMSJ9.QBwYz83yYbjlUJUbHJvPrysAJqEqZfIbpF6oax9dExgLll8q_YPodlIk6BhyXft1pKqmoX4auyUpbhNqTg-Ok5gCB9KNxnldYGxly2K5KjQC-8edGubHepwuxqRLR3Kwi6O7EmlNwSBOcUstnF6b0_65T_fgAMUWLdgiafYCi4rTe_fTl4Diqv73CuW10qZho1Fqdjgr4cgNeaVtq_e_mIiO-KfFtuI4sbAGSZdn9kk.vEWRAO1GWtnwxoQ_Bs08s8mRRlue9NN6a4Y9LAmxk7Y%26dib_tag%3Dse%26keywords%3Dultrawide%2Bmonitor%26qid%3D1733686037%26sr%3D8-212-spons%26sp_csd%3Dd2lkZ2V0TmFtZT1zcF9idGY%26psc%3D1
"Aothia Large Dual Monitor Stand Riser, Solid Wood Desk Shelf with Eco Cork Legs for Laptop Computer/TV/PC/Printers, Perfect Desktop Stands Organizer with Underneath Storage for Office Accessories",$59.99,4.5,1386.0,https://www.amazon.com/sspa/click?ie=UTF8&spc=MToyMTEzNTEwMzU4NDc1OTQ0OjE3MzM2ODYwMzc6c3BfYnRmOjMwMDAwOTUzOTk5OTYwMjo6MDo6&url=%2FAothia-Computer-Organizer-Underneath-Accessories%2Fdp%2FB08P1VZLYM%2Fref%3Dsr_1_213_sspa%3Fdib%3DeyJ2IjoiMSJ9.QBwYz83yYbjlUJUbHJvPrysAJqEqZfIbpF6oax9dExgLll8q_YPodlIk6BhyXft1pKqmoX4auyUpbhNqTg-Ok5gCB9KNxnldYGxly2K5KjQC-8edGubHepwuxqRLR3Kwi6O7EmlNwSBOcUstnF6b0_65T_fgAMUWLdgiafYCi4rTe_fTl4Diqv73CuW10qZho1Fqdjgr4cgNeaVtq_e_mIiO-KfFtuI4sbAGSZdn9kk.vEWRAO1GWtnwxoQ_Bs08s8mRRlue9NN6a4Y9LAmxk7Y%26dib_tag%3Dse%26keywords%3Dultrawide%2Bmonitor%26qid%3D1733686037%26sr%3D8-213-spons%26sp_csd%3Dd2lkZ2V0TmFtZT1zcF9idGY%26psc%3D1
Portable Monitor - 15.6 inch 1080P FHD HDR 3-Sided Frameless Laptop Screen Extender HDMI USB C Travel External Display with Smart Cover Gaming Monitor for PC MAC Switch Phone Computer Xbox PS4/5,$69.99,4.6,40.0,https://www.amazon.com/sspa/click?ie=UTF8&spc=MTo4NTkzMTQzMDY1MTU5MDk3OjE3MzM2ODYwNTE6c3BfYXRmX25leHQ6MzAwNTc4NDI1ODc4NzAyOjowOjo&url=%2FAOKER-Portable-Monitor-Frameless-Extender%2Fdp%2FB0DHVR4VCV%2Fref%3Dsr_1_209_sspa%3Fdib%3DeyJ2IjoiMSJ9.DcHYqiAifHPvLG-DqW8J12nGB0rqX11lLSrQNKVPFDp3on0TSg-Bns2BtZIU72pTwGuxrhvQAiiz135RRCq-Z3o9fpuzHWJSiOeUc5THirXcAzRUGaGKZfXWlriZy1DVFon3Kj59WE_Z39d-mkvV15hxftQMEeDlX0HuOFjgh1g3y2W4jdpi4rei4Ar4g1NoOnd4PdJxO82rRMFlbx2s7hp1-v8pLdcBDD1_gmZqQlQ.x0tI-uu3WGvsSwTcbtXEWsCcwbhldTGYxngxs-TLLfI%26dib_tag%3Dse%26keywords%3Dultrawide%2Bmonitor%26qid%3D1733686051%26sr%3D8-209-spons%26sp_csd%3Dd2lkZ2V0TmFtZT1zcF9hdGZfbmV4dA%26psc%3D1
"14’ Laptop Screen Extender, 1920*1200P FHD IPS collapsible Dual Monitor for Laptop ,Only one cable is needed to connect，portable laptop monitor for Mac(M1 M2 M3）/Windows, Fit 13”-17.5” Laptops",$259.99,3.4,18.0,https://www.amazon.com/sspa/click?ie=UTF8&spc=MTo4NTkzMTQzMDY1MTU5MDk3OjE3MzM2ODYwNTE6c3BfYXRmX25leHQ6MzAwMzQ5NjY2NDkxNzAyOjowOjo&url=%2FExtender-collapsible-Monitor-connect%25EF%25BC%258Cportable-monitor%2Fdp%2FB0DCNLZ4SW%2Fref%3Dsr_1_210_sspa%3Fdib%3DeyJ2IjoiMSJ9.DcHYqiAifHPvLG-DqW8J12nGB0rqX11lLSrQNKVPFDp3on0TSg-Bns2BtZIU72pTwGuxrhvQAiiz135RRCq-Z3o9fpuzHWJSiOeUc5THirXcAzRUGaGKZfXWlriZy1DVFon3Kj59WE_Z39d-mkvV15hxftQMEeDlX0HuOFjgh1g3y2W4jdpi4rei4Ar4g1NoOnd4PdJxO82rRMFlbx2s7hp1-v8pLdcBDD1_gmZqQlQ.x0tI-uu3WGvsSwTcbtXEWsCcwbhldTGYxngxs-TLLfI%26dib_tag%3Dse%26keywords%3Dultrawide%2Bmonitor%26qid%3D1733686051%26sr%3D8-210-spons%26sp_csd%3Dd2lkZ2V0TmFtZT1zcF9hdGZfbmV4dA%26psc%3D1
"VIVO Premium Aluminum Heavy Duty Monitor Arm for Ultrawide Screens up to 49 inches and 44 lbs, Single Wall Mount, Pneumatic Height, Max VESA 100x100, Black, MOUNT-V101G1",$89.99,4.3,233.0,https://www.amazon.com/VIVO-Aluminum-Ultrawide-Pneumatic-MOUNT-V101G1/dp/B0C7SHXWR2/ref=sr_1_211?dib=eyJ2IjoiMSJ9.DcHYqiAifHPvLG-DqW8J12nGB0rqX11lLSrQNKVPFDp3on0TSg-Bns2BtZIU72pTwGuxrhvQAiiz135RRCq-Z3o9fpuzHWJSiOeUc5THirXcAzRUGaGKZfXWlriZy1DVFon3Kj59WE_Z39d-mkvV15hxftQMEeDlX0HuOFjgh1g3y2W4jdpi4rei4Ar4g1NoOnd4PdJxO82rRMFlbx2s7hp1-v8pLdcBDD1_gmZqQlQ.x0tI-uu3WGvsSwTcbtXEWsCcwbhldTGYxngxs-TLLfI&dib_tag=se&keywords=ultrawide+monitor&qid=1733686051&sr=8-211
"Ultrawide Monitor Arm White for 17 to 49 Inch Heavy Duty Curved Monitor, Holds 44 Lbs, Adjustable Gas Spring Monitor Arm Desk Mount with C Clamp, Grommet Base, 75/100 Vesa Mount",$99.99,4.4,77.0,https://www.amazon.com/ARES-WING-Ultrawide-Monitor-Adjustable/dp/B0CRTNF3B3/ref=sr_1_212?dib=eyJ2IjoiMSJ9.DcHYqiAifHPvLG-DqW8J12nGB0rqX11lLSrQNKVPFDp3on0TSg-Bns2BtZIU72pTwGuxrhvQAiiz135RRCq-Z3o9fpuzHWJSiOeUc5THirXcAzRUGaGKZfXWlriZy1DVFon3Kj59WE_Z39d-mkvV15hxftQMEeDlX0HuOFjgh1g3y2W4jdpi4rei4Ar4g1NoOnd4PdJxO82rRMFlbx2s7hp1-v8pLdcBDD1_gmZqQlQ.x0tI-uu3WGvsSwTcbtXEWsCcwbhldTGYxngxs-TLLfI&dib_tag=se&keywords=ultrawide+monitor&qid=1733686051&sr=8-212
"HUANUO 13-35 inch Dual Monitor Arm for 2 Ultrawide Screens, Height Adjustable Full Motion Dual Monitor Stand with 2 USB Port, Dual Monitor Mount for VESA 75/100mm, Holds up to 26.4lbs per Arm, Black",$139.99,4.5,2045.0,https://www.amazon.com/HUANUO-Dual-Monitor-Stand-Adjustable/dp/B08CXJPQG9/ref=sr_1_213?dib=eyJ2IjoiMSJ9.DcHYqiAifHPvLG-DqW8J12nGB0rqX11lLSrQNKVPFDp3on0TSg-Bns2BtZIU72pTwGuxrhvQAiiz135RRCq-Z3o9fpuzHWJSiOeUc5THirXcAzRUGaGKZfXWlriZy1DVFon3Kj59WE_Z39d-mkvV15hxftQMEeDlX0HuOFjgh1g3y2W4jdpi4rei4Ar4g1NoOnd4PdJxO82rRMFlbx2s7hp1-v8pLdcBDD1_gmZqQlQ.x0tI-uu3WGvsSwTcbtXEWsCcwbhldTGYxngxs-TLLfI&dib_tag=se&keywords=ultrawide+monitor&qid=1733686051&sr=8-213
"VIVO Dual Ultrawide Monitor Desk Mount, Heavy Duty Fully Adjustable Steel Stand, Holds 2 Computer Screens up to 38 inches and Max 22lbs Each, Black, STAND-V038",$59.99,4.5,58012.0,https://www.amazon.com/VIVO-Ultrawide-Adjustable-Computer-STAND-V038/dp/B0CKMD2CNS/ref=sr_1_214?dib=eyJ2IjoiMSJ9.DcHYqiAifHPvLG-DqW8J12nGB0rqX11lLSrQNKVPFDp3on0TSg-Bns2BtZIU72pTwGuxrhvQAiiz135RRCq-Z3o9fpuzHWJSiOeUc5THirXcAzRUGaGKZfXWlriZy1DVFon3Kj59WE_Z39d-mkvV15hxftQMEeDlX0HuOFjgh1g3y2W4jdpi4rei4Ar4g1NoOnd4PdJxO82rRMFlbx2s7hp1-v8pLdcBDD1_gmZqQlQ.x0tI-uu3WGvsSwTcbtXEWsCcwbhldTGYxngxs-TLLfI&dib_tag=se&keywords=ultrawide+monitor&qid=1733686051&sr=8-214
"Suptek Single Gaming Monitor Arm Mount for Ultrawide Screens up to 49 inches and 46.2 lbs, Heavy Duty Monitor Desk Mount Stand, Pneumatic Height,Black(MD71L)",$85.79,4.4,2799.0,https://www.amazon.com/Ultrawide-Monitor-Monitors-Pneumatic-C-Clamp/dp/B0CJ2M87P9/ref=sr_1_215?dib=eyJ2IjoiMSJ9.DcHYqiAifHPvLG-DqW8J12nGB0rqX11lLSrQNKVPFDp3on0TSg-Bns2BtZIU72pTwGuxrhvQAiiz135RRCq-Z3o9fpuzHWJSiOeUc5THirXcAzRUGaGKZfXWlriZy1DVFon3Kj59WE_Z39d-mkvV15hxftQMEeDlX0HuOFjgh1g3y2W4jdpi4rei4Ar4g1NoOnd4PdJxO82rRMFlbx2s7hp1-v8pLdcBDD1_gmZqQlQ.x0tI-uu3WGvsSwTcbtXEWsCcwbhldTGYxngxs-TLLfI&dib_tag=se&keywords=ultrawide+monitor&qid=1733686051&sr=8-215
"VIVO Freestanding Dual Ultrawide Monitor Stand with Sleek Glass Base and Adjustable Arms, 2 Screens up to 38 inches and 22 lbs Each, Black, STAND-V038FG",$70.00,4.5,2372.0,https://www.amazon.com/VIVO-Freestanding-Ultrawide-Adjustable-STAND-V038FG/dp/B0D36948SL/ref=sr_1_216?dib=eyJ2IjoiMSJ9.DcHYqiAifHPvLG-DqW8J12nGB0rqX11lLSrQNKVPFDp3on0TSg-Bns2BtZIU72pTwGuxrhvQAiiz135RRCq-Z3o9fpuzHWJSiOeUc5THirXcAzRUGaGKZfXWlriZy1DVFon3Kj59WE_Z39d-mkvV15hxftQMEeDlX0HuOFjgh1g3y2W4jdpi4rei4Ar4g1NoOnd4PdJxO82rRMFlbx2s7hp1-v8pLdcBDD1_gmZqQlQ.x0tI-uu3WGvsSwTcbtXEWsCcwbhldTGYxngxs-TLLfI&dib_tag=se&keywords=ultrawide+monitor&qid=1733686051&sr=8-216
"VIVO Single Monitor Arm Desk Mount, Holds Screens up to 32 inch Regular and 38 inch Ultrawide, Fully Adjustable Stand with C-Clamp and Grommet Base, VESA 75x75mm or 100x100mm, Black, STAND-V001",$32.99,4.5,18588.0,https://www.amazon.com/VIVO-Monitor-Adjustable-Articulating-STAND-V001/dp/B00B21TLQU/ref=sr_1_217?dib=eyJ2IjoiMSJ9.DcHYqiAifHPvLG-DqW8J12nGB0rqX11lLSrQNKVPFDp3on0TSg-Bns2BtZIU72pTwGuxrhvQAiiz135RRCq-Z3o9fpuzHWJSiOeUc5THirXcAzRUGaGKZfXWlriZy1DVFon3Kj59WE_Z39d-mkvV15hxftQMEeDlX0HuOFjgh1g3y2W4jdpi4rei4Ar4g1NoOnd4PdJxO82rRMFlbx2s7hp1-v8pLdcBDD1_gmZqQlQ.x0tI-uu3WGvsSwTcbtXEWsCcwbhldTGYxngxs-TLLfI&dib_tag=se&keywords=ultrawide+monitor&qid=1733686051&sr=8-217
"VIVO Dual Vertically Stacked Ultra-Wide Monitor Desk Mount for up to 49 inch Ultrawide Screens, Extra Tall Heavy Duty Adjustable Stand Holds 44 lbs Per Screen, Black, STAND-V202R",$60.00,5.0,4.0,https://www.amazon.com/VIVO-Vertically-Ultra-Wide-Adjustable-STAND-V202R/dp/B0DCLT6RNM/ref=sr_1_218?dib=eyJ2IjoiMSJ9.DcHYqiAifHPvLG-DqW8J12nGB0rqX11lLSrQNKVPFDp3on0TSg-Bns2BtZIU72pTwGuxrhvQAiiz135RRCq-Z3o9fpuzHWJSiOeUc5THirXcAzRUGaGKZfXWlriZy1DVFon3Kj59WE_Z39d-mkvV15hxftQMEeDlX0HuOFjgh1g3y2W4jdpi4rei4Ar4g1NoOnd4PdJxO82rRMFlbx2s7hp1-v8pLdcBDD1_gmZqQlQ.x0tI-uu3WGvsSwTcbtXEWsCcwbhldTGYxngxs-TLLfI&dib_tag=se&keywords=ultrawide+monitor&qid=1733686051&sr=8-218
"VIVO Premium Aluminum Heavy Duty Monitor Arm with 3.0 USB Ports, Fits Ultrawide Monitors up to 49 inches and 33 lbs, Single Desk Mount Stand, Pneumatic Height, Max VESA 100x100, Black, STAND-V101G1U",$129.99,4.3,1959.0,https://www.amazon.com/VIVO-Aluminum-Ultrawide-Pneumatic-STAND-V101G1U/dp/B0BS4JDWXV/ref=sr_1_219?dib=eyJ2IjoiMSJ9.DcHYqiAifHPvLG-DqW8J12nGB0rqX11lLSrQNKVPFDp3on0TSg-Bns2BtZIU72pTwGuxrhvQAiiz135RRCq-Z3o9fpuzHWJSiOeUc5THirXcAzRUGaGKZfXWlriZy1DVFon3Kj59WE_Z39d-mkvV15hxftQMEeDlX0HuOFjgh1g3y2W4jdpi4rei4Ar4g1NoOnd4PdJxO82rRMFlbx2s7hp1-v8pLdcBDD1_gmZqQlQ.x0tI-uu3WGvsSwTcbtXEWsCcwbhldTGYxngxs-TLLfI&dib_tag=se&keywords=ultrawide+monitor&qid=1733686051&sr=8-219
"HUANUO Ultrawide Monitor Arm for 13 to 43 Inch Screens, Single Heavy Duty Monitor Arm Holds up to 33 lbs, Full Motion Monitor Desk Mount with Tilt Swivel Rotation, VESA 75x75mm or 100x100mm",$69.99,3.9,67.0,https://www.amazon.com/HUANUO-Ultrawide-Monitor-Rotation-100x100mm/dp/B0CMQN82K5/ref=sr_1_220?dib=eyJ2IjoiMSJ9.DcHYqiAifHPvLG-DqW8J12nGB0rqX11lLSrQNKVPFDp3on0TSg-Bns2BtZIU72pTwGuxrhvQAiiz135RRCq-Z3o9fpuzHWJSiOeUc5THirXcAzRUGaGKZfXWlriZy1DVFon3Kj59WE_Z39d-mkvV15hxftQMEeDlX0HuOFjgh1g3y2W4jdpi4rei4Ar4g1NoOnd4PdJxO82rRMFlbx2s7hp1-v8pLdcBDD1_gmZqQlQ.x0tI-uu3WGvsSwTcbtXEWsCcwbhldTGYxngxs-TLLfI&dib_tag=se&keywords=ultrawide+monitor&qid=1733686051&sr=8-220
"Single Monitor Mount with USB A/C, Ultrawide Monitor Arm for 17 to 49 inch Heavy Duty Monitor, Holds 44 lbs, Adjustable Gas Spring Monitor Arm Desk Mount with Clamp and Grommet Base, Black",$109.99,4.2,114.0,https://www.amazon.com/ARES-WING-Monitor-Ultrawide-Adjustable/dp/B0D2KTG7NQ/ref=sr_1_221?dib=eyJ2IjoiMSJ9.DcHYqiAifHPvLG-DqW8J12nGB0rqX11lLSrQNKVPFDp3on0TSg-Bns2BtZIU72pTwGuxrhvQAiiz135RRCq-Z3o9fpuzHWJSiOeUc5THirXcAzRUGaGKZfXWlriZy1DVFon3Kj59WE_Z39d-mkvV15hxftQMEeDlX0HuOFjgh1g3y2W4jdpi4rei4Ar4g1NoOnd4PdJxO82rRMFlbx2s7hp1-v8pLdcBDD1_gmZqQlQ.x0tI-uu3WGvsSwTcbtXEWsCcwbhldTGYxngxs-TLLfI&dib_tag=se&keywords=ultrawide+monitor&qid=1733686051&sr=8-221
"VIVO Freestanding Dual Vertically Stacked Ultra-wide Monitor Desk Stand, Extra Tall Heavy Duty Adjustable Mount for 2 Ultrawide Screens up to 49 inches, 44 lbs Per Screen Capacity, Black, STAND-V202L",$69.99,4.7,9.0,https://www.amazon.com/VIVO-Freestanding-Vertically-Ultra-wide-STAND-V202L/dp/B0DGH4Y6C5/ref=sr_1_222?dib=eyJ2IjoiMSJ9.DcHYqiAifHPvLG-DqW8J12nGB0rqX11lLSrQNKVPFDp3on0TSg-Bns2BtZIU72pTwGuxrhvQAiiz135RRCq-Z3o9fpuzHWJSiOeUc5THirXcAzRUGaGKZfXWlriZy1DVFon3Kj59WE_Z39d-mkvV15hxftQMEeDlX0HuOFjgh1g3y2W4jdpi4rei4Ar4g1NoOnd4PdJxO82rRMFlbx2s7hp1-v8pLdcBDD1_gmZqQlQ.x0tI-uu3WGvsSwTcbtXEWsCcwbhldTGYxngxs-TLLfI&dib_tag=se&keywords=ultrawide+monitor&qid=1733686051&sr=8-222
"VIVO Heavy Duty Dual Ultra-Wide Monitor Desk Mount, Mechanical Spring Height Adjustable Stand for 2 Ultrawide Screens up to 45 inches, 44 lbs Capacity per Arm, Black, STAND-V200E",$99.99,4.7,10.0,https://www.amazon.com/VIVO-Ultra-Wide-Mechanical-Adjustable-STAND-V200E/dp/B0DD5N46RB/ref=sr_1_223?dib=eyJ2IjoiMSJ9.DcHYqiAifHPvLG-DqW8J12nGB0rqX11lLSrQNKVPFDp3on0TSg-Bns2BtZIU72pTwGuxrhvQAiiz135RRCq-Z3o9fpuzHWJSiOeUc5THirXcAzRUGaGKZfXWlriZy1DVFon3Kj59WE_Z39d-mkvV15hxftQMEeDlX0HuOFjgh1g3y2W4jdpi4rei4Ar4g1NoOnd4PdJxO82rRMFlbx2s7hp1-v8pLdcBDD1_gmZqQlQ.x0tI-uu3WGvsSwTcbtXEWsCcwbhldTGYxngxs-TLLfI&dib_tag=se&keywords=ultrawide+monitor&qid=1733686051&sr=8-223
"WALI Single Monitor Gas Spring Desk Mount, Heavy Duty Monitor Arm for Ultrawide Screen up to 35 inch, 33 lbs. Fully Adjustable, Mounting Holes 75 and 100 (GSM001XL), Black",$79.99,4.4,1678.0,https://www.amazon.com/WALI-Monitor-Adjustable-Capacity-GSM001XL/dp/B07NLMLLT6/ref=sr_1_224?dib=eyJ2IjoiMSJ9.DcHYqiAifHPvLG-DqW8J12nGB0rqX11lLSrQNKVPFDp3on0TSg-Bns2BtZIU72pTwGuxrhvQAiiz135RRCq-Z3o9fpuzHWJSiOeUc5THirXcAzRUGaGKZfXWlriZy1DVFon3Kj59WE_Z39d-mkvV15hxftQMEeDlX0HuOFjgh1g3y2W4jdpi4rei4Ar4g1NoOnd4PdJxO82rRMFlbx2s7hp1-v8pLdcBDD1_gmZqQlQ.x0tI-uu3WGvsSwTcbtXEWsCcwbhldTGYxngxs-TLLfI&dib_tag=se&keywords=ultrawide+monitor&qid=1733686051&sr=8-224
"Heavy-Duty Monitor Mount for 17-49 inches Ultrawide Curved Flat Monitors, Holds 44lbs,Ultrawide Monitor Arm with Extended Column, Adjustable Gas Spring, Monitor Stand for Desk, Black",$109.99,4.6,14.0,https://www.amazon.com/ARES-WING-Heavy-Duty-Ultrawide-Adjustable/dp/B0DFGZBP27/ref=sr_1_225?dib=eyJ2IjoiMSJ9.DcHYqiAifHPvLG-DqW8J12nGB0rqX11lLSrQNKVPFDp3on0TSg-Bns2BtZIU72pTwGuxrhvQAiiz135RRCq-Z3o9fpuzHWJSiOeUc5THirXcAzRUGaGKZfXWlriZy1DVFon3Kj59WE_Z39d-mkvV15hxftQMEeDlX0HuOFjgh1g3y2W4jdpi4rei4Ar4g1NoOnd4PdJxO82rRMFlbx2s7hp1-v8pLdcBDD1_gmZqQlQ.x0tI-uu3WGvsSwTcbtXEWsCcwbhldTGYxngxs-TLLfI&dib_tag=se&keywords=ultrawide+monitor&qid=1733686051&sr=8-225
"Ergotron – LX Premium Monitor Arm, Single Monitor Desk Mount – fits Flat Curved Ultrawide Computer Monitors up to 34 Inches, 7 to 25 lbs, VESA 75x75mm or 100x100mm – Matte Black",$209.00,4.6,16086.0,https://www.amazon.com/Ergotron-Mounting-Arm-Monitor-Capacity/dp/B07Q8TJ2KL/ref=sr_1_226?dib=eyJ2IjoiMSJ9.DcHYqiAifHPvLG-DqW8J12nGB0rqX11lLSrQNKVPFDp3on0TSg-Bns2BtZIU72pTwGuxrhvQAiiz135RRCq-Z3o9fpuzHWJSiOeUc5THirXcAzRUGaGKZfXWlriZy1DVFon3Kj59WE_Z39d-mkvV15hxftQMEeDlX0HuOFjgh1g3y2W4jdpi4rei4Ar4g1NoOnd4PdJxO82rRMFlbx2s7hp1-v8pLdcBDD1_gmZqQlQ.x0tI-uu3WGvsSwTcbtXEWsCcwbhldTGYxngxs-TLLfI&dib_tag=se&keywords=ultrawide+monitor&qid=1733686051&sr=8-226
"Kado Dual Monitor Setup - 2-Pack 27"" Curved 1920x1080 Computer Monitor 1500R 75Hz VESA Mount HDMI Office Gaming Hybrid Built-in Speakers (C27X Dual Series)",$219.89,4.9,11.0,https://www.amazon.com/sspa/click?ie=UTF8&spc=MTo4NTkzMTQzMDY1MTU5MDk3OjE3MzM2ODYwNTE6c3BfYnRmOjMwMDMwMTQ0NzczNzcwMjo6MDo6&url=%2FKado-Dual-Monitor-Setup-Built%2Fdp%2FB0D9M2LQGJ%2Fref%3Dsr_1_227_sspa%3Fdib%3DeyJ2IjoiMSJ9.DcHYqiAifHPvLG-DqW8J12nGB0rqX11lLSrQNKVPFDp3on0TSg-Bns2BtZIU72pTwGuxrhvQAiiz135RRCq-Z3o9fpuzHWJSiOeUc5THirXcAzRUGaGKZfXWlriZy1DVFon3Kj59WE_Z39d-mkvV15hxftQMEeDlX0HuOFjgh1g3y2W4jdpi4rei4Ar4g1NoOnd4PdJxO82rRMFlbx2s7hp1-v8pLdcBDD1_gmZqQlQ.x0tI-uu3WGvsSwTcbtXEWsCcwbhldTGYxngxs-TLLfI%26dib_tag%3Dse%26keywords%3Dultrawide%2Bmonitor%26qid%3D1733686051%26sr%3D8-227-spons%26sp_csd%3Dd2lkZ2V0TmFtZT1zcF9idGY%26psc%3D1
"Ultrawide Monitor Arm for 17 to 49 Inch Heavy Duty Curved Monitor, Holds 44 Lbs, Adjustable Gas Spring Monitor Arm Desk Mount with C Clamp, Grommet Base, 75/100 Vesa Mount, Black",$99.99,4.2,114.0,https://www.amazon.com/sspa/click?ie=UTF8&spc=MTo4NTkzMTQzMDY1MTU5MDk3OjE3MzM2ODYwNTE6c3BfYnRmOjMwMDQ5MTk2MjI2MTAwMjo6MDo6&url=%2FARES-WING-Ultrawide-Monitor-Adjustable%2Fdp%2FB0CRVB3VGL%2Fref%3Dsr_1_228_sspa%3Fdib%3DeyJ2IjoiMSJ9.DcHYqiAifHPvLG-DqW8J12nGB0rqX11lLSrQNKVPFDp3on0TSg-Bns2BtZIU72pTwGuxrhvQAiiz135RRCq-Z3o9fpuzHWJSiOeUc5THirXcAzRUGaGKZfXWlriZy1DVFon3Kj59WE_Z39d-mkvV15hxftQMEeDlX0HuOFjgh1g3y2W4jdpi4rei4Ar4g1NoOnd4PdJxO82rRMFlbx2s7hp1-v8pLdcBDD1_gmZqQlQ.x0tI-uu3WGvsSwTcbtXEWsCcwbhldTGYxngxs-TLLfI%26dib_tag%3Dse%26keywords%3Dultrawide%2Bmonitor%26qid%3D1733686051%26sr%3D8-228-spons%26sp_csd%3Dd2lkZ2V0TmFtZT1zcF9idGY%26psc%3D1
"Frame My TV Deco TV Frames Alloy Prismatic - Pure White Bezel Compatible ONLY with Samsung The Frame TV (32"", Fits 2021-2024 Frame TV)",$199.00,4.1,47.0,https://www.amazon.com/sspa/click?ie=UTF8&spc=MTo2NDYwNzU1NTI5NDIwNzc1OjE3MzM2ODYwNjQ6c3BfYXRmX25leHQ6MjAwMTM0OTQ0NTE1MTk4OjowOjo&url=%2FDeco-Frames-Alloy-Prismatic-Compatible%2Fdp%2FB09CTXZ6GT%2Fref%3Dsr_1_225_sspa%3Fdib%3DeyJ2IjoiMSJ9.9rYnAu7Bf3_xiCRJqSyH8xtlfHccZEbg7CO5zfTPfxTBP4lL6OEFrxafYfEcNJerG-QfgDkSuP4Ii9cMVKEV9MKp54QhGx8RfLsB3rsT6G9qJTW1mzDyuLGE0TePNQ_N61ZfShGTivyr7pQ11fPdFmXXDz75-tMFPx4ASz-TjnGhg2Udm6MHBwbmWmTWvqe5Fn6-29WIOfRHmkErr7jQNx1efBfHVVPt5_x_UQVqneU._UuzU9vhYznoLkBCKfWWk_W9wOHaXeEA-d6WNmsCm_I%26dib_tag%3Dse%26keywords%3Dultrawide%2Bmonitor%26qid%3D1733686064%26sr%3D8-225-spons%26sp_csd%3Dd2lkZ2V0TmFtZT1zcF9hdGZfbmV4dA%26psc%3D1
"HUANUO Triple Monitor Mount for 17 to 32 inch Screens, Gas Springs Adjustment Triple Monitor Stand with Swivel, Tilt, Rotation, Clamp & Grommet Kit (Black)",$139.99,4.4,5998.0,https://www.amazon.com/sspa/click?ie=UTF8&spc=MTo2NDYwNzU1NTI5NDIwNzc1OjE3MzM2ODYwNjQ6c3BfYXRmX25leHQ6MzAwMTcxNjI2MDAyMjAyOjowOjo&url=%2FTriple-Monitor-Stand-Articulating-Aluminum%2Fdp%2FB084RF63FK%2Fref%3Dsr_1_226_sspa%3Fdib%3DeyJ2IjoiMSJ9.9rYnAu7Bf3_xiCRJqSyH8xtlfHccZEbg7CO5zfTPfxTBP4lL6OEFrxafYfEcNJerG-QfgDkSuP4Ii9cMVKEV9MKp54QhGx8RfLsB3rsT6G9qJTW1mzDyuLGE0TePNQ_N61ZfShGTivyr7pQ11fPdFmXXDz75-tMFPx4ASz-TjnGhg2Udm6MHBwbmWmTWvqe5Fn6-29WIOfRHmkErr7jQNx1efBfHVVPt5_x_UQVqneU._UuzU9vhYznoLkBCKfWWk_W9wOHaXeEA-d6WNmsCm_I%26dib_tag%3Dse%26keywords%3Dultrawide%2Bmonitor%26qid%3D1733686064%26sr%3D8-226-spons%26sp_csd%3Dd2lkZ2V0TmFtZT1zcF9hdGZfbmV4dA%26psc%3D1
"VIVO Single Ultra-Wide Monitor Desk Mount for up to 49 inch Ultrawide Screens, Clamp-on Adjustable Stand Holds 44 lbs, VESA up to 100x100mm, Black, STAND-V100M",$49.99,4.6,3196.0,https://www.amazon.com/VIVO-Ultra-Wide-Ultrawide-Adjustable-STAND-V100M/dp/B0DCLRRY72/ref=sr_1_227?dib=eyJ2IjoiMSJ9.9rYnAu7Bf3_xiCRJqSyH8xtlfHccZEbg7CO5zfTPfxTBP4lL6OEFrxafYfEcNJerG-QfgDkSuP4Ii9cMVKEV9MKp54QhGx8RfLsB3rsT6G9qJTW1mzDyuLGE0TePNQ_N61ZfShGTivyr7pQ11fPdFmXXDz75-tMFPx4ASz-TjnGhg2Udm6MHBwbmWmTWvqe5Fn6-29WIOfRHmkErr7jQNx1efBfHVVPt5_x_UQVqneU._UuzU9vhYznoLkBCKfWWk_W9wOHaXeEA-d6WNmsCm_I&dib_tag=se&keywords=ultrawide+monitor&qid=1733686064&sr=8-227
"PUTORSEN 17-49”Premium Aluminum Heavy Duty Dual Monitor Arm for Ultrawide Screens up to 44lbs, Vertical Stacked Dual Monitor Desk Mount, Full Motion Dual Vertical Monitor Mount, VESA 75/100, White",$199.98,4.2,51.0,https://www.amazon.com/PUTORSEN-Premium-Aluminum-Ultrawide-Vertical/dp/B0CX937WPQ/ref=sr_1_228?dib=eyJ2IjoiMSJ9.9rYnAu7Bf3_xiCRJqSyH8xtlfHccZEbg7CO5zfTPfxTBP4lL6OEFrxafYfEcNJerG-QfgDkSuP4Ii9cMVKEV9MKp54QhGx8RfLsB3rsT6G9qJTW1mzDyuLGE0TePNQ_N61ZfShGTivyr7pQ11fPdFmXXDz75-tMFPx4ASz-TjnGhg2Udm6MHBwbmWmTWvqe5Fn6-29WIOfRHmkErr7jQNx1efBfHVVPt5_x_UQVqneU._UuzU9vhYznoLkBCKfWWk_W9wOHaXeEA-d6WNmsCm_I&dib_tag=se&keywords=ultrawide+monitor&qid=1733686064&sr=8-228
"Ultrawide Monitor Mount with USB A/C, Ultrawide Monitor Arm with Extended Column for 17 to 49 inch Heavy Duty Monitor, Holds 44 lbs, Adjustable Gas Spring Monitor Arm Desk Mount, White",$119.99,5.0,8.0,https://www.amazon.com/ARES-WING-Ultrawide-Extended-Adjustable/dp/B0DFGZ75GS/ref=sr_1_229?dib=eyJ2IjoiMSJ9.9rYnAu7Bf3_xiCRJqSyH8xtlfHccZEbg7CO5zfTPfxTBP4lL6OEFrxafYfEcNJerG-QfgDkSuP4Ii9cMVKEV9MKp54QhGx8RfLsB3rsT6G9qJTW1mzDyuLGE0TePNQ_N61ZfShGTivyr7pQ11fPdFmXXDz75-tMFPx4ASz-TjnGhg2Udm6MHBwbmWmTWvqe5Fn6-29WIOfRHmkErr7jQNx1efBfHVVPt5_x_UQVqneU._UuzU9vhYznoLkBCKfWWk_W9wOHaXeEA-d6WNmsCm_I&dib_tag=se&keywords=ultrawide+monitor&qid=1733686064&sr=8-229
"Ultrawide Monitor-Arm Heavy Duty 17-49'' - Premium Aluminum Single Monitor Mount, Full Motion Single Desk Mount Stand, C-Clamp and Grommet, Max Load 44lbs, Max VESA 100x100mm, Black",$99.98,3.9,121.0,https://www.amazon.com/IMtKotW-Ultrawide-Monitor-Computer-Screens/dp/B0CHDQDDKV/ref=sr_1_230?dib=eyJ2IjoiMSJ9.9rYnAu7Bf3_xiCRJqSyH8xtlfHccZEbg7CO5zfTPfxTBP4lL6OEFrxafYfEcNJerG-QfgDkSuP4Ii9cMVKEV9MKp54QhGx8RfLsB3rsT6G9qJTW1mzDyuLGE0TePNQ_N61ZfShGTivyr7pQ11fPdFmXXDz75-tMFPx4ASz-TjnGhg2Udm6MHBwbmWmTWvqe5Fn6-29WIOfRHmkErr7jQNx1efBfHVVPt5_x_UQVqneU._UuzU9vhYznoLkBCKfWWk_W9wOHaXeEA-d6WNmsCm_I&dib_tag=se&keywords=ultrawide+monitor&qid=1733686064&sr=8-230
"Heavy Duty Monitor Arm for 49'' & 44 Lbs Ultrawide Monitor, Compatible with Samsung Odyssey G9 and LG Monitor, RGB Monitor Desk Arm, Adjustable Gas Spring Single Monitor Mount, Black",$109.99,4.2,104.0,https://www.amazon.com/Monitor-Ultrawide-Compatible-Samsung-Adjustable/dp/B0CS5G6PCQ/ref=sr_1_231?dib=eyJ2IjoiMSJ9.9rYnAu7Bf3_xiCRJqSyH8xtlfHccZEbg7CO5zfTPfxTBP4lL6OEFrxafYfEcNJerG-QfgDkSuP4Ii9cMVKEV9MKp54QhGx8RfLsB3rsT6G9qJTW1mzDyuLGE0TePNQ_N61ZfShGTivyr7pQ11fPdFmXXDz75-tMFPx4ASz-TjnGhg2Udm6MHBwbmWmTWvqe5Fn6-29WIOfRHmkErr7jQNx1efBfHVVPt5_x_UQVqneU._UuzU9vhYznoLkBCKfWWk_W9wOHaXeEA-d6WNmsCm_I&dib_tag=se&keywords=ultrawide+monitor&qid=1733686064&sr=8-231
"VIVO Triple Monitor Extra Tall Desk Mount for up to 49 inch Ultrawides on Center Bracket and 27 inch Screens on Side Brackets, Holds up to 44 lbs, Black, STAND-V103T",$69.99,4.8,6.0,https://www.amazon.com/VIVO-Monitor-Ultrawides-Brackets-STAND-V103T/dp/B0DG391L1L/ref=sr_1_232?dib=eyJ2IjoiMSJ9.9rYnAu7Bf3_xiCRJqSyH8xtlfHccZEbg7CO5zfTPfxTBP4lL6OEFrxafYfEcNJerG-QfgDkSuP4Ii9cMVKEV9MKp54QhGx8RfLsB3rsT6G9qJTW1mzDyuLGE0TePNQ_N61ZfShGTivyr7pQ11fPdFmXXDz75-tMFPx4ASz-TjnGhg2Udm6MHBwbmWmTWvqe5Fn6-29WIOfRHmkErr7jQNx1efBfHVVPt5_x_UQVqneU._UuzU9vhYznoLkBCKfWWk_W9wOHaXeEA-d6WNmsCm_I&dib_tag=se&keywords=ultrawide+monitor&qid=1733686064&sr=8-232
"VIVO Premium Aluminum Heavy Duty Dual Monitor Arm for Ultrawide Monitors up to 35 inches and 24 lbs Each, Desk Mount Stand, Pneumatic Height, Max VESA 100x100, Black, STAND-V202Q",$89.99,4.0,223.0,https://www.amazon.com/VIVO-Aluminum-Ultrawide-Pneumatic-STAND-V202Q/dp/B0BVGQJWFQ/ref=sr_1_233?dib=eyJ2IjoiMSJ9.9rYnAu7Bf3_xiCRJqSyH8xtlfHccZEbg7CO5zfTPfxTBP4lL6OEFrxafYfEcNJerG-QfgDkSuP4Ii9cMVKEV9MKp54QhGx8RfLsB3rsT6G9qJTW1mzDyuLGE0TePNQ_N61ZfShGTivyr7pQ11fPdFmXXDz75-tMFPx4ASz-TjnGhg2Udm6MHBwbmWmTWvqe5Fn6-29WIOfRHmkErr7jQNx1efBfHVVPt5_x_UQVqneU._UuzU9vhYznoLkBCKfWWk_W9wOHaXeEA-d6WNmsCm_I&dib_tag=se&keywords=ultrawide+monitor&qid=1733686064&sr=8-233
2-Kids Baby Car Camera for Seat: 6.9 Inch Ultrawide Display with Two Cameras Rear Facing - USB Powered Backseat Camera HD 1080P Easy to Install,$69.99,4.7,400.0,https://www.amazon.com/2-Kids-Baby-Car-Camera-Seat/dp/B0D3TGQP86/ref=sr_1_234?dib=eyJ2IjoiMSJ9.9rYnAu7Bf3_xiCRJqSyH8xtlfHccZEbg7CO5zfTPfxTBP4lL6OEFrxafYfEcNJerG-QfgDkSuP4Ii9cMVKEV9MKp54QhGx8RfLsB3rsT6G9qJTW1mzDyuLGE0TePNQ_N61ZfShGTivyr7pQ11fPdFmXXDz75-tMFPx4ASz-TjnGhg2Udm6MHBwbmWmTWvqe5Fn6-29WIOfRHmkErr7jQNx1efBfHVVPt5_x_UQVqneU._UuzU9vhYznoLkBCKfWWk_W9wOHaXeEA-d6WNmsCm_I&dib_tag=se&keywords=ultrawide+monitor&qid=1733686064&sr=8-234
"VIVO Dual Vertically Stacked Ultra-Wide Monitor Desk Mount, Extra Tall Heavy Duty Adjustable Stand for 2 Ultrawide Screens up to 45 inches, 25 lbs Per Screen Capacity, Black, STAND-V200R",$49.99,4.3,55.0,https://www.amazon.com/VIVO-Vertically-Ultra-Wide-Adjustable-STAND-V200R/dp/B0CGY4CXXL/ref=sr_1_235?dib=eyJ2IjoiMSJ9.9rYnAu7Bf3_xiCRJqSyH8xtlfHccZEbg7CO5zfTPfxTBP4lL6OEFrxafYfEcNJerG-QfgDkSuP4Ii9cMVKEV9MKp54QhGx8RfLsB3rsT6G9qJTW1mzDyuLGE0TePNQ_N61ZfShGTivyr7pQ11fPdFmXXDz75-tMFPx4ASz-TjnGhg2Udm6MHBwbmWmTWvqe5Fn6-29WIOfRHmkErr7jQNx1efBfHVVPt5_x_UQVqneU._UuzU9vhYznoLkBCKfWWk_W9wOHaXeEA-d6WNmsCm_I&dib_tag=se&keywords=ultrawide+monitor&qid=1733686064&sr=8-235
"Premium Ultrawide Monitor Arm 49"" - for Samsung Odyssey G9 Monitor Arm, Heavy Duty Monitor Arm, Curved Ultrawide Monitor Mount, Vesa Bracket Up to 49 Inch, Adjustable Height, Max VESA 100x100, Black",$104.97,4.5,32.0,https://www.amazon.com/49-Heavy-Duty-Monitor-Arm/dp/B0CN77MSHZ/ref=sr_1_236?dib=eyJ2IjoiMSJ9.9rYnAu7Bf3_xiCRJqSyH8xtlfHccZEbg7CO5zfTPfxTBP4lL6OEFrxafYfEcNJerG-QfgDkSuP4Ii9cMVKEV9MKp54QhGx8RfLsB3rsT6G9qJTW1mzDyuLGE0TePNQ_N61ZfShGTivyr7pQ11fPdFmXXDz75-tMFPx4ASz-TjnGhg2Udm6MHBwbmWmTWvqe5Fn6-29WIOfRHmkErr7jQNx1efBfHVVPt5_x_UQVqneU._UuzU9vhYznoLkBCKfWWk_W9wOHaXeEA-d6WNmsCm_I&dib_tag=se&keywords=ultrawide+monitor&qid=1733686064&sr=8-236
Heavy Duty Aluminum Single Gas Spring Monitor Arm Suit for Flat/Ultrawide/Cruved Monitor 34-49 inch and New 57 inches Screen Weight Capacity up to 44lbs，Black,$169.00,4.1,210.0,https://www.amazon.com/Ultrawide-Monitors-Rotation-Adjustable-lbs%EF%BC%88S1020/dp/B0B73XXDP5/ref=sr_1_237?dib=eyJ2IjoiMSJ9.9rYnAu7Bf3_xiCRJqSyH8xtlfHccZEbg7CO5zfTPfxTBP4lL6OEFrxafYfEcNJerG-QfgDkSuP4Ii9cMVKEV9MKp54QhGx8RfLsB3rsT6G9qJTW1mzDyuLGE0TePNQ_N61ZfShGTivyr7pQ11fPdFmXXDz75-tMFPx4ASz-TjnGhg2Udm6MHBwbmWmTWvqe5Fn6-29WIOfRHmkErr7jQNx1efBfHVVPt5_x_UQVqneU._UuzU9vhYznoLkBCKfWWk_W9wOHaXeEA-d6WNmsCm_I&dib_tag=se&keywords=ultrawide+monitor&qid=1733686064&sr=8-237
"PUTORSEN 17-57 Inch Ultrawide Monitor Arm and TV Desk Mount,up to 59.4 lbs, Premium Aluminum Single Monitor Arm Desk Mount with Gas Spring, Steel Reinforcement Plate, VESA 75x75 to 200x200",$139.99,4.3,178.0,https://www.amazon.com/PUTORSEN-Ultrawide-Monitor-Aluminum-Reinforcement/dp/B0CN6722GV/ref=sr_1_238?dib=eyJ2IjoiMSJ9.9rYnAu7Bf3_xiCRJqSyH8xtlfHccZEbg7CO5zfTPfxTBP4lL6OEFrxafYfEcNJerG-QfgDkSuP4Ii9cMVKEV9MKp54QhGx8RfLsB3rsT6G9qJTW1mzDyuLGE0TePNQ_N61ZfShGTivyr7pQ11fPdFmXXDz75-tMFPx4ASz-TjnGhg2Udm6MHBwbmWmTWvqe5Fn6-29WIOfRHmkErr7jQNx1efBfHVVPt5_x_UQVqneU._UuzU9vhYznoLkBCKfWWk_W9wOHaXeEA-d6WNmsCm_I&dib_tag=se&keywords=ultrawide+monitor&qid=1733686064&sr=8-238
"Dual Monitor Arm for Ultrawide Heavy Duty Curved Monitor Stacking, Fits 17-49 Inch, Vertical Gas Spring Double Monitor Mount with USB, Adjustable Dual Monitor Mount for Desk, White",$199.99,4.1,64.0,https://www.amazon.com/ARES-WING-Ultrawide-Stacking-Adjustable/dp/B0D2JX2M1B/ref=sr_1_239?dib=eyJ2IjoiMSJ9.9rYnAu7Bf3_xiCRJqSyH8xtlfHccZEbg7CO5zfTPfxTBP4lL6OEFrxafYfEcNJerG-QfgDkSuP4Ii9cMVKEV9MKp54QhGx8RfLsB3rsT6G9qJTW1mzDyuLGE0TePNQ_N61ZfShGTivyr7pQ11fPdFmXXDz75-tMFPx4ASz-TjnGhg2Udm6MHBwbmWmTWvqe5Fn6-29WIOfRHmkErr7jQNx1efBfHVVPt5_x_UQVqneU._UuzU9vhYznoLkBCKfWWk_W9wOHaXeEA-d6WNmsCm_I&dib_tag=se&keywords=ultrawide+monitor&qid=1733686064&sr=8-239
"PUTORSEN 17-49 inch Premium Ultrawide Monitor Wall Mount, Heavy Duty Single Wall Mount Monitor Arm up to 44lbs, Fully Adjustable Single Wall Monitor Arm Wall Mount Stand, VESA 75/100/200, Black",$99.98,4.2,394.0,https://www.amazon.com/PUTORSEN-Premium-Ultrawide-Monitor-Adjustable/dp/B0CF5935M4/ref=sr_1_240?dib=eyJ2IjoiMSJ9.9rYnAu7Bf3_xiCRJqSyH8xtlfHccZEbg7CO5zfTPfxTBP4lL6OEFrxafYfEcNJerG-QfgDkSuP4Ii9cMVKEV9MKp54QhGx8RfLsB3rsT6G9qJTW1mzDyuLGE0TePNQ_N61ZfShGTivyr7pQ11fPdFmXXDz75-tMFPx4ASz-TjnGhg2Udm6MHBwbmWmTWvqe5Fn6-29WIOfRHmkErr7jQNx1efBfHVVPt5_x_UQVqneU._UuzU9vhYznoLkBCKfWWk_W9wOHaXeEA-d6WNmsCm_I&dib_tag=se&keywords=ultrawide+monitor&qid=1733686064&sr=8-240
"Wall Mount Monitor Arm for 17-49 Inch Ultrawide Monitors, Heavy Duty Single Monitor Mount Holds 44 lbs, Fully Adjustable Gas Spring Monitor Arm Wall Mount, 75x75/100x100 VESA Mount, White",$99.99,4.7,48.0,https://www.amazon.com/ARES-WING-Ultrawide-Monitors-Adjustable/dp/B0D2JX5PS6/ref=sr_1_241?dib=eyJ2IjoiMSJ9.9rYnAu7Bf3_xiCRJqSyH8xtlfHccZEbg7CO5zfTPfxTBP4lL6OEFrxafYfEcNJerG-QfgDkSuP4Ii9cMVKEV9MKp54QhGx8RfLsB3rsT6G9qJTW1mzDyuLGE0TePNQ_N61ZfShGTivyr7pQ11fPdFmXXDz75-tMFPx4ASz-TjnGhg2Udm6MHBwbmWmTWvqe5Fn6-29WIOfRHmkErr7jQNx1efBfHVVPt5_x_UQVqneU._UuzU9vhYznoLkBCKfWWk_W9wOHaXeEA-d6WNmsCm_I&dib_tag=se&keywords=ultrawide+monitor&qid=1733686064&sr=8-241
"WALI Single Monitor Arm, Gas Spring Single Monitor Mount up to 35 inches and 26.4 lbs, Heavy Duty Monitor Arm Desk Mount, Ultrawide Monitor Mount Desk with C Clamp and Grommet Base (GSMP001XL), Black",$49.99,4.4,354.0,https://www.amazon.com/WALI-Monitor-Ultrawide-Grommet-GSMP001XL/dp/B0BW3T3D54/ref=sr_1_242?dib=eyJ2IjoiMSJ9.9rYnAu7Bf3_xiCRJqSyH8xtlfHccZEbg7CO5zfTPfxTBP4lL6OEFrxafYfEcNJerG-QfgDkSuP4Ii9cMVKEV9MKp54QhGx8RfLsB3rsT6G9qJTW1mzDyuLGE0TePNQ_N61ZfShGTivyr7pQ11fPdFmXXDz75-tMFPx4ASz-TjnGhg2Udm6MHBwbmWmTWvqe5Fn6-29WIOfRHmkErr7jQNx1efBfHVVPt5_x_UQVqneU._UuzU9vhYznoLkBCKfWWk_W9wOHaXeEA-d6WNmsCm_I&dib_tag=se&keywords=ultrawide+monitor&qid=1733686064&sr=8-242
"FORGING MOUNT Triple Monitor Mount, Articulating Adjustable 3 Monitor Desk Mount for 13-32inch Screens up to 17.6lbs Each, Gas Spring Monitor Arm with Tilt Swivel Rotation, Max VESA 100x100",$169.99,4.2,4.0,https://www.amazon.com/sspa/click?ie=UTF8&spc=MTo2NDYwNzU1NTI5NDIwNzc1OjE3MzM2ODYwNjQ6c3BfYnRmOjMwMDUzNTI5NzIwNzcwMjo6MDo6&url=%2FFORGING-MOUNT-Articulating-Adjustable-13-32inch%2Fdp%2FB0DBL61V2B%2Fref%3Dsr_1_243_sspa%3Fdib%3DeyJ2IjoiMSJ9.9rYnAu7Bf3_xiCRJqSyH8xtlfHccZEbg7CO5zfTPfxTBP4lL6OEFrxafYfEcNJerG-QfgDkSuP4Ii9cMVKEV9MKp54QhGx8RfLsB3rsT6G9qJTW1mzDyuLGE0TePNQ_N61ZfShGTivyr7pQ11fPdFmXXDz75-tMFPx4ASz-TjnGhg2Udm6MHBwbmWmTWvqe5Fn6-29WIOfRHmkErr7jQNx1efBfHVVPt5_x_UQVqneU._UuzU9vhYznoLkBCKfWWk_W9wOHaXeEA-d6WNmsCm_I%26dib_tag%3Dse%26keywords%3Dultrawide%2Bmonitor%26qid%3D1733686064%26sr%3D8-243-spons%26sp_csd%3Dd2lkZ2V0TmFtZT1zcF9idGY%26psc%3D1
"46 Ultrawide Monitor Arm Single Heavy Duty Desk Mount Computer Monitor Stand for 17 to 49 inch Adjustable Gas Spring Monitor, Screen up to 33lbs with VESA 75x75mm or 100x100mm M7B-M",$81.99,5.0,1.0,https://www.amazon.com/sspa/click?ie=UTF8&spc=MTo2NDYwNzU1NTI5NDIwNzc1OjE3MzM2ODYwNjQ6c3BfYnRmOjMwMDEyNzY0NDAyNzkwMjo6MDo6&url=%2FHILLPORT-Ultrawide-Adjustable-100x100mm-M7B-M%2Fdp%2FB0CR5TFYPX%2Fref%3Dsr_1_244_sspa%3Fdib%3DeyJ2IjoiMSJ9.9rYnAu7Bf3_xiCRJqSyH8xtlfHccZEbg7CO5zfTPfxTBP4lL6OEFrxafYfEcNJerG-QfgDkSuP4Ii9cMVKEV9MKp54QhGx8RfLsB3rsT6G9qJTW1mzDyuLGE0TePNQ_N61ZfShGTivyr7pQ11fPdFmXXDz75-tMFPx4ASz-TjnGhg2Udm6MHBwbmWmTWvqe5Fn6-29WIOfRHmkErr7jQNx1efBfHVVPt5_x_UQVqneU._UuzU9vhYznoLkBCKfWWk_W9wOHaXeEA-d6WNmsCm_I%26dib_tag%3Dse%26keywords%3Dultrawide%2Bmonitor%26qid%3D1733686064%26sr%3D8-244-spons%26sp_csd%3Dd2lkZ2V0TmFtZT1zcF9idGY%26psc%3D1
"HUANUO Laptop Monitor Mount, Single Monitor Desk Mount Holds 13-32 inch Computer Screen, Laptop Notebook Desk Mount Stand Fits Up to 17 inch, Fully Adjustable Weight Up to 22 lbs",$45.99,4.5,11168.0,https://www.amazon.com/sspa/click?ie=UTF8&spc=MTo0ODI3MjE3NDg1NjUyMjMwOjE3MzM2ODYwNzk6c3BfYXRmX25leHQ6MzAwMTcyNjU0MDQ5MzAyOjowOjo&url=%2FMonitor-Stand-Keyboard-Tray-Adjustable%2Fdp%2FB07DWM9WNM%2Fref%3Dsr_1_241_sspa%3Fdib%3DeyJ2IjoiMSJ9.RqZwv4g10zrxE7tP8VFxY1zqFRwAgakUjjLMfaLEWgOIRt8h9gHh_-WrMEudfgT0YL80hL7tV3picZc_dxcIuMd_Yzr4HLZBoVZ_I32q6_5HjBPeFnwp8J7EhzNeJkfSPsyA1d45ZZCbaUzTA2M6v_pOqy8KUe5vB-_rIL1n3Bj4UosIvC6o-31qjQZewH9CS38IGSVFvfK1UU8TCXAVi3lWenG9UiGrWU2sU7uRuxw.QbOSiWs-u5nghrDYzS74xqrqUe07DDDVputT8SuO1pc%26dib_tag%3Dse%26keywords%3Dultrawide%2Bmonitor%26qid%3D1733686079%26sr%3D8-241-spons%26sp_csd%3Dd2lkZ2V0TmFtZT1zcF9hdGZfbmV4dA%26psc%3D1
"HUANUO Dual Monitor Mount up to 32 inches Screens, Taller Monitor Stand Hold 19.8lbs, Dual Monitor Arm Desk Mount Easy Adjustable with Tilt, Swivel, Rotation, VESA 75/100mm",$69.99,4.3,239.0,https://www.amazon.com/sspa/click?ie=UTF8&spc=MTo0ODI3MjE3NDg1NjUyMjMwOjE3MzM2ODYwNzk6c3BfYXRmX25leHQ6MzAwNTY2Mjg0OTgzNjAyOjowOjo&url=%2FHUANUO-Monitor-Screens-Adjustable-Rotation%2Fdp%2FB0CTHMKLH4%2Fref%3Dsr_1_242_sspa%3Fdib%3DeyJ2IjoiMSJ9.RqZwv4g10zrxE7tP8VFxY1zqFRwAgakUjjLMfaLEWgOIRt8h9gHh_-WrMEudfgT0YL80hL7tV3picZc_dxcIuMd_Yzr4HLZBoVZ_I32q6_5HjBPeFnwp8J7EhzNeJkfSPsyA1d45ZZCbaUzTA2M6v_pOqy8KUe5vB-_rIL1n3Bj4UosIvC6o-31qjQZewH9CS38IGSVFvfK1UU8TCXAVi3lWenG9UiGrWU2sU7uRuxw.QbOSiWs-u5nghrDYzS74xqrqUe07DDDVputT8SuO1pc%26dib_tag%3Dse%26keywords%3Dultrawide%2Bmonitor%26qid%3D1733686079%26sr%3D8-242-spons%26sp_csd%3Dd2lkZ2V0TmFtZT1zcF9hdGZfbmV4dA%26psc%3D1
"VIVO Dual Ultrawide Monitor Mount, Free-Standing Desk Stand for 2 Screens up to 38 Inches, Heavy-Duty Adjustable Arms, Max VESA 100x100mm, Black, STAND-V038F",$60.00,4.4,15550.0,https://www.amazon.com/VIVO-Free-Standing-Heavy-Duty-Adjustable-STAND-V038F/dp/B0CV9GR9QQ/ref=sr_1_243?dib=eyJ2IjoiMSJ9.RqZwv4g10zrxE7tP8VFxY1zqFRwAgakUjjLMfaLEWgOIRt8h9gHh_-WrMEudfgT0YL80hL7tV3picZc_dxcIuMd_Yzr4HLZBoVZ_I32q6_5HjBPeFnwp8J7EhzNeJkfSPsyA1d45ZZCbaUzTA2M6v_pOqy8KUe5vB-_rIL1n3Bj4UosIvC6o-31qjQZewH9CS38IGSVFvfK1UU8TCXAVi3lWenG9UiGrWU2sU7uRuxw.QbOSiWs-u5nghrDYzS74xqrqUe07DDDVputT8SuO1pc&dib_tag=se&keywords=ultrawide+monitor&qid=1733686079&sr=8-243
"VIVO Dual Vertically Stacked Ultra-Wide Monitor Desk Mount with Extension Arms, Extra Tall Heavy Duty Adjustable Stand for 2 Ultrawide Screens up to 43 inches, 50 lbs Capacity, Black, STAND-V202T",$69.99,3.9,33.0,https://www.amazon.com/VIVO-Vertically-Ultra-Wide-Adjustable-STAND-V202T/dp/B0CWQ2JD4P/ref=sr_1_244?dib=eyJ2IjoiMSJ9.RqZwv4g10zrxE7tP8VFxY1zqFRwAgakUjjLMfaLEWgOIRt8h9gHh_-WrMEudfgT0YL80hL7tV3picZc_dxcIuMd_Yzr4HLZBoVZ_I32q6_5HjBPeFnwp8J7EhzNeJkfSPsyA1d45ZZCbaUzTA2M6v_pOqy8KUe5vB-_rIL1n3Bj4UosIvC6o-31qjQZewH9CS38IGSVFvfK1UU8TCXAVi3lWenG9UiGrWU2sU7uRuxw.QbOSiWs-u5nghrDYzS74xqrqUe07DDDVputT8SuO1pc&dib_tag=se&keywords=ultrawide+monitor&qid=1733686079&sr=8-244
"HUANUO Single Monitor Mount, 13 to 32 Inch Gas Monitor Arm, Adjustable Stand, Vesa Mount with Clamp and Grommet Base - Fits 4.4 to 19.8lbs LCD Computer Monitors",$39.99,4.6,13373.0,https://www.amazon.com/Single-Monitor-Mount-Articulating-Adjustable/dp/B07T3KCQ94/ref=sr_1_245?dib=eyJ2IjoiMSJ9.RqZwv4g10zrxE7tP8VFxY1zqFRwAgakUjjLMfaLEWgOIRt8h9gHh_-WrMEudfgT0YL80hL7tV3picZc_dxcIuMd_Yzr4HLZBoVZ_I32q6_5HjBPeFnwp8J7EhzNeJkfSPsyA1d45ZZCbaUzTA2M6v_pOqy8KUe5vB-_rIL1n3Bj4UosIvC6o-31qjQZewH9CS38IGSVFvfK1UU8TCXAVi3lWenG9UiGrWU2sU7uRuxw.QbOSiWs-u5nghrDYzS74xqrqUe07DDDVputT8SuO1pc&dib_tag=se&keywords=ultrawide+monitor&qid=1733686079&sr=8-245
"BONTEC Single Monitor Desk Mount, 13 to 34 Inch Gas Spring Monitor Arm, Adjustable Stand, VESA Mount with Clamp and Grommet Base, Fits 6.6 to 19.8lbs LCD Computer Monitors, Cable Management, Black",$35.99,4.2,1224.0,https://www.amazon.com/BONTEC-Rotation-Ergonomic-Management-100x100mm/dp/B0CKPC6YM3/ref=sr_1_246?dib=eyJ2IjoiMSJ9.RqZwv4g10zrxE7tP8VFxY1zqFRwAgakUjjLMfaLEWgOIRt8h9gHh_-WrMEudfgT0YL80hL7tV3picZc_dxcIuMd_Yzr4HLZBoVZ_I32q6_5HjBPeFnwp8J7EhzNeJkfSPsyA1d45ZZCbaUzTA2M6v_pOqy8KUe5vB-_rIL1n3Bj4UosIvC6o-31qjQZewH9CS38IGSVFvfK1UU8TCXAVi3lWenG9UiGrWU2sU7uRuxw.QbOSiWs-u5nghrDYzS74xqrqUe07DDDVputT8SuO1pc&dib_tag=se&keywords=ultrawide+monitor&qid=1733686079&sr=8-246
"VIVO Aluminum Ultrawide Monitor Stand, Classic, Fits up to 49 inch Computer Screens, Single Articulating Pneumatic Arm, C-Clamp and Grommet Desk Mount, Max VESA 200x100, Black, STAND-V100H",$99.99,4.4,1260.0,https://www.amazon.com/VIVO-Ultrawide-Articulating-Pneumatic-STAND-V100H/dp/B08LLHF91L/ref=sr_1_247?dib=eyJ2IjoiMSJ9.RqZwv4g10zrxE7tP8VFxY1zqFRwAgakUjjLMfaLEWgOIRt8h9gHh_-WrMEudfgT0YL80hL7tV3picZc_dxcIuMd_Yzr4HLZBoVZ_I32q6_5HjBPeFnwp8J7EhzNeJkfSPsyA1d45ZZCbaUzTA2M6v_pOqy8KUe5vB-_rIL1n3Bj4UosIvC6o-31qjQZewH9CS38IGSVFvfK1UU8TCXAVi3lWenG9UiGrWU2sU7uRuxw.QbOSiWs-u5nghrDYzS74xqrqUe07DDDVputT8SuO1pc&dib_tag=se&keywords=ultrawide+monitor&qid=1733686079&sr=8-247
"VIVO Pneumatic Arm Dual Ultrawide Monitor Desk Stand for Up to 49 inch Screens with Tempered Glass Base, Holds 2 Ultra Wides Up to 30.8 lbs, Black, STAND-V249FG",$149.99,4.7,5.0,https://www.amazon.com/VIVO-Pneumatic-Ultrawide-Tempered-STAND-V249FG/dp/B0DFDNKV71/ref=sr_1_248?dib=eyJ2IjoiMSJ9.RqZwv4g10zrxE7tP8VFxY1zqFRwAgakUjjLMfaLEWgOIRt8h9gHh_-WrMEudfgT0YL80hL7tV3picZc_dxcIuMd_Yzr4HLZBoVZ_I32q6_5HjBPeFnwp8J7EhzNeJkfSPsyA1d45ZZCbaUzTA2M6v_pOqy8KUe5vB-_rIL1n3Bj4UosIvC6o-31qjQZewH9CS38IGSVFvfK1UU8TCXAVi3lWenG9UiGrWU2sU7uRuxw.QbOSiWs-u5nghrDYzS74xqrqUe07DDDVputT8SuO1pc&dib_tag=se&keywords=ultrawide+monitor&qid=1733686079&sr=8-248
"Pixio PS2D Ultrawide Heavy-Duty Premium Dual Monitor Arm Stand Desk Mount - Fits up to 35 inches Two Monitors, Weights up to 33 lbs Each, Height Adjustable, Compatible with VESA 75x75mm 100x100mm",$119.99,4.5,82.0,https://www.amazon.com/Pixio-PS2D-Ultrawide-Heavy-Duty-Premium/dp/B0C2JLMZC8/ref=sr_1_249?dib=eyJ2IjoiMSJ9.RqZwv4g10zrxE7tP8VFxY1zqFRwAgakUjjLMfaLEWgOIRt8h9gHh_-WrMEudfgT0YL80hL7tV3picZc_dxcIuMd_Yzr4HLZBoVZ_I32q6_5HjBPeFnwp8J7EhzNeJkfSPsyA1d45ZZCbaUzTA2M6v_pOqy8KUe5vB-_rIL1n3Bj4UosIvC6o-31qjQZewH9CS38IGSVFvfK1UU8TCXAVi3lWenG9UiGrWU2sU7uRuxw.QbOSiWs-u5nghrDYzS74xqrqUe07DDDVputT8SuO1pc&dib_tag=se&keywords=ultrawide+monitor&qid=1733686079&sr=8-249
"VIVO Premium Aluminum Heavy Duty Arms, Fits 2 Ultrawide Monitors up to 38 inches, Widescreen Dual Monitor Desk Mount with Instant Pneumatic Spring Height Adjustment VESA Stand, USB 3.0, STAND-V102G2U",$129.99,4.5,303.0,https://www.amazon.com/VIVO-Premium-Aluminum-Pneumatic-STAND-V102G2U/dp/B07L9HTT5B/ref=sr_1_250?dib=eyJ2IjoiMSJ9.RqZwv4g10zrxE7tP8VFxY1zqFRwAgakUjjLMfaLEWgOIRt8h9gHh_-WrMEudfgT0YL80hL7tV3picZc_dxcIuMd_Yzr4HLZBoVZ_I32q6_5HjBPeFnwp8J7EhzNeJkfSPsyA1d45ZZCbaUzTA2M6v_pOqy8KUe5vB-_rIL1n3Bj4UosIvC6o-31qjQZewH9CS38IGSVFvfK1UU8TCXAVi3lWenG9UiGrWU2sU7uRuxw.QbOSiWs-u5nghrDYzS74xqrqUe07DDDVputT8SuO1pc&dib_tag=se&keywords=ultrawide+monitor&qid=1733686079&sr=8-250
"Ergotron – HX Single Ultrawide Monitor Arm, VESA Wall Mount – for Monitors Up to 49 Inches, 20 to 42 lbs, Less Than 8 Inch Display Depth – Standard Pivot, White",$369.00,4.2,168.0,https://www.amazon.com/Ergotron-45-478-216-Mount-Monitor-Monitors/dp/B01MSZIAET/ref=sr_1_251?dib=eyJ2IjoiMSJ9.RqZwv4g10zrxE7tP8VFxY1zqFRwAgakUjjLMfaLEWgOIRt8h9gHh_-WrMEudfgT0YL80hL7tV3picZc_dxcIuMd_Yzr4HLZBoVZ_I32q6_5HjBPeFnwp8J7EhzNeJkfSPsyA1d45ZZCbaUzTA2M6v_pOqy8KUe5vB-_rIL1n3Bj4UosIvC6o-31qjQZewH9CS38IGSVFvfK1UU8TCXAVi3lWenG9UiGrWU2sU7uRuxw.QbOSiWs-u5nghrDYzS74xqrqUe07DDDVputT8SuO1pc&dib_tag=se&keywords=ultrawide+monitor&qid=1733686079&sr=8-251
"BEWISER Heavy Duty Monitor Arm Wall Mount for 34-57 Ultrawide Monitor,Weight Capacity up to 44lbs,Ultrawide Monitor Arm Wall Mount,Black",$159.00,4.5,4.0,https://www.amazon.com/BEWISER-Monitor-Ultrawide-Weight-Capacity/dp/B0D5M1F7L6/ref=sr_1_252?dib=eyJ2IjoiMSJ9.RqZwv4g10zrxE7tP8VFxY1zqFRwAgakUjjLMfaLEWgOIRt8h9gHh_-WrMEudfgT0YL80hL7tV3picZc_dxcIuMd_Yzr4HLZBoVZ_I32q6_5HjBPeFnwp8J7EhzNeJkfSPsyA1d45ZZCbaUzTA2M6v_pOqy8KUe5vB-_rIL1n3Bj4UosIvC6o-31qjQZewH9CS38IGSVFvfK1UU8TCXAVi3lWenG9UiGrWU2sU7uRuxw.QbOSiWs-u5nghrDYzS74xqrqUe07DDDVputT8SuO1pc&dib_tag=se&keywords=ultrawide+monitor&qid=1733686079&sr=8-252
"Sceptre Curved 27"" FHD 1080p 75Hz LED Monitor HDMI VGA Build-In Speakers, EDGE-LESS Metal Black 2019 (C275W-1920RN)",$139.99,4.6,13893.0,https://www.amazon.com/Sceptre-Monitor-Speakers-Edge-Less-C275W-1920RN/dp/B07MTRQ6B3/ref=sr_1_253?dib=eyJ2IjoiMSJ9.RqZwv4g10zrxE7tP8VFxY1zqFRwAgakUjjLMfaLEWgOIRt8h9gHh_-WrMEudfgT0YL80hL7tV3picZc_dxcIuMd_Yzr4HLZBoVZ_I32q6_5HjBPeFnwp8J7EhzNeJkfSPsyA1d45ZZCbaUzTA2M6v_pOqy8KUe5vB-_rIL1n3Bj4UosIvC6o-31qjQZewH9CS38IGSVFvfK1UU8TCXAVi3lWenG9UiGrWU2sU7uRuxw.QbOSiWs-u5nghrDYzS74xqrqUe07DDDVputT8SuO1pc&dib_tag=se&keywords=ultrawide+monitor&qid=1733686079&sr=8-253
"PUTORSEN 17-57 Inch Ultrawide Monitor Arm and TV Desk Mount,up to 59.4 lbs, Premium Aluminum Single Monitor Arm Desk Mount with Gas Spring, Steel Reinforcement Plate, VESA 75x75 to 200x200",$139.99,4.3,178.0,https://www.amazon.com/PUTORSEN-Ultrawide-Monitor-Aluminum-Reinforcement/dp/B0CN6722GV/ref=sr_1_254?dib=eyJ2IjoiMSJ9.RqZwv4g10zrxE7tP8VFxY1zqFRwAgakUjjLMfaLEWgOIRt8h9gHh_-WrMEudfgT0YL80hL7tV3picZc_dxcIuMd_Yzr4HLZBoVZ_I32q6_5HjBPeFnwp8J7EhzNeJkfSPsyA1d45ZZCbaUzTA2M6v_pOqy8KUe5vB-_rIL1n3Bj4UosIvC6o-31qjQZewH9CS38IGSVFvfK1UU8TCXAVi3lWenG9UiGrWU2sU7uRuxw.QbOSiWs-u5nghrDYzS74xqrqUe07DDDVputT8SuO1pc&dib_tag=se&keywords=ultrawide+monitor&qid=1733686079&sr=8-254
VILVA Portable-Monitor-for-Laptop - 15.6'' 1080P FHD IPS Display USB-C HDMI Portable Monitor for Laptop with Cover and Speakers External Monitor for Laptop/PC/Mac/Phone/Xbox Switch/PS4/,$65.99,4.4,1605.0,https://www.amazon.com/VILVA-Portable-Monitor-Laptop-Portable-Speakers/dp/B0BTSFVMLV/ref=sr_1_255?dib=eyJ2IjoiMSJ9.RqZwv4g10zrxE7tP8VFxY1zqFRwAgakUjjLMfaLEWgOIRt8h9gHh_-WrMEudfgT0YL80hL7tV3picZc_dxcIuMd_Yzr4HLZBoVZ_I32q6_5HjBPeFnwp8J7EhzNeJkfSPsyA1d45ZZCbaUzTA2M6v_pOqy8KUe5vB-_rIL1n3Bj4UosIvC6o-31qjQZewH9CS38IGSVFvfK1UU8TCXAVi3lWenG9UiGrWU2sU7uRuxw.QbOSiWs-u5nghrDYzS74xqrqUe07DDDVputT8SuO1pc&dib_tag=se&keywords=ultrawide+monitor&qid=1733686079&sr=8-255
"Lenovo Legion R45w-30 Gaming Monitor, 44.5” 32:9 Curved Display, 5120x1440 Resolution, 165Hz/170Hz Refresh, 1ms MPRT, AMD FreeSync Premium Pro, Adjustable Stand, 450 nits Brightness, Black",$716.99,5.0,1.0,https://www.amazon.com/Lenovo-Legion-R45w-30-165Hz-170Hz-DisplayPort/dp/B0CGST8446/ref=sr_1_256?dib=eyJ2IjoiMSJ9.RqZwv4g10zrxE7tP8VFxY1zqFRwAgakUjjLMfaLEWgOIRt8h9gHh_-WrMEudfgT0YL80hL7tV3picZc_dxcIuMd_Yzr4HLZBoVZ_I32q6_5HjBPeFnwp8J7EhzNeJkfSPsyA1d45ZZCbaUzTA2M6v_pOqy8KUe5vB-_rIL1n3Bj4UosIvC6o-31qjQZewH9CS38IGSVFvfK1UU8TCXAVi3lWenG9UiGrWU2sU7uRuxw.QbOSiWs-u5nghrDYzS74xqrqUe07DDDVputT8SuO1pc&dib_tag=se&keywords=ultrawide+monitor&qid=1733686079&sr=8-256
"Acer Nitro KG241Y Sbiip 23.8” Full HD (1920 x 1080) VA Gaming Monitor | AMD FreeSync Premium Technology | 165Hz Refresh Rate | 1ms (VRB) | ZeroFrame Design | 1 x Display Port 1.2 & 2 x HDMI 2.0,Black",$94.99,4.5,2717.0,https://www.amazon.com/Acer-Monitor-FreeSync-Technology-ZeroFrame/dp/B0B6DFG1FQ/ref=sr_1_257?dib=eyJ2IjoiMSJ9.RqZwv4g10zrxE7tP8VFxY1zqFRwAgakUjjLMfaLEWgOIRt8h9gHh_-WrMEudfgT0YL80hL7tV3picZc_dxcIuMd_Yzr4HLZBoVZ_I32q6_5HjBPeFnwp8J7EhzNeJkfSPsyA1d45ZZCbaUzTA2M6v_pOqy8KUe5vB-_rIL1n3Bj4UosIvC6o-31qjQZewH9CS38IGSVFvfK1UU8TCXAVi3lWenG9UiGrWU2sU7uRuxw.QbOSiWs-u5nghrDYzS74xqrqUe07DDDVputT8SuO1pc&dib_tag=se&keywords=ultrawide+monitor&qid=1733686079&sr=8-257
"Dell S3221QS 32"" Monitor, 4K UHD (3840 x 2160) Curved Screen Monitor, 60 Hz Refresh Rate, 4 ms Response Time, AMD FreeSync, VA Panel, Silver",$350.00,4.8,13.0,https://www.amazon.com/Dell-S3221QS-Monitor-Response-FreeSync/dp/B07D2QPTB5/ref=sr_1_258?dib=eyJ2IjoiMSJ9.RqZwv4g10zrxE7tP8VFxY1zqFRwAgakUjjLMfaLEWgOIRt8h9gHh_-WrMEudfgT0YL80hL7tV3picZc_dxcIuMd_Yzr4HLZBoVZ_I32q6_5HjBPeFnwp8J7EhzNeJkfSPsyA1d45ZZCbaUzTA2M6v_pOqy8KUe5vB-_rIL1n3Bj4UosIvC6o-31qjQZewH9CS38IGSVFvfK1UU8TCXAVi3lWenG9UiGrWU2sU7uRuxw.QbOSiWs-u5nghrDYzS74xqrqUe07DDDVputT8SuO1pc&dib_tag=se&keywords=ultrawide+monitor&qid=1733686079&sr=8-258
"Kado Dual Monitor Setup - 2-Pack 24"" Curved 1500R 1920x1080 Computer Monitor 75Hz VESA Mount HDMI Office Gaming Built-in Speakers (C24 Dual Series)",$199.89,4.3,32.0,https://www.amazon.com/sspa/click?ie=UTF8&spc=MTo0ODI3MjE3NDg1NjUyMjMwOjE3MzM2ODYwNzk6c3BfYnRmOjMwMDQ3MjUxODEyMzYwMjo6MDo6&url=%2FKado-Dual-Monitor-Setup-Built%2Fdp%2FB0D86WMWWF%2Fref%3Dsr_1_259_sspa%3Fdib%3DeyJ2IjoiMSJ9.RqZwv4g10zrxE7tP8VFxY1zqFRwAgakUjjLMfaLEWgOIRt8h9gHh_-WrMEudfgT0YL80hL7tV3picZc_dxcIuMd_Yzr4HLZBoVZ_I32q6_5HjBPeFnwp8J7EhzNeJkfSPsyA1d45ZZCbaUzTA2M6v_pOqy8KUe5vB-_rIL1n3Bj4UosIvC6o-31qjQZewH9CS38IGSVFvfK1UU8TCXAVi3lWenG9UiGrWU2sU7uRuxw.QbOSiWs-u5nghrDYzS74xqrqUe07DDDVputT8SuO1pc%26dib_tag%3Dse%26keywords%3Dultrawide%2Bmonitor%26qid%3D1733686079%26sr%3D8-259-spons%26sp_csd%3Dd2lkZ2V0TmFtZT1zcF9idGY%26psc%3D1
"InnoView 16"" 2K 240Hz Portable Monitor, 100% DCI-P3 Portable Gaming Monitor Laptop Monitor Built-in 180° Adjustable Stand Type-C HDMI IPS Eye Care External Second Screen for PS4 PS5 Switch Xbox PC",$229.99,4.1,92.0,https://www.amazon.com/sspa/click?ie=UTF8&spc=MTo0ODI3MjE3NDg1NjUyMjMwOjE3MzM2ODYwNzk6c3BfYnRmOjMwMDU3OTA3ODAxNTcwMjo6MDo6&url=%2FInnoView-Portable-Monitor-Adjustable-External%2Fdp%2FB0DGP6FTHG%2Fref%3Dsr_1_260_sspa%3Fdib%3DeyJ2IjoiMSJ9.RqZwv4g10zrxE7tP8VFxY1zqFRwAgakUjjLMfaLEWgOIRt8h9gHh_-WrMEudfgT0YL80hL7tV3picZc_dxcIuMd_Yzr4HLZBoVZ_I32q6_5HjBPeFnwp8J7EhzNeJkfSPsyA1d45ZZCbaUzTA2M6v_pOqy8KUe5vB-_rIL1n3Bj4UosIvC6o-31qjQZewH9CS38IGSVFvfK1UU8TCXAVi3lWenG9UiGrWU2sU7uRuxw.QbOSiWs-u5nghrDYzS74xqrqUe07DDDVputT8SuO1pc%26dib_tag%3Dse%26keywords%3Dultrawide%2Bmonitor%26qid%3D1733686079%26sr%3D8-260-spons%26sp_csd%3Dd2lkZ2V0TmFtZT1zcF9idGY%26psc%3D1
"Laptop Screen Extender Portable - 14 Inch Triple IPS FHD 1080P HDMI/USB-A/Type-C Extended Monitor for Laptops (Maximum Length: 15.74"") Compatible with Windows Mac Travel Gaming Work",$239.99,4.3,496.0,https://www.amazon.com/sspa/click?ie=UTF8&spc=MToxNzYxNzEyNTcxNTc1MzMyOjE3MzM2ODYwODc6c3BfYXRmX25leHQ6MzAwMTQ1NDYzNDM0NTAyOjowOjo&url=%2FBOSII-Laptop-Screen-Extender-Portable%2Fdp%2FB0CK2NTZ5K%2Fref%3Dsr_1_257_sspa%3Fdib%3DeyJ2IjoiMSJ9.af_XEG4ua-RQeBkuaETcBJYnkLrbepxgJTcBQt5WYWV4hlzUb9qEy6rN7gRAmD017ALtUmwUixeQl4f74RcQcMlD372LsX1aULhksN5VYxZJ64KTuGakeKSti5XsGU2He2CDGRT1xeE7dd5J46f5W5qZw8qAIgfqI9anQ7X_DBLwjk22ttSGpQ3nzWZqC5G6bmG9fWyTNw5NOZXWV-4xugkWXnkJ2Pd9rcZ8_7cCtkE.rODt0fKBs6WCsxme3KbnqLI2BU-47Id9KRZRTbdKEzM%26dib_tag%3Dse%26keywords%3Dultrawide%2Bmonitor%26qid%3D1733686087%26sr%3D8-257-spons%26sp_csd%3Dd2lkZ2V0TmFtZT1zcF9hdGZfbmV4dA%26psc%3D1
"S3 Dual Laptop Screen Extender, 14'' Triple Portable Monitor for Laptop Plug and Play, 1080P FHD IPS Laptop Monitor Extender for 13''-17'' Laptops Compatible with Mac/Wins/Android/Dex",$209.99,5.0,4.0,https://www.amazon.com/sspa/click?ie=UTF8&spc=MToxNzYxNzEyNTcxNTc1MzMyOjE3MzM2ODYwODc6c3BfYXRmX25leHQ6MzAwNTA2MTY2MDM1NTAyOjowOjo&url=%2FClanor-Extender-Portable-Monitor-Compatible%2Fdp%2FB0DCG1PRRM%2Fref%3Dsr_1_258_sspa%3Fdib%3DeyJ2IjoiMSJ9.af_XEG4ua-RQeBkuaETcBJYnkLrbepxgJTcBQt5WYWV4hlzUb9qEy6rN7gRAmD017ALtUmwUixeQl4f74RcQcMlD372LsX1aULhksN5VYxZJ64KTuGakeKSti5XsGU2He2CDGRT1xeE7dd5J46f5W5qZw8qAIgfqI9anQ7X_DBLwjk22ttSGpQ3nzWZqC5G6bmG9fWyTNw5NOZXWV-4xugkWXnkJ2Pd9rcZ8_7cCtkE.rODt0fKBs6WCsxme3KbnqLI2BU-47Id9KRZRTbdKEzM%26dib_tag%3Dse%26keywords%3Dultrawide%2Bmonitor%26qid%3D1733686087%26sr%3D8-258-spons%26sp_csd%3Dd2lkZ2V0TmFtZT1zcF9hdGZfbmV4dA%26psc%3D1
"VIVO Dual Vertically Stacked Monitor Desk Mount, Extra Tall Adjustable Stand for 2 Ultrawides up to 34 inches, 22 lbs Capacity, Black, STAND-V002T",$39.99,4.4,2283.0,https://www.amazon.com/VIVO-Monitor-Stacked-Vertical-STAND-V002T/dp/B00DGTP57A/ref=sr_1_259?dib=eyJ2IjoiMSJ9.af_XEG4ua-RQeBkuaETcBJYnkLrbepxgJTcBQt5WYWV4hlzUb9qEy6rN7gRAmD017ALtUmwUixeQl4f74RcQcMlD372LsX1aULhksN5VYxZJ64KTuGakeKSti5XsGU2He2CDGRT1xeE7dd5J46f5W5qZw8qAIgfqI9anQ7X_DBLwjk22ttSGpQ3nzWZqC5G6bmG9fWyTNw5NOZXWV-4xugkWXnkJ2Pd9rcZ8_7cCtkE.rODt0fKBs6WCsxme3KbnqLI2BU-47Id9KRZRTbdKEzM&dib_tag=se&keywords=ultrawide+monitor&qid=1733686087&sr=8-259
"LG 32GP750-B 32 Inch QHD (2560 x 1440) IPS UltraGear Gaming Monitor with 1ms (GtG) and 165Hz Refresh Rate, NVIDIA G-SYNC Compatible with AMD FreeSync Premium, Tilt/Height/Pivot Adjustable - Black",$320.00,4.5,1303.0,https://www.amazon.com/LG-32GP750-B-Ultragear-Compatible-Adjustable/dp/B09WXX42ZS/ref=sr_1_260?dib=eyJ2IjoiMSJ9.af_XEG4ua-RQeBkuaETcBJYnkLrbepxgJTcBQt5WYWV4hlzUb9qEy6rN7gRAmD017ALtUmwUixeQl4f74RcQcMlD372LsX1aULhksN5VYxZJ64KTuGakeKSti5XsGU2He2CDGRT1xeE7dd5J46f5W5qZw8qAIgfqI9anQ7X_DBLwjk22ttSGpQ3nzWZqC5G6bmG9fWyTNw5NOZXWV-4xugkWXnkJ2Pd9rcZ8_7cCtkE.rODt0fKBs6WCsxme3KbnqLI2BU-47Id9KRZRTbdKEzM&dib_tag=se&keywords=ultrawide+monitor&qid=1733686087&sr=8-260
"MOUNTUP Dual Monitor Mount fits 17''-42'' Ultrawide Screen, Holds 6.6-33lbs, Dual Monitor Arm Desk Mount, Heavy Duty Gas Spring Monitor Stand for 2 Monitors, Vesa Mount with Clamp/Grommet Base",$139.99,4.5,68.0,https://www.amazon.com/MOUNTUP-Monitor-Ultrawide-6-6-33lbs-Monitors/dp/B0CCJ137D8/ref=sr_1_261?dib=eyJ2IjoiMSJ9.af_XEG4ua-RQeBkuaETcBJYnkLrbepxgJTcBQt5WYWV4hlzUb9qEy6rN7gRAmD017ALtUmwUixeQl4f74RcQcMlD372LsX1aULhksN5VYxZJ64KTuGakeKSti5XsGU2He2CDGRT1xeE7dd5J46f5W5qZw8qAIgfqI9anQ7X_DBLwjk22ttSGpQ3nzWZqC5G6bmG9fWyTNw5NOZXWV-4xugkWXnkJ2Pd9rcZ8_7cCtkE.rODt0fKBs6WCsxme3KbnqLI2BU-47Id9KRZRTbdKEzM&dib_tag=se&keywords=ultrawide+monitor&qid=1733686087&sr=8-261
"SAMSUNG Odyssey OLED G9 Curved Gaming Monitor - 49"" Dual QHD (5120 x 1440) OLED - 240Hz Refresh Rate - 32: 9-0.03ms GTG - HDR10+ - 1,000,000:1 - AMD FreeSync Premium Pro - Flicker Free - Silver","$1,299.00",4.5,4.0,https://www.amazon.com/SAMSUNG-Odyssey-OLED-G9-Monitor/dp/B0D66WLJ7Q/ref=sr_1_262?dib=eyJ2IjoiMSJ9.af_XEG4ua-RQeBkuaETcBJYnkLrbepxgJTcBQt5WYWV4hlzUb9qEy6rN7gRAmD017ALtUmwUixeQl4f74RcQcMlD372LsX1aULhksN5VYxZJ64KTuGakeKSti5XsGU2He2CDGRT1xeE7dd5J46f5W5qZw8qAIgfqI9anQ7X_DBLwjk22ttSGpQ3nzWZqC5G6bmG9fWyTNw5NOZXWV-4xugkWXnkJ2Pd9rcZ8_7cCtkE.rODt0fKBs6WCsxme3KbnqLI2BU-47Id9KRZRTbdKEzM&dib_tag=se&keywords=ultrawide+monitor&qid=1733686087&sr=8-262
"AVLT Single 17""-49"" Super Ultrawide Monitor Arm for Screens Up to 50 lbs, Premium Aluminum Desk Stand, Adjustable Pneumatic Height, Full Motion Swivel Tilt Rotation, USB 3.0 & AUX Ports, White",$179.99,4.5,1171.0,https://www.amazon.com/AVLT-Single-Monitor-Desk-Stand/dp/B0819Q8583/ref=sr_1_263?dib=eyJ2IjoiMSJ9.af_XEG4ua-RQeBkuaETcBJYnkLrbepxgJTcBQt5WYWV4hlzUb9qEy6rN7gRAmD017ALtUmwUixeQl4f74RcQcMlD372LsX1aULhksN5VYxZJ64KTuGakeKSti5XsGU2He2CDGRT1xeE7dd5J46f5W5qZw8qAIgfqI9anQ7X_DBLwjk22ttSGpQ3nzWZqC5G6bmG9fWyTNw5NOZXWV-4xugkWXnkJ2Pd9rcZ8_7cCtkE.rODt0fKBs6WCsxme3KbnqLI2BU-47Id9KRZRTbdKEzM&dib_tag=se&keywords=ultrawide+monitor&qid=1733686087&sr=8-263
"Lenovo ThinkVision P40w-20 39.7"" 5K2K WUHD Curved Screen WLED LCD Monitor - 21:9 - Raven Black - 40"" Class - in-Plane Switching (IPS) Technology - 5120 x 2160-1.07 Billion Colors - 300 Nit","$1,099.00",3.5,9.0,https://www.amazon.com/Lenovo-ThinkVision-P40w-20-Curved-Monitor/dp/B0B468HQFD/ref=sr_1_264?dib=eyJ2IjoiMSJ9.af_XEG4ua-RQeBkuaETcBJYnkLrbepxgJTcBQt5WYWV4hlzUb9qEy6rN7gRAmD017ALtUmwUixeQl4f74RcQcMlD372LsX1aULhksN5VYxZJ64KTuGakeKSti5XsGU2He2CDGRT1xeE7dd5J46f5W5qZw8qAIgfqI9anQ7X_DBLwjk22ttSGpQ3nzWZqC5G6bmG9fWyTNw5NOZXWV-4xugkWXnkJ2Pd9rcZ8_7cCtkE.rODt0fKBs6WCsxme3KbnqLI2BU-47Id9KRZRTbdKEzM&dib_tag=se&keywords=ultrawide+monitor&qid=1733686087&sr=8-264
"ASUS ROG Swift 27”1440P OLED DSC Gaming Monitor (PG27AQDM) - QHD (2560x1440), 240Hz, 0.03ms, G-SYNC Compatible, Anti-Glare Micro-Texture Coating, 99% DCI-P3, True 10-bit, DisplayPort,Black",$699.00,4.1,285.0,https://www.amazon.com/ASUS-Swift-Gaming-Monitor-PG27AQDM/dp/B0BZRBYLP1/ref=sr_1_265?dib=eyJ2IjoiMSJ9.af_XEG4ua-RQeBkuaETcBJYnkLrbepxgJTcBQt5WYWV4hlzUb9qEy6rN7gRAmD017ALtUmwUixeQl4f74RcQcMlD372LsX1aULhksN5VYxZJ64KTuGakeKSti5XsGU2He2CDGRT1xeE7dd5J46f5W5qZw8qAIgfqI9anQ7X_DBLwjk22ttSGpQ3nzWZqC5G6bmG9fWyTNw5NOZXWV-4xugkWXnkJ2Pd9rcZ8_7cCtkE.rODt0fKBs6WCsxme3KbnqLI2BU-47Id9KRZRTbdKEzM&dib_tag=se&keywords=ultrawide+monitor&qid=1733686087&sr=8-265
"SANSUI 24 Inch Curved Gaming Monitor up to 180Hz MPRT 1ms with Built-in Speakers,FHD 1080P Computer Monitor Freesync 130% sRGB HDR,HDMI DP Ports VESA Mount Metal Stand(ES-G24C1 HDMI Cable Included)",$129.99,4.4,430.0,https://www.amazon.com/SANSUI-Speakers-Computer-Freesync-ES-G24C1/dp/B0DB8JLW2W/ref=sr_1_266?dib=eyJ2IjoiMSJ9.af_XEG4ua-RQeBkuaETcBJYnkLrbepxgJTcBQt5WYWV4hlzUb9qEy6rN7gRAmD017ALtUmwUixeQl4f74RcQcMlD372LsX1aULhksN5VYxZJ64KTuGakeKSti5XsGU2He2CDGRT1xeE7dd5J46f5W5qZw8qAIgfqI9anQ7X_DBLwjk22ttSGpQ3nzWZqC5G6bmG9fWyTNw5NOZXWV-4xugkWXnkJ2Pd9rcZ8_7cCtkE.rODt0fKBs6WCsxme3KbnqLI2BU-47Id9KRZRTbdKEzM&dib_tag=se&keywords=ultrawide+monitor&qid=1733686087&sr=8-266
Dell U4021QW UltraSharp 40-inch Curved WUHD Monitor,"$1,869.99",3.9,55.0,https://www.amazon.com/Dell-U4021QW-UltraSharp-40-inch-Monitor/dp/B091BJ4CKX/ref=sr_1_267?dib=eyJ2IjoiMSJ9.af_XEG4ua-RQeBkuaETcBJYnkLrbepxgJTcBQt5WYWV4hlzUb9qEy6rN7gRAmD017ALtUmwUixeQl4f74RcQcMlD372LsX1aULhksN5VYxZJ64KTuGakeKSti5XsGU2He2CDGRT1xeE7dd5J46f5W5qZw8qAIgfqI9anQ7X_DBLwjk22ttSGpQ3nzWZqC5G6bmG9fWyTNw5NOZXWV-4xugkWXnkJ2Pd9rcZ8_7cCtkE.rODt0fKBs6WCsxme3KbnqLI2BU-47Id9KRZRTbdKEzM&dib_tag=se&keywords=ultrawide+monitor&qid=1733686087&sr=8-267
"VIVO Heavy Duty Dual Ultra-Wide Monitor Desk Mount, Mechanical Spring Height Adjustable Stand for 2 Ultrawide Screens up to 45 inches, 44 lbs Capacity per Arm, Black, STAND-V200D",$79.99,2.9,32.0,https://www.amazon.com/VIVO-Ultra-Wide-Mechanical-Adjustable-STAND-V200D/dp/B0CLWRLV3J/ref=sr_1_268?dib=eyJ2IjoiMSJ9.af_XEG4ua-RQeBkuaETcBJYnkLrbepxgJTcBQt5WYWV4hlzUb9qEy6rN7gRAmD017ALtUmwUixeQl4f74RcQcMlD372LsX1aULhksN5VYxZJ64KTuGakeKSti5XsGU2He2CDGRT1xeE7dd5J46f5W5qZw8qAIgfqI9anQ7X_DBLwjk22ttSGpQ3nzWZqC5G6bmG9fWyTNw5NOZXWV-4xugkWXnkJ2Pd9rcZ8_7cCtkE.rODt0fKBs6WCsxme3KbnqLI2BU-47Id9KRZRTbdKEzM&dib_tag=se&keywords=ultrawide+monitor&qid=1733686087&sr=8-268
"SAMSUNG 34-Inch SJ55W Ultrawide Gaming Monitor (LS34J550WQNXZA) – 75Hz Refresh, WQHD Computer Monitor, 3440 x 1440p Resolution, 4ms Response, FreeSync, Split Screen, HDMI, Black",$313.00,4.3,2621.0,https://www.amazon.com/Samsung-S34J55W-34-Inch-Ultrawide-LS34J550WQNXZA/dp/B07FBS36W2/ref=sr_1_269?dib=eyJ2IjoiMSJ9.af_XEG4ua-RQeBkuaETcBJYnkLrbepxgJTcBQt5WYWV4hlzUb9qEy6rN7gRAmD017ALtUmwUixeQl4f74RcQcMlD372LsX1aULhksN5VYxZJ64KTuGakeKSti5XsGU2He2CDGRT1xeE7dd5J46f5W5qZw8qAIgfqI9anQ7X_DBLwjk22ttSGpQ3nzWZqC5G6bmG9fWyTNw5NOZXWV-4xugkWXnkJ2Pd9rcZ8_7cCtkE.rODt0fKBs6WCsxme3KbnqLI2BU-47Id9KRZRTbdKEzM&dib_tag=se&keywords=ultrawide+monitor&qid=1733686087&sr=8-269
"VIVO Aluminum Ultrawide Monitor Stand, Classic, Fits up to 49 inch Computer Screens, Single Articulating Pneumatic Arm, C-Clamp and Grommet Desk Mount, Max VESA 200x100, White, STAND-V100HW",$49.99,4.1,15.0,https://www.amazon.com/VIVO-Ultrawide-Articulating-Pneumatic-STAND-V100HW/dp/B0BXQ62MB6/ref=sr_1_270?dib=eyJ2IjoiMSJ9.af_XEG4ua-RQeBkuaETcBJYnkLrbepxgJTcBQt5WYWV4hlzUb9qEy6rN7gRAmD017ALtUmwUixeQl4f74RcQcMlD372LsX1aULhksN5VYxZJ64KTuGakeKSti5XsGU2He2CDGRT1xeE7dd5J46f5W5qZw8qAIgfqI9anQ7X_DBLwjk22ttSGpQ3nzWZqC5G6bmG9fWyTNw5NOZXWV-4xugkWXnkJ2Pd9rcZ8_7cCtkE.rODt0fKBs6WCsxme3KbnqLI2BU-47Id9KRZRTbdKEzM&dib_tag=se&keywords=ultrawide+monitor&qid=1733686087&sr=8-270
"Ultrawide Monitor Arm for 13 to 34 inch Flat/Curved Computer Screen, Gas Spring Single Monitor Mount Holds up to 26.5 lbs, Clamp & Grommet Base, VESA 75x75/100x100mm, White",$51.99,4.2,86.0,https://www.amazon.com/UPGRAVITY-Ultrawide-Monitor-Computer-100x100mm/dp/B0CYSGY6PD/ref=sr_1_271?dib=eyJ2IjoiMSJ9.af_XEG4ua-RQeBkuaETcBJYnkLrbepxgJTcBQt5WYWV4hlzUb9qEy6rN7gRAmD017ALtUmwUixeQl4f74RcQcMlD372LsX1aULhksN5VYxZJ64KTuGakeKSti5XsGU2He2CDGRT1xeE7dd5J46f5W5qZw8qAIgfqI9anQ7X_DBLwjk22ttSGpQ3nzWZqC5G6bmG9fWyTNw5NOZXWV-4xugkWXnkJ2Pd9rcZ8_7cCtkE.rODt0fKBs6WCsxme3KbnqLI2BU-47Id9KRZRTbdKEzM&dib_tag=se&keywords=ultrawide+monitor&qid=1733686087&sr=8-271
"PUTORSEN 17-49 inch Premium Aluminum Heavy Duty Dual Monitor Arm for Ultrawide Screens up to 44lbs, Vertical Stacked Dual Monitor Desk Mount, Full Motion Dual Vertical Monitor Mount, VESA 75/100,Black",$199.98,4.3,685.0,https://www.amazon.com/PUTORSEN-Premium-Aluminum-Ultrawide-Vertical/dp/B0CF53JKZ8/ref=sr_1_272?dib=eyJ2IjoiMSJ9.af_XEG4ua-RQeBkuaETcBJYnkLrbepxgJTcBQt5WYWV4hlzUb9qEy6rN7gRAmD017ALtUmwUixeQl4f74RcQcMlD372LsX1aULhksN5VYxZJ64KTuGakeKSti5XsGU2He2CDGRT1xeE7dd5J46f5W5qZw8qAIgfqI9anQ7X_DBLwjk22ttSGpQ3nzWZqC5G6bmG9fWyTNw5NOZXWV-4xugkWXnkJ2Pd9rcZ8_7cCtkE.rODt0fKBs6WCsxme3KbnqLI2BU-47Id9KRZRTbdKEzM&dib_tag=se&keywords=ultrawide+monitor&qid=1733686087&sr=8-272
"Pholiten Premium Aluminum Heavy Duty Monitor Arm，Ultrawide Monitor Arm,Full Motion Single Monitor Mount for Computer Screens up to 43 inchs and 28.6lbs,Adjustable Clamp and Grommet Monitor Mount.",$89.99,4.4,703.0,https://www.amazon.com/Pholiten-Aluminum-Arm%EF%BC%8CUltrawide-Computer-Adjustable/dp/B0D3TRVJQ4/ref=sr_1_273?dib=eyJ2IjoiMSJ9.af_XEG4ua-RQeBkuaETcBJYnkLrbepxgJTcBQt5WYWV4hlzUb9qEy6rN7gRAmD017ALtUmwUixeQl4f74RcQcMlD372LsX1aULhksN5VYxZJ64KTuGakeKSti5XsGU2He2CDGRT1xeE7dd5J46f5W5qZw8qAIgfqI9anQ7X_DBLwjk22ttSGpQ3nzWZqC5G6bmG9fWyTNw5NOZXWV-4xugkWXnkJ2Pd9rcZ8_7cCtkE.rODt0fKBs6WCsxme3KbnqLI2BU-47Id9KRZRTbdKEzM&dib_tag=se&keywords=ultrawide+monitor&qid=1733686087&sr=8-273
"SAMSUNG 22"" T350 Series FHD 1080p Computer Monitor, 75Hz, IPS Panel, HDMI, VGA (D-Sub), 3-Sided Border-Less, FreeSync, LF22T350FHNXZA",$79.99,4.5,5364.0,https://www.amazon.com/SAMSUNG-22-inch-Border-Less-FreeSync-LF22T350FHNXZA/dp/B08FNW672V/ref=sr_1_274?dib=eyJ2IjoiMSJ9.af_XEG4ua-RQeBkuaETcBJYnkLrbepxgJTcBQt5WYWV4hlzUb9qEy6rN7gRAmD017ALtUmwUixeQl4f74RcQcMlD372LsX1aULhksN5VYxZJ64KTuGakeKSti5XsGU2He2CDGRT1xeE7dd5J46f5W5qZw8qAIgfqI9anQ7X_DBLwjk22ttSGpQ3nzWZqC5G6bmG9fWyTNw5NOZXWV-4xugkWXnkJ2Pd9rcZ8_7cCtkE.rODt0fKBs6WCsxme3KbnqLI2BU-47Id9KRZRTbdKEzM&dib_tag=se&keywords=ultrawide+monitor&qid=1733686087&sr=8-274
"Laptop Screen Extender 14-inch, 1080P FHD Portable Monitor, Type-C/HDMI/USB-A Plug & Play, Laptop Monitor Extender fits Laptops with Screen up to 15.35"" Wide, Compatible with Windows, Mac, Chrome",$108.29,4.7,310.0,https://www.amazon.com/sspa/click?ie=UTF8&spc=MToxNzYxNzEyNTcxNTc1MzMyOjE3MzM2ODYwODc6c3BfYnRmOjMwMDQ3ODMzMDg0MDEwMjo6MDo6&url=%2FExtender-14-inch-Portable-Monitor-Compatible%2Fdp%2FB0D492Z83S%2Fref%3Dsr_1_275_sspa%3Fdib%3DeyJ2IjoiMSJ9.af_XEG4ua-RQeBkuaETcBJYnkLrbepxgJTcBQt5WYWV4hlzUb9qEy6rN7gRAmD017ALtUmwUixeQl4f74RcQcMlD372LsX1aULhksN5VYxZJ64KTuGakeKSti5XsGU2He2CDGRT1xeE7dd5J46f5W5qZw8qAIgfqI9anQ7X_DBLwjk22ttSGpQ3nzWZqC5G6bmG9fWyTNw5NOZXWV-4xugkWXnkJ2Pd9rcZ8_7cCtkE.rODt0fKBs6WCsxme3KbnqLI2BU-47Id9KRZRTbdKEzM%26dib_tag%3Dse%26keywords%3Dultrawide%2Bmonitor%26qid%3D1733686087%26sr%3D8-275-spons%26sp_csd%3Dd2lkZ2V0TmFtZT1zcF9idGY%26psc%3D1
"F2 Triple Screen Laptop Monitor Extender with 360° Rotation Stand - Plug & Play Compatibility for Windows, Surface, Apple M2 Pro/Max Chip, Switch - 14'' Laptop Monitor for 12-17'' Laptops",$249.99,4.3,229.0,https://www.amazon.com/sspa/click?ie=UTF8&spc=MToxNzYxNzEyNTcxNTc1MzMyOjE3MzM2ODYwODc6c3BfYnRmOjMwMDQ2NDk0NDIyMjkwMjo6MDo6&url=%2FMaxfree-F2-Triple-Screen-Extender%2Fdp%2FB0C68PBF3K%2Fref%3Dsr_1_276_sspa%3Fdib%3DeyJ2IjoiMSJ9.af_XEG4ua-RQeBkuaETcBJYnkLrbepxgJTcBQt5WYWV4hlzUb9qEy6rN7gRAmD017ALtUmwUixeQl4f74RcQcMlD372LsX1aULhksN5VYxZJ64KTuGakeKSti5XsGU2He2CDGRT1xeE7dd5J46f5W5qZw8qAIgfqI9anQ7X_DBLwjk22ttSGpQ3nzWZqC5G6bmG9fWyTNw5NOZXWV-4xugkWXnkJ2Pd9rcZ8_7cCtkE.rODt0fKBs6WCsxme3KbnqLI2BU-47Id9KRZRTbdKEzM%26dib_tag%3Dse%26keywords%3Dultrawide%2Bmonitor%26qid%3D1733686087%26sr%3D8-276-spons%26sp_csd%3Dd2lkZ2V0TmFtZT1zcF9idGY%26psc%3D1
"Sinlge Monitor Mount for 13 to 34 inch Flat/Curved Computer Screen, Gas Spring Ultrawide Monitor Arm Holds up to 26.5 lbs, Clamp & Grommet Base, VESA 75x75/100x100mm, Black",$39.99,4.2,86.0,https://www.amazon.com/sspa/click?ie=UTF8&spc=MTo3OTMwMTMzMzMyNTYwMDY1OjE3MzM2ODYxMDM6c3BfYXRmX25leHQ6MzAwMTY0NjcxMDQ3ODAyOjowOjo&url=%2FUPGRAVITY-Monitor-Ultrawide-Computer-Adjustable%2Fdp%2FB0BLV7JX4Y%2Fref%3Dsr_1_274_sspa%3Fdib%3DeyJ2IjoiMSJ9.YnWJQ0mnMMca02jMp2sIxKv2migiX5dcwFKEFsNeTwzrEPu2rgr8gE0zdep6Zr7ZiP-OWLlK7Aql0Pi1Sf6y3KSbA5EIqDgb4lsor37BDOVxzc-fnbgVOMZQUwL6IGLM0JKhi8NBpC3vjKX8_CLJVmRWUj8mO7NOp6jmS0a8ZPSQHqmEMxhFoe3YvAFYq-1buCsGj5_oCQSQdYRlOe9ivX02ygDfgBHnqGsahWdw0Ao.WLVeUGU5icy4dVUVuWw9sAz9TJu-34-QwwiPsCbdcfg%26dib_tag%3Dse%26keywords%3Dultrawide%2Bmonitor%26qid%3D1733686103%26sr%3D8-274-spons%26sp_csd%3Dd2lkZ2V0TmFtZT1zcF9hdGZfbmV4dA%26psc%3D1
"HUANUO Computer Monitor Wall Mount for 22 to 35 inch Flat Curved Screens, Single Wall Mount Monitor Arm Holds up to 26.4lbs, Height Adjustable Full Motion Gas Springcore Vesa Wall Mount, Max 200x200mm",$49.99,4.4,2454.0,https://www.amazon.com/Monitor-Wall-Mount-Adjustable-Bracket/dp/B08B1QK2GJ/ref=sr_1_275?dib=eyJ2IjoiMSJ9.YnWJQ0mnMMca02jMp2sIxKv2migiX5dcwFKEFsNeTwzrEPu2rgr8gE0zdep6Zr7ZiP-OWLlK7Aql0Pi1Sf6y3KSbA5EIqDgb4lsor37BDOVxzc-fnbgVOMZQUwL6IGLM0JKhi8NBpC3vjKX8_CLJVmRWUj8mO7NOp6jmS0a8ZPSQHqmEMxhFoe3YvAFYq-1buCsGj5_oCQSQdYRlOe9ivX02ygDfgBHnqGsahWdw0Ao.WLVeUGU5icy4dVUVuWw9sAz9TJu-34-QwwiPsCbdcfg&dib_tag=se&keywords=ultrawide+monitor&qid=1733686103&sr=8-275
"Alienware 25 Gaming Monitor AW2523HF 24.5"" IPS LED FHD - 360Hz - AMD FreeSync - VESA - Monitor (USB, HDMI) Height/Tilt/Swivel/Pivot Adjustability - Dark side of the Moon",$279.99,4.4,749.0,https://www.amazon.com/Alienware-AW2523HF-Gaming-Monitor-Adjustability/dp/B0BDPCQ7PG/ref=sr_1_276?dib=eyJ2IjoiMSJ9.YnWJQ0mnMMca02jMp2sIxKv2migiX5dcwFKEFsNeTwzrEPu2rgr8gE0zdep6Zr7ZiP-OWLlK7Aql0Pi1Sf6y3KSbA5EIqDgb4lsor37BDOVxzc-fnbgVOMZQUwL6IGLM0JKhi8NBpC3vjKX8_CLJVmRWUj8mO7NOp6jmS0a8ZPSQHqmEMxhFoe3YvAFYq-1buCsGj5_oCQSQdYRlOe9ivX02ygDfgBHnqGsahWdw0Ao.WLVeUGU5icy4dVUVuWw9sAz9TJu-34-QwwiPsCbdcfg&dib_tag=se&keywords=ultrawide+monitor&qid=1733686103&sr=8-276
"Heavy Duty Monitor-Arm for 17""-49"" Ultrawide - Aluminum Full Motion Single Monitor Arm Desk Mount for Office & Gaming, Adjustable Gas Spring, Ergonomic, VESA 75/100 mm, Max Load 44lbs, Black",$99.98,4.2,510.0,https://www.amazon.com/Heavy-Duty-Monitor-Arm-49-Ultrawide/dp/B0C7BY4XHQ/ref=sr_1_277?dib=eyJ2IjoiMSJ9.YnWJQ0mnMMca02jMp2sIxKv2migiX5dcwFKEFsNeTwzrEPu2rgr8gE0zdep6Zr7ZiP-OWLlK7Aql0Pi1Sf6y3KSbA5EIqDgb4lsor37BDOVxzc-fnbgVOMZQUwL6IGLM0JKhi8NBpC3vjKX8_CLJVmRWUj8mO7NOp6jmS0a8ZPSQHqmEMxhFoe3YvAFYq-1buCsGj5_oCQSQdYRlOe9ivX02ygDfgBHnqGsahWdw0Ao.WLVeUGU5icy4dVUVuWw9sAz9TJu-34-QwwiPsCbdcfg&dib_tag=se&keywords=ultrawide+monitor&qid=1733686103&sr=8-277
"34 Inch Ultrawide Curved Gaming Monitor, 1500R PC Screen 165hz UWQHD 3440x1440, Curved Computer Screen with FreeSync,Multi-Directional Adjustable Base",$259.99,4.2,680.0,https://www.amazon.com/Gawfolk-Ultrawide-3440x1440-Multi-Directional-Adjustable/dp/B0DCHZ8TDK/ref=sr_1_278?dib=eyJ2IjoiMSJ9.YnWJQ0mnMMca02jMp2sIxKv2migiX5dcwFKEFsNeTwzrEPu2rgr8gE0zdep6Zr7ZiP-OWLlK7Aql0Pi1Sf6y3KSbA5EIqDgb4lsor37BDOVxzc-fnbgVOMZQUwL6IGLM0JKhi8NBpC3vjKX8_CLJVmRWUj8mO7NOp6jmS0a8ZPSQHqmEMxhFoe3YvAFYq-1buCsGj5_oCQSQdYRlOe9ivX02ygDfgBHnqGsahWdw0Ao.WLVeUGU5icy4dVUVuWw9sAz9TJu-34-QwwiPsCbdcfg&dib_tag=se&keywords=ultrawide+monitor&qid=1733686103&sr=8-278
"VIVO Heavy Duty Ultrawide Monitor Arm for 57 inch Screens up to 59.4 lbs, Desk Mount TV and Monitor Stand Designed for Samsung Odyssey Ark, Neo G9, ViewFinity S9, and More, Black, STAND-GT55",$119.99,3.6,13.0,https://www.amazon.com/VIVO-Ultrawide-Designed-ViewFinity-STAND-GT55/dp/B0D9J6JLY6/ref=sr_1_279?dib=eyJ2IjoiMSJ9.YnWJQ0mnMMca02jMp2sIxKv2migiX5dcwFKEFsNeTwzrEPu2rgr8gE0zdep6Zr7ZiP-OWLlK7Aql0Pi1Sf6y3KSbA5EIqDgb4lsor37BDOVxzc-fnbgVOMZQUwL6IGLM0JKhi8NBpC3vjKX8_CLJVmRWUj8mO7NOp6jmS0a8ZPSQHqmEMxhFoe3YvAFYq-1buCsGj5_oCQSQdYRlOe9ivX02ygDfgBHnqGsahWdw0Ao.WLVeUGU5icy4dVUVuWw9sAz9TJu-34-QwwiPsCbdcfg&dib_tag=se&keywords=ultrawide+monitor&qid=1733686103&sr=8-279
"ViewSonic VX3267U-4K 4K UHD 32 Inch IPS Monitor with 65W USB C, HDR10 Content Support, Ultra-Thin Bezels, Eye Care, HDMI, and DP Input, Black",$329.99,4.1,56.0,https://www.amazon.com/ViewSonic-VX3267U-4K-Monitor-Content-Ultra-Thin/dp/B0BRNTYTYK/ref=sr_1_280?dib=eyJ2IjoiMSJ9.YnWJQ0mnMMca02jMp2sIxKv2migiX5dcwFKEFsNeTwzrEPu2rgr8gE0zdep6Zr7ZiP-OWLlK7Aql0Pi1Sf6y3KSbA5EIqDgb4lsor37BDOVxzc-fnbgVOMZQUwL6IGLM0JKhi8NBpC3vjKX8_CLJVmRWUj8mO7NOp6jmS0a8ZPSQHqmEMxhFoe3YvAFYq-1buCsGj5_oCQSQdYRlOe9ivX02ygDfgBHnqGsahWdw0Ao.WLVeUGU5icy4dVUVuWw9sAz9TJu-34-QwwiPsCbdcfg&dib_tag=se&keywords=ultrawide+monitor&qid=1733686103&sr=8-280
"Monitor Wall Mount for 17-49 Inch Ultrawide Monitors, Heavy Duty Single Monitor Arm Holds 4.4-44 lbs Computer Screens, Full Motion Adjustable Premium Aluminum Wall Stand with VESA Mount, White",$79.99,4.5,1059.0,https://www.amazon.com/Ultrawide-Monitors-Computer-Adjustable-Aluminum/dp/B0D7VPFQ6D/ref=sr_1_281?dib=eyJ2IjoiMSJ9.YnWJQ0mnMMca02jMp2sIxKv2migiX5dcwFKEFsNeTwzrEPu2rgr8gE0zdep6Zr7ZiP-OWLlK7Aql0Pi1Sf6y3KSbA5EIqDgb4lsor37BDOVxzc-fnbgVOMZQUwL6IGLM0JKhi8NBpC3vjKX8_CLJVmRWUj8mO7NOp6jmS0a8ZPSQHqmEMxhFoe3YvAFYq-1buCsGj5_oCQSQdYRlOe9ivX02ygDfgBHnqGsahWdw0Ao.WLVeUGU5icy4dVUVuWw9sAz9TJu-34-QwwiPsCbdcfg&dib_tag=se&keywords=ultrawide+monitor&qid=1733686103&sr=8-281
"SAMSUNG 57"" Odyssey Neo G9 Series Dual 4K UHD 1000R Curved Gaming Monitor, 240Hz, 1ms with DisplayPort 2.1, Quantum Mini-LED, DisplayHDR 1000, AMD FreeSync Premium Pro, LS57CG952NNXZA, 2023 (Renewed)","$1,499.99",4.1,7.0,https://www.amazon.com/SAMSUNG-DisplayPort-Mini-LED-DisplayHDR-LS57CG952NNXZA/dp/B0CV19JMHY/ref=sr_1_282?dib=eyJ2IjoiMSJ9.YnWJQ0mnMMca02jMp2sIxKv2migiX5dcwFKEFsNeTwzrEPu2rgr8gE0zdep6Zr7ZiP-OWLlK7Aql0Pi1Sf6y3KSbA5EIqDgb4lsor37BDOVxzc-fnbgVOMZQUwL6IGLM0JKhi8NBpC3vjKX8_CLJVmRWUj8mO7NOp6jmS0a8ZPSQHqmEMxhFoe3YvAFYq-1buCsGj5_oCQSQdYRlOe9ivX02ygDfgBHnqGsahWdw0Ao.WLVeUGU5icy4dVUVuWw9sAz9TJu-34-QwwiPsCbdcfg&dib_tag=se&keywords=ultrawide+monitor&qid=1733686103&sr=8-282
"MSI PRO MP273U, IPS 3840 x 2160 (UHD) Computer Monitor, 4K, 60 Hz, Adaptive-Synch, HDMI, DisplayPort, 4ms (GTG), Black",$169.99,4.5,279.0,https://www.amazon.com/MSI-PRO-MP273U-Adaptive-Synch-DisplayPort/dp/B0D9HWRQM7/ref=sr_1_283?dib=eyJ2IjoiMSJ9.YnWJQ0mnMMca02jMp2sIxKv2migiX5dcwFKEFsNeTwzrEPu2rgr8gE0zdep6Zr7ZiP-OWLlK7Aql0Pi1Sf6y3KSbA5EIqDgb4lsor37BDOVxzc-fnbgVOMZQUwL6IGLM0JKhi8NBpC3vjKX8_CLJVmRWUj8mO7NOp6jmS0a8ZPSQHqmEMxhFoe3YvAFYq-1buCsGj5_oCQSQdYRlOe9ivX02ygDfgBHnqGsahWdw0Ao.WLVeUGU5icy4dVUVuWw9sAz9TJu-34-QwwiPsCbdcfg&dib_tag=se&keywords=ultrawide+monitor&qid=1733686103&sr=8-283
"Sceptre 20"" 1600x900 75Hz Ultra Thin LED Monitor 2x HDMI VGA Built-in Speakers, Machine Black Wide Viewing Angle 170° (Horizontal) / 160° (Vertical)",$57.97,4.5,24760.0,https://www.amazon.com/Sceptre-E205W-16003R-Frameless-Speakers-Metallic/dp/B07743412C/ref=sr_1_285?dib=eyJ2IjoiMSJ9.YnWJQ0mnMMca02jMp2sIxKv2migiX5dcwFKEFsNeTwzrEPu2rgr8gE0zdep6Zr7ZiP-OWLlK7Aql0Pi1Sf6y3KSbA5EIqDgb4lsor37BDOVxzc-fnbgVOMZQUwL6IGLM0JKhi8NBpC3vjKX8_CLJVmRWUj8mO7NOp6jmS0a8ZPSQHqmEMxhFoe3YvAFYq-1buCsGj5_oCQSQdYRlOe9ivX02ygDfgBHnqGsahWdw0Ao.WLVeUGU5icy4dVUVuWw9sAz9TJu-34-QwwiPsCbdcfg&dib_tag=se&keywords=ultrawide+monitor&qid=1733686103&sr=8-285
"LG 40BP95C-W 39.7"" UW5K (WUHD) (5120x2160) 72Hz 5ms Curved IPS FreeSync Monitor, Silver (Renewed)","$1,099.00",5.0,1.0,https://www.amazon.com/LG-40BP95C-W-5120x2160-FreeSync-Monitor/dp/B0BRYQ823G/ref=sr_1_288?dib=eyJ2IjoiMSJ9.YnWJQ0mnMMca02jMp2sIxKv2migiX5dcwFKEFsNeTwzrEPu2rgr8gE0zdep6Zr7ZiP-OWLlK7Aql0Pi1Sf6y3KSbA5EIqDgb4lsor37BDOVxzc-fnbgVOMZQUwL6IGLM0JKhi8NBpC3vjKX8_CLJVmRWUj8mO7NOp6jmS0a8ZPSQHqmEMxhFoe3YvAFYq-1buCsGj5_oCQSQdYRlOe9ivX02ygDfgBHnqGsahWdw0Ao.WLVeUGU5icy4dVUVuWw9sAz9TJu-34-QwwiPsCbdcfg&dib_tag=se&keywords=ultrawide+monitor&qid=1733686103&sr=8-288
"Dell U3421WE UltraSharp Curved, 34.14 Inch Ultrawide Monitor WQHD (3440 x 1440p at 60Hz), in-Plane Switching Technology, 100mmx100mm VESA Mounting Support, Platinum Silver",$650.55,4.2,42.0,https://www.amazon.com/Dell-U3421WE-UltraSharp-Technology-100mmx100mm/dp/B08SKYDLLQ/ref=sr_1_289?dib=eyJ2IjoiMSJ9.YnWJQ0mnMMca02jMp2sIxKv2migiX5dcwFKEFsNeTwzrEPu2rgr8gE0zdep6Zr7ZiP-OWLlK7Aql0Pi1Sf6y3KSbA5EIqDgb4lsor37BDOVxzc-fnbgVOMZQUwL6IGLM0JKhi8NBpC3vjKX8_CLJVmRWUj8mO7NOp6jmS0a8ZPSQHqmEMxhFoe3YvAFYq-1buCsGj5_oCQSQdYRlOe9ivX02ygDfgBHnqGsahWdw0Ao.WLVeUGU5icy4dVUVuWw9sAz9TJu-34-QwwiPsCbdcfg&dib_tag=se&keywords=ultrawide+monitor&qid=1733686103&sr=8-289
"27 Inch Gaming Monitor with 165Hz/144hz IPS Panel | 1440p Gaming Monitor with HDR 10, 1ms, 120% sRGB | Bluelight Filter,VESA Wall Mounted and 2HDMI &1DP Port",$139.99,4.4,602.0,https://www.amazon.com/Viewedge-Computer-2560x1440p-Supports-Bluelight/dp/B0CSS6XN6F/ref=sr_1_290?dib=eyJ2IjoiMSJ9.YnWJQ0mnMMca02jMp2sIxKv2migiX5dcwFKEFsNeTwzrEPu2rgr8gE0zdep6Zr7ZiP-OWLlK7Aql0Pi1Sf6y3KSbA5EIqDgb4lsor37BDOVxzc-fnbgVOMZQUwL6IGLM0JKhi8NBpC3vjKX8_CLJVmRWUj8mO7NOp6jmS0a8ZPSQHqmEMxhFoe3YvAFYq-1buCsGj5_oCQSQdYRlOe9ivX02ygDfgBHnqGsahWdw0Ao.WLVeUGU5icy4dVUVuWw9sAz9TJu-34-QwwiPsCbdcfg&dib_tag=se&keywords=ultrawide+monitor&qid=1733686103&sr=8-290
"Touchscreen Portable Monitor, 14Inch Small PC Gaming Monitor, FHD 1080P Built-in Speakers, Multi-Function Stand, 99% sRGB HDMI USB-C Port, LED Monitor for PC, Laptop Computers",$89.99,4.0,2.0,https://www.amazon.com/sspa/click?ie=UTF8&spc=MTo3OTMwMTMzMzMyNTYwMDY1OjE3MzM2ODYxMDM6c3BfYnRmOjMwMDU4MTA4NjE5NTcwMjo6MDo6&url=%2FJhcztrk-Touchscreen-Portable-Multi-Function-Computers%2Fdp%2FB0D1Q6TVNW%2Fref%3Dsr_1_291_sspa%3Fdib%3DeyJ2IjoiMSJ9.YnWJQ0mnMMca02jMp2sIxKv2migiX5dcwFKEFsNeTwzrEPu2rgr8gE0zdep6Zr7ZiP-OWLlK7Aql0Pi1Sf6y3KSbA5EIqDgb4lsor37BDOVxzc-fnbgVOMZQUwL6IGLM0JKhi8NBpC3vjKX8_CLJVmRWUj8mO7NOp6jmS0a8ZPSQHqmEMxhFoe3YvAFYq-1buCsGj5_oCQSQdYRlOe9ivX02ygDfgBHnqGsahWdw0Ao.WLVeUGU5icy4dVUVuWw9sAz9TJu-34-QwwiPsCbdcfg%26dib_tag%3Dse%26keywords%3Dultrawide%2Bmonitor%26qid%3D1733686103%26sr%3D8-291-spons%26sp_csd%3Dd2lkZ2V0TmFtZT1zcF9idGY%26psc%3D1
"Computer Monitor 14 Inch Touchscreen Portable Monitor FHD HDR 1080P 100% sRGB Small PC Monitor with HDMI/USB-C Port, Multifunctional Stand, Built-in Speakers, for PC/Laptop/Smartphone",$99.99,4.5,22.0,https://www.amazon.com/sspa/click?ie=UTF8&spc=MTo3OTMwMTMzMzMyNTYwMDY1OjE3MzM2ODYxMDM6c3BfYnRmOjMwMDM3MDQ4ODEzODkwMjo6MDo6&url=%2FShowscren-Computer-Touchscreen-Multifunctional-Smartphone%2Fdp%2FB0CYX93K42%2Fref%3Dsr_1_292_sspa%3Fdib%3DeyJ2IjoiMSJ9.YnWJQ0mnMMca02jMp2sIxKv2migiX5dcwFKEFsNeTwzrEPu2rgr8gE0zdep6Zr7ZiP-OWLlK7Aql0Pi1Sf6y3KSbA5EIqDgb4lsor37BDOVxzc-fnbgVOMZQUwL6IGLM0JKhi8NBpC3vjKX8_CLJVmRWUj8mO7NOp6jmS0a8ZPSQHqmEMxhFoe3YvAFYq-1buCsGj5_oCQSQdYRlOe9ivX02ygDfgBHnqGsahWdw0Ao.WLVeUGU5icy4dVUVuWw9sAz9TJu-34-QwwiPsCbdcfg%26dib_tag%3Dse%26keywords%3Dultrawide%2Bmonitor%26qid%3D1733686103%26sr%3D8-292-spons%26sp_csd%3Dd2lkZ2V0TmFtZT1zcF9idGY%26psc%3D1
"Single Monitor Mount with USB A/C, Heavy Duty Monitor Arm for 17 to 49 inch Ultrawide Monitor, Holds 44 lbs, Adjustable Gas Spring Monitor Arm Desk Mount with Clamp and Grommet Base, White",$109.99,4.4,77.0,https://www.amazon.com/sspa/click?ie=UTF8&spc=MToyNjUyNjc3MzA2NTQ1NzMwOjE3MzM2ODYxMjg6c3BfYXRmX25leHQ6MzAwNTM5MDI0OTg2ODAyOjowOjo&url=%2FARES-WING-Monitor-Ultrawide-Adjustable%2Fdp%2FB0D2KNKWS3%2Fref%3Dsr_1_289_sspa%3Fdib%3DeyJ2IjoiMSJ9.uICPpeC6EIgmiXw9il7XDe2vntHQ5ltUDBRGlo_h_eI_Bja0D5sFpA_Se9BAB0_O77HD4qGY6OzzhJbWug471Z7x3eEHOiP-NVtfq6Od9FnoGeY0pDFG9AxVGtnnMNyO6thyjWYeh2PwUyZMddVeA353ku-WU3p-IBmFhfdPQx9jRp98lUFzZl5xgJvldcuxT8uzcCxc99Wr_7X9_IYTCM4fMBLenqyBGB548loYFow.683pM8pZeNzs1Zp_UKI23OHMhWB-h_ESajYwQ5Uy_yg%26dib_tag%3Dse%26keywords%3Dultrawide%2Bmonitor%26qid%3D1733686128%26sr%3D8-289-spons%26sp_csd%3Dd2lkZ2V0TmFtZT1zcF9hdGZfbmV4dA%26psc%3D1
"32-inch PC Screen,2K QHD(2560×1440P),165Hz Curved Gaming Monitor, 1ms，FreeSync, 98% sRGB，178° Wide Viewing Angle，DisplayPort、HDMI, Wall Mount Compatible 100 * 100MM Wall - Black",$169.99,4.2,847.0,https://www.amazon.com/sspa/click?ie=UTF8&spc=MToyNjUyNjc3MzA2NTQ1NzMwOjE3MzM2ODYxMjg6c3BfYXRmX25leHQ6MzAwMzY4MjU0MzMxODAyOjowOjo&url=%2FGawfolk-2560%25C3%25971440P-1ms%25EF%25BC%258CFreeSync-Angle%25EF%25BC%258CDisplayPort%25E3%2580%2581HDMI-Compatible%2Fdp%2FB0D8GWDNQN%2Fref%3Dsr_1_290_sspa%3Fdib%3DeyJ2IjoiMSJ9.uICPpeC6EIgmiXw9il7XDe2vntHQ5ltUDBRGlo_h_eI_Bja0D5sFpA_Se9BAB0_O77HD4qGY6OzzhJbWug471Z7x3eEHOiP-NVtfq6Od9FnoGeY0pDFG9AxVGtnnMNyO6thyjWYeh2PwUyZMddVeA353ku-WU3p-IBmFhfdPQx9jRp98lUFzZl5xgJvldcuxT8uzcCxc99Wr_7X9_IYTCM4fMBLenqyBGB548loYFow.683pM8pZeNzs1Zp_UKI23OHMhWB-h_ESajYwQ5Uy_yg%26dib_tag%3Dse%26keywords%3Dultrawide%2Bmonitor%26qid%3D1733686128%26sr%3D8-290-spons%26sp_csd%3Dd2lkZ2V0TmFtZT1zcF9hdGZfbmV4dA%26psc%3D1
"SAMSUNG 34"" Class Ultrawide Monitor with 21:9 Wide Screen, LED WQHD(3,440 x 1,440) Display, 4ms Response, 75Hz, FreeSync, Display Port, HDMI, with MTC HDMI Cable",$356.00,4.3,4.0,https://www.amazon.com/SAMSUNG-34-Class-Ultrawide-Monitor/dp/B0BRXPMZF9/ref=sr_1_291?dib=eyJ2IjoiMSJ9.uICPpeC6EIgmiXw9il7XDe2vntHQ5ltUDBRGlo_h_eI_Bja0D5sFpA_Se9BAB0_O77HD4qGY6OzzhJbWug471Z7x3eEHOiP-NVtfq6Od9FnoGeY0pDFG9AxVGtnnMNyO6thyjWYeh2PwUyZMddVeA353ku-WU3p-IBmFhfdPQx9jRp98lUFzZl5xgJvldcuxT8uzcCxc99Wr_7X9_IYTCM4fMBLenqyBGB548loYFow.683pM8pZeNzs1Zp_UKI23OHMhWB-h_ESajYwQ5Uy_yg&dib_tag=se&keywords=ultrawide+monitor&qid=1733686128&sr=8-291
"HUANUO Triple Monitor Stand - Full Motion Articulating Gas Spring Monitor Mount Fit Three 17 to 32 inch LCD Computer Screens with Clamp, Grommet Kit",$139.99,4.4,5998.0,https://www.amazon.com/Triple-Monitor-Stand-Articulating-Aluminum/dp/B07QS7BM8W/ref=sr_1_292?dib=eyJ2IjoiMSJ9.uICPpeC6EIgmiXw9il7XDe2vntHQ5ltUDBRGlo_h_eI_Bja0D5sFpA_Se9BAB0_O77HD4qGY6OzzhJbWug471Z7x3eEHOiP-NVtfq6Od9FnoGeY0pDFG9AxVGtnnMNyO6thyjWYeh2PwUyZMddVeA353ku-WU3p-IBmFhfdPQx9jRp98lUFzZl5xgJvldcuxT8uzcCxc99Wr_7X9_IYTCM4fMBLenqyBGB548loYFow.683pM8pZeNzs1Zp_UKI23OHMhWB-h_ESajYwQ5Uy_yg&dib_tag=se&keywords=ultrawide+monitor&qid=1733686128&sr=8-292
Ultrawide Dual Monitor Arm 49 inch - Dual Monitor Mount - Double Monitor Mount - Dual Arm Monitor Mount - Heavy Duty Monitor Arms - Holds Up to 44 lbs. Each,$129.50,4.3,168.0,https://www.amazon.com/Computer-Monitor-Ultrawide-Screens-Heavy-Duty/dp/B0C9YKS58B/ref=sr_1_296?dib=eyJ2IjoiMSJ9.uICPpeC6EIgmiXw9il7XDe2vntHQ5ltUDBRGlo_h_eI_Bja0D5sFpA_Se9BAB0_O77HD4qGY6OzzhJbWug471Z7x3eEHOiP-NVtfq6Od9FnoGeY0pDFG9AxVGtnnMNyO6thyjWYeh2PwUyZMddVeA353ku-WU3p-IBmFhfdPQx9jRp98lUFzZl5xgJvldcuxT8uzcCxc99Wr_7X9_IYTCM4fMBLenqyBGB548loYFow.683pM8pZeNzs1Zp_UKI23OHMhWB-h_ESajYwQ5Uy_yg&dib_tag=se&keywords=ultrawide+monitor&qid=1733686128&sr=8-296
"CRUA 24 Inch 144hz/180hz Curved Gaming Monitor, FHD 1080P Frameless Computer Monitors, Support AMD freesync Low Motion Blur, Eye Care, DP, HDMI, Compatible Wall Mountable Installs-Black",$119.99,4.3,1875.0,https://www.amazon.com/CRUA-Monitor%EF%BC%8CFHD-Frameless-Monitor%EF%BC%8CSupport-DisplayPort/dp/B0B3MNRDGL/ref=sr_1_297?dib=eyJ2IjoiMSJ9.uICPpeC6EIgmiXw9il7XDe2vntHQ5ltUDBRGlo_h_eI_Bja0D5sFpA_Se9BAB0_O77HD4qGY6OzzhJbWug471Z7x3eEHOiP-NVtfq6Od9FnoGeY0pDFG9AxVGtnnMNyO6thyjWYeh2PwUyZMddVeA353ku-WU3p-IBmFhfdPQx9jRp98lUFzZl5xgJvldcuxT8uzcCxc99Wr_7X9_IYTCM4fMBLenqyBGB548loYFow.683pM8pZeNzs1Zp_UKI23OHMhWB-h_ESajYwQ5Uy_yg&dib_tag=se&keywords=ultrawide+monitor&qid=1733686128&sr=8-297
"Heavy Duty Monitor Arm for 17-57"" Screens up to 55lbs, Premium Aluminum Ultrawide Monitor Arm for Samsung 49"" Odyssey G9 and LG, Fully Adjustable Single Ultrawide Mount, VESA 75/100mm, Black",$149.99,4.5,14.0,https://www.amazon.com/UPGRAVITY-Monitor-Aluminum-Ultrawide-Adjustable/dp/B0DC633KYW/ref=sr_1_298?dib=eyJ2IjoiMSJ9.uICPpeC6EIgmiXw9il7XDe2vntHQ5ltUDBRGlo_h_eI_Bja0D5sFpA_Se9BAB0_O77HD4qGY6OzzhJbWug471Z7x3eEHOiP-NVtfq6Od9FnoGeY0pDFG9AxVGtnnMNyO6thyjWYeh2PwUyZMddVeA353ku-WU3p-IBmFhfdPQx9jRp98lUFzZl5xgJvldcuxT8uzcCxc99Wr_7X9_IYTCM4fMBLenqyBGB548loYFow.683pM8pZeNzs1Zp_UKI23OHMhWB-h_ESajYwQ5Uy_yg&dib_tag=se&keywords=ultrawide+monitor&qid=1733686128&sr=8-298
BenQ ScreenBar Pro LED Monitor Light (Black)/Ultrawide Illumination/Motion Sensor/Adjustable Brightness and Color Temperature/Eye-Care Light Bar/No Screen Glare/Space Saving/Curved Monitors/USB-C,$139.00,4.6,191.0,https://www.amazon.com/BenQ-Illumination-Adjustable-Brightness-Temperature/dp/B0CZ9P1QW9/ref=sr_1_300?dib=eyJ2IjoiMSJ9.uICPpeC6EIgmiXw9il7XDe2vntHQ5ltUDBRGlo_h_eI_Bja0D5sFpA_Se9BAB0_O77HD4qGY6OzzhJbWug471Z7x3eEHOiP-NVtfq6Od9FnoGeY0pDFG9AxVGtnnMNyO6thyjWYeh2PwUyZMddVeA353ku-WU3p-IBmFhfdPQx9jRp98lUFzZl5xgJvldcuxT8uzcCxc99Wr_7X9_IYTCM4fMBLenqyBGB548loYFow.683pM8pZeNzs1Zp_UKI23OHMhWB-h_ESajYwQ5Uy_yg&dib_tag=se&keywords=ultrawide+monitor&qid=1733686128&sr=8-300
"VIVO Heavy Duty Aluminum Ultrawide Monitor Arm for 49 inch Screens up to 44 lbs, Premium Desk Mount Monitor Stand Designed for Samsung Odyssey G9 and More, Max VESA 100x100, Black, STAND-V100E",$79.99,4.1,277.0,https://www.amazon.com/VIVO-Aluminum-Ultrawide-Pneumatic-STAND-V100E/dp/B0CNS3D8CX/ref=sr_1_301?dib=eyJ2IjoiMSJ9.uICPpeC6EIgmiXw9il7XDe2vntHQ5ltUDBRGlo_h_eI_Bja0D5sFpA_Se9BAB0_O77HD4qGY6OzzhJbWug471Z7x3eEHOiP-NVtfq6Od9FnoGeY0pDFG9AxVGtnnMNyO6thyjWYeh2PwUyZMddVeA353ku-WU3p-IBmFhfdPQx9jRp98lUFzZl5xgJvldcuxT8uzcCxc99Wr_7X9_IYTCM4fMBLenqyBGB548loYFow.683pM8pZeNzs1Zp_UKI23OHMhWB-h_ESajYwQ5Uy_yg&dib_tag=se&keywords=ultrawide+monitor&qid=1733686128&sr=8-301
"HUANUO Single Monitor Stand Desk Mount, Extra Tall 39 Inch Fully Adjustable Stand Computer Mount for 13-32 In Screen, Ultra Wide Screen to 35in, Monitor Arm Holds up to 22lbs with C Clamp/Grommet Base",$39.99,4.7,2198.0,https://www.amazon.com/Single-Monitor-Stand-Desk-Mount/dp/B07SKGXMNV/ref=sr_1_302?dib=eyJ2IjoiMSJ9.uICPpeC6EIgmiXw9il7XDe2vntHQ5ltUDBRGlo_h_eI_Bja0D5sFpA_Se9BAB0_O77HD4qGY6OzzhJbWug471Z7x3eEHOiP-NVtfq6Od9FnoGeY0pDFG9AxVGtnnMNyO6thyjWYeh2PwUyZMddVeA353ku-WU3p-IBmFhfdPQx9jRp98lUFzZl5xgJvldcuxT8uzcCxc99Wr_7X9_IYTCM4fMBLenqyBGB548loYFow.683pM8pZeNzs1Zp_UKI23OHMhWB-h_ESajYwQ5Uy_yg&dib_tag=se&keywords=ultrawide+monitor&qid=1733686128&sr=8-302
"MOUNTUP Dual Monitor Mount Fits 13''-39'' Screen, Ultrawide Dual Monitor Desk Mount Hold 4.4-33 lbs, Adjustable Gas Spring Double Monitor Arms, Computer Monitor Stand with USB, VESA Monitor Bracket",$129.99,4.4,157.0,https://www.amazon.com/MOUNTUP-Ultrawide-Adjustable-Mounting-Computer/dp/B09Y5TKX3R/ref=sr_1_303?dib=eyJ2IjoiMSJ9.uICPpeC6EIgmiXw9il7XDe2vntHQ5ltUDBRGlo_h_eI_Bja0D5sFpA_Se9BAB0_O77HD4qGY6OzzhJbWug471Z7x3eEHOiP-NVtfq6Od9FnoGeY0pDFG9AxVGtnnMNyO6thyjWYeh2PwUyZMddVeA353ku-WU3p-IBmFhfdPQx9jRp98lUFzZl5xgJvldcuxT8uzcCxc99Wr_7X9_IYTCM4fMBLenqyBGB548loYFow.683pM8pZeNzs1Zp_UKI23OHMhWB-h_ESajYwQ5Uy_yg&dib_tag=se&keywords=ultrawide+monitor&qid=1733686128&sr=8-303
"LG 34” 34BN77C-B IPS QHD UltraWide™ Curved Monitor (3440x1440) with 21:9 Aspect Ratio, HDR10, sRGB 99% Color Gamut, Dual Controller & MaxxAudio,Black",$599.99,5.0,3.0,https://www.amazon.com/LG-UltraWide-Curved-Monitor-3440x1440/dp/B08K3V3NT8/ref=sr_1_305?dib=eyJ2IjoiMSJ9.uICPpeC6EIgmiXw9il7XDe2vntHQ5ltUDBRGlo_h_eI_Bja0D5sFpA_Se9BAB0_O77HD4qGY6OzzhJbWug471Z7x3eEHOiP-NVtfq6Od9FnoGeY0pDFG9AxVGtnnMNyO6thyjWYeh2PwUyZMddVeA353ku-WU3p-IBmFhfdPQx9jRp98lUFzZl5xgJvldcuxT8uzcCxc99Wr_7X9_IYTCM4fMBLenqyBGB548loYFow.683pM8pZeNzs1Zp_UKI23OHMhWB-h_ESajYwQ5Uy_yg&dib_tag=se&keywords=ultrawide+monitor&qid=1733686128&sr=8-305
"VIVO Single 13 to 38 inch LCD Monitor Heavy Duty Desk Mount Stand, Holds 1 Standard to Ultrawide Screen up to 38 inches, STAND-V001C",$32.99,4.5,1001.0,https://www.amazon.com/VIVO-Single-Monitor-Adjustable-STAND-V001C/dp/B01CUU2VKY/ref=sr_1_306?dib=eyJ2IjoiMSJ9.uICPpeC6EIgmiXw9il7XDe2vntHQ5ltUDBRGlo_h_eI_Bja0D5sFpA_Se9BAB0_O77HD4qGY6OzzhJbWug471Z7x3eEHOiP-NVtfq6Od9FnoGeY0pDFG9AxVGtnnMNyO6thyjWYeh2PwUyZMddVeA353ku-WU3p-IBmFhfdPQx9jRp98lUFzZl5xgJvldcuxT8uzcCxc99Wr_7X9_IYTCM4fMBLenqyBGB548loYFow.683pM8pZeNzs1Zp_UKI23OHMhWB-h_ESajYwQ5Uy_yg&dib_tag=se&keywords=ultrawide+monitor&qid=1733686128&sr=8-306
"Portable Monitor, 10.5 Inch FHD 1920x1280 IPS 100% SRGB Small Laptop Monitor for Computer PC Phone Mac Xbox PS4, USB C HDMI Gaming Monitor Ultra-Slim IPS Display with Smart Cover",$119.99,4.2,105.0,https://www.amazon.com/sspa/click?ie=UTF8&spc=MToyNjUyNjc3MzA2NTQ1NzMwOjE3MzM2ODYxMjg6c3BfYnRmOjMwMDAzMzU2NzcxMDQwMjo6MDo6&url=%2FMiktver-Portable-1920x1280-Computer-Ultra-Slim%2Fdp%2FB0B4JD14HV%2Fref%3Dsr_1_307_sspa%3Fdib%3DeyJ2IjoiMSJ9.uICPpeC6EIgmiXw9il7XDe2vntHQ5ltUDBRGlo_h_eI_Bja0D5sFpA_Se9BAB0_O77HD4qGY6OzzhJbWug471Z7x3eEHOiP-NVtfq6Od9FnoGeY0pDFG9AxVGtnnMNyO6thyjWYeh2PwUyZMddVeA353ku-WU3p-IBmFhfdPQx9jRp98lUFzZl5xgJvldcuxT8uzcCxc99Wr_7X9_IYTCM4fMBLenqyBGB548loYFow.683pM8pZeNzs1Zp_UKI23OHMhWB-h_ESajYwQ5Uy_yg%26dib_tag%3Dse%26keywords%3Dultrawide%2Bmonitor%26qid%3D1733686128%26sr%3D8-307-spons%26sp_csd%3Dd2lkZ2V0TmFtZT1zcF9idGY%26psc%3D1
"32 inch Gaming Monitor 1800R Curved Computer Monitors 165HZ / 180HZ PC Monitors VA Screen for Home, Office and Dormitory, FHD 1080P Computer Monitor Support HDMI & DP",$159.99,4.3,1607.0,https://www.amazon.com/sspa/click?ie=UTF8&spc=MToyNjUyNjc3MzA2NTQ1NzMwOjE3MzM2ODYxMjg6c3BfYnRmOjMwMDIyMjQyMTgwOTAwMjo6MDo6&url=%2FGawfolk-Monitor-Computer-Monitors-Dormitory%2Fdp%2FB0CWTR4WG5%2Fref%3Dsr_1_308_sspa%3Fdib%3DeyJ2IjoiMSJ9.uICPpeC6EIgmiXw9il7XDe2vntHQ5ltUDBRGlo_h_eI_Bja0D5sFpA_Se9BAB0_O77HD4qGY6OzzhJbWug471Z7x3eEHOiP-NVtfq6Od9FnoGeY0pDFG9AxVGtnnMNyO6thyjWYeh2PwUyZMddVeA353ku-WU3p-IBmFhfdPQx9jRp98lUFzZl5xgJvldcuxT8uzcCxc99Wr_7X9_IYTCM4fMBLenqyBGB548loYFow.683pM8pZeNzs1Zp_UKI23OHMhWB-h_ESajYwQ5Uy_yg%26dib_tag%3Dse%26keywords%3Dultrawide%2Bmonitor%26qid%3D1733686128%26sr%3D8-308-spons%26sp_csd%3Dd2lkZ2V0TmFtZT1zcF9idGY%26psc%3D1
"HUANUO Single Monitor Arm, Tall Computer Monitor Stand for 13–32 inch Screens Holds 4.4-19.8 lbs, Adjustable Monitor Mount Gas Spring Full Motion with C-Clamp & Grommet Base, VESA 75x75 or 100x100mm",$44.99,4.4,192.0,https://www.amazon.com/sspa/click?ie=UTF8&spc=MTo0MDkzOTgwMDA5OTE4NjY5OjE3MzM2ODYxNDM6c3BfYXRmX25leHQ6MzAwMTg5ODg2MzA1MTAyOjowOjo&url=%2FHUANUO-Computer-4-4-19-8-Adjustable-100x100mm%2Fdp%2FB0CJJQ6CL2%2Fref%3Dsr_1_305_sspa%3Fdib%3DeyJ2IjoiMSJ9.TijeQN225in3edcKD-n7AsN06uJoe7v22pyMFfGBzAk.lgBGAxZoY0HgLDy_h0XfnxDtA6zxX7Ja11o9GoXnUEs%26dib_tag%3Dse%26keywords%3Dultrawide%2Bmonitor%26qid%3D1733686143%26sr%3D8-305-spons%26sp_csd%3Dd2lkZ2V0TmFtZT1zcF9hdGZfbmV4dA%26psc%3D1
"HUANUO Heavy Duty Monitor Arm for 49 inches Screens up to 35 lbs, Aluminum Ultrawide Monitor Mount for Samsung Odyssey G9 Monitor Arm, Fully Adjustable Monitor Stand for Desk, VESA 100x100mm, Black",$99.99,4.5,93.0,https://www.amazon.com/sspa/click?ie=UTF8&spc=MTo0MDkzOTgwMDA5OTE4NjY5OjE3MzM2ODYxNDM6c3BfYXRmX25leHQ6MzAwNTYzMzE2MTQ5MzAyOjowOjo&url=%2FHUANUO-Aluminum-Ultrawide-Adjustable-100x100mm%2Fdp%2FB0CTQ8NN3K%2Fref%3Dsr_1_306_sspa%3Fdib%3DeyJ2IjoiMSJ9.TijeQN225in3edcKD-n7AsN06uJoe7v22pyMFfGBzAk.lgBGAxZoY0HgLDy_h0XfnxDtA6zxX7Ja11o9GoXnUEs%26dib_tag%3Dse%26keywords%3Dultrawide%2Bmonitor%26qid%3D1733686143%26sr%3D8-306-spons%26sp_csd%3Dd2lkZ2V0TmFtZT1zcF9hdGZfbmV4dA%26psc%3D1
"SAMSUNG 32"" Odyssey Neo G7 4K UHD 165Hz 1ms G-Sync 1000R Curved Gaming Monitor, Quantum HDR2000, AMD FreeSync Premium Pro, Ultrawide Game View, DisplayPort, HDMI, Black, 2022 (Renewed)",$579.99,3.8,33.0,https://www.amazon.com/SAMSUNG-Odyssey-FreeSync-Ultrawide-DisplayPort/dp/B0BSNXCMFG/ref=sr_1_307?dib=eyJ2IjoiMSJ9.TijeQN225in3edcKD-n7AsN06uJoe7v22pyMFfGBzAk.lgBGAxZoY0HgLDy_h0XfnxDtA6zxX7Ja11o9GoXnUEs&dib_tag=se&keywords=ultrawide+monitor&qid=1733686143&sr=8-307
"Premium Heavy Duty Monitor Arm for 17 to 49 inch Screens up to 44lbs, Fully Adjustable Ultrawide Single Clamp-on Desk Mount Stand, VESA 75x75/100x100mm",$99.99,4.5,31.0,https://www.amazon.com/IMtKotW-Premium-Adjustable-Ultrawide-100x100mm/dp/B0CQ8F29PW/ref=sr_1_308?dib=eyJ2IjoiMSJ9.TijeQN225in3edcKD-n7AsN06uJoe7v22pyMFfGBzAk.lgBGAxZoY0HgLDy_h0XfnxDtA6zxX7Ja11o9GoXnUEs&dib_tag=se&keywords=ultrawide+monitor&qid=1733686143&sr=8-308
"KTC 32 inch 240Hz Curved Gaming Monitor 1500R 1080P 125% sRGB 1ms, Freesync/G-sync HDR10,HDMI/DP/USB Ports VESA,Tilt Adjustable,Xbox PS5 Switch,Black",$209.99,4.4,387.0,https://www.amazon.com/sspa/click?ie=UTF8&spc=MTo0MDkzOTgwMDA5OTE4NjY5OjE3MzM2ODYxNDM6c3BfYnRmOjMwMDI1NzM4OTE1NTIwMjo6MDo6&url=%2FKTC-Curved-Monitor-Freesync-Adjustable%2Fdp%2FB0D5QP2LXS%2Fref%3Dsr_1_309_sspa%3Fdib%3DeyJ2IjoiMSJ9.TijeQN225in3edcKD-n7AsN06uJoe7v22pyMFfGBzAk.lgBGAxZoY0HgLDy_h0XfnxDtA6zxX7Ja11o9GoXnUEs%26dib_tag%3Dse%26keywords%3Dultrawide%2Bmonitor%26qid%3D1733686143%26sr%3D8-309-spons%26sp_csd%3Dd2lkZ2V0TmFtZT1zcF9idGY%26psc%3D1
"27 inch Curved Gaming Monitor,144Hz/180Hz PC Monitor Full HD 1080P, Frameless 1800R Computer Display with FreeSync & Eye-Care Technology, Wall Mountable, DP, HDMI Port (Black)",$159.99,4.3,1607.0,https://www.amazon.com/sspa/click?ie=UTF8&spc=MTo0MDkzOTgwMDA5OTE4NjY5OjE3MzM2ODYxNDM6c3BfYnRmOjMwMDMyMzUzMTk0OTkwMjo6MDo6&url=%2FGawfolk-Frameless-Computer-FreeSync-Technology%2Fdp%2FB0B56DVML2%2Fref%3Dsr_1_310_sspa%3Fdib%3DeyJ2IjoiMSJ9.TijeQN225in3edcKD-n7AsN06uJoe7v22pyMFfGBzAk.lgBGAxZoY0HgLDy_h0XfnxDtA6zxX7Ja11o9GoXnUEs%26dib_tag%3Dse%26keywords%3Dultrawide%2Bmonitor%26qid%3D1733686143%26sr%3D8-310-spons%26sp_csd%3Dd2lkZ2V0TmFtZT1zcF9idGY%26psc%3D1
"15.6'' FHD IPS Business Gaming Laptop, 6-Cores AMD Ryzen 5 6600H, 32GB DDR5 RAM 1TB SSD(Beat i5-12450H, Up to 4.5GHz), 100W Type-C, 6-Cores 660M GPU, Fingerprint, Backlit Keyboard, Numpad",$599.99,4.6,31.0,https://www.amazon.com/sspa/click?ie=UTF8&spc=MToyNDAxMDY2NDE3NjQ1MjgyOjE3MzM2ODYxNTY6c3BfYXRmOjMwMDU1NDY4MTA1NzIwMjo6MDo6&url=%2FBusiness-6-Cores-i5-12450H-Fingerprint-Keyboard%2Fdp%2FB0DLT2FVFW%2Fref%3Dsr_1_1_sspa%3Fdib%3DeyJ2IjoiMSJ9.GLcFVI9LsAodOxh32evwSAIcybg4TpLfIpKdlG8D9NpBHU_KOLuwlkR--dawbDGLLxuvmT8foggaQIAeYzKNAPsQKofh4BYBx_ml4PJTNZcpeTNxVufnmMC9hsOb5-5au9wrJoZHZDl-WQOUXDG-6FpPyE8xKzAj3BbUE4ev_2ublA3IJf6yyN73NmSEyZtn3O5XPGsi3-jNYjWFMEZZP2YQrCUOw0MvhmhQUw4GneU.WaNQW2Zp2HxY5X4hLSW9tLKIvUMw8-y5S-ubCIkAPKE%26dib_tag%3Dse%26keywords%3Dgaming%2Blaptop%26qid%3D1733686155%26sr%3D8-1-spons%26sp_csd%3Dd2lkZ2V0TmFtZT1zcF9hdGY%26psc%3D1
"NIMO 15.6 FHD IPS Business Gaming Laptop, 6-Cores AMD Ryzen 5 6600H 660M 6 nm,32GB RAM DDR5, 1TB SSD, (Beat i5-12450H, up to 4.5GHz),100W Type-C, Fingerprint, Backlit Keyboard, WiFi 5, Win 11",$619.00,5.0,14.0,https://www.amazon.com/sspa/click?ie=UTF8&spc=MToyNDAxMDY2NDE3NjQ1MjgyOjE3MzM2ODYxNTY6c3BfYXRmOjMwMDU2OTYyMzIyOTcwMjo6MDo6&url=%2FNIMO-AMD-6600H-i5-12450H-Fingerprint%2Fdp%2FB0DFP55TMS%2Fref%3Dsr_1_2_sspa%3Fdib%3DeyJ2IjoiMSJ9.GLcFVI9LsAodOxh32evwSAIcybg4TpLfIpKdlG8D9NpBHU_KOLuwlkR--dawbDGLLxuvmT8foggaQIAeYzKNAPsQKofh4BYBx_ml4PJTNZcpeTNxVufnmMC9hsOb5-5au9wrJoZHZDl-WQOUXDG-6FpPyE8xKzAj3BbUE4ev_2ublA3IJf6yyN73NmSEyZtn3O5XPGsi3-jNYjWFMEZZP2YQrCUOw0MvhmhQUw4GneU.WaNQW2Zp2HxY5X4hLSW9tLKIvUMw8-y5S-ubCIkAPKE%26dib_tag%3Dse%26keywords%3Dgaming%2Blaptop%26qid%3D1733686155%26sr%3D8-2-spons%26sp_csd%3Dd2lkZ2V0TmFtZT1zcF9hdGY%26psc%3D1
"Acer Nitro V Gaming Laptop | Intel Core i5-13420H Processor | NVIDIA GeForce RTX 4050 Laptop GPU | 15.6"" FHD IPS 144Hz Display | 8GB DDR5 | 512GB Gen 4 SSD | WiFi 6 | Backlit KB | ANV15-51-51H9",$748.99,4.4,1207.0,https://www.amazon.com/i5-13420H-Processor-GeForce-Display-ANV15-51-51H9/dp/B0CP8D4SM2/ref=sr_1_3?dib=eyJ2IjoiMSJ9.GLcFVI9LsAodOxh32evwSAIcybg4TpLfIpKdlG8D9NpBHU_KOLuwlkR--dawbDGLLxuvmT8foggaQIAeYzKNAPsQKofh4BYBx_ml4PJTNZcpeTNxVufnmMC9hsOb5-5au9wrJoZHZDl-WQOUXDG-6FpPyE8xKzAj3BbUE4ev_2ublA3IJf6yyN73NmSEyZtn3O5XPGsi3-jNYjWFMEZZP2YQrCUOw0MvhmhQUw4GneU.WaNQW2Zp2HxY5X4hLSW9tLKIvUMw8-y5S-ubCIkAPKE&dib_tag=se&keywords=gaming+laptop&qid=1733686155&sr=8-3
"15.6'' FHD IPS Business Gaming Laptop, 6-Cores AMD Ryzen 5 6600H, 32GB DDR5 RAM 1TB SSD(Beat i5-12450H, Up to 4.5GHz), 100W Type-C, 6-Cores 660M GPU, Fingerprint, Backlit Keyboard, Numpad",$599.99,4.6,31.0,https://www.amazon.com/Business-6-Cores-i5-12450H-Fingerprint-Keyboard/dp/B0DLT2FVFW/ref=sr_1_4?dib=eyJ2IjoiMSJ9.GLcFVI9LsAodOxh32evwSAIcybg4TpLfIpKdlG8D9NpBHU_KOLuwlkR--dawbDGLLxuvmT8foggaQIAeYzKNAPsQKofh4BYBx_ml4PJTNZcpeTNxVufnmMC9hsOb5-5au9wrJoZHZDl-WQOUXDG-6FpPyE8xKzAj3BbUE4ev_2ublA3IJf6yyN73NmSEyZtn3O5XPGsi3-jNYjWFMEZZP2YQrCUOw0MvhmhQUw4GneU.WaNQW2Zp2HxY5X4hLSW9tLKIvUMw8-y5S-ubCIkAPKE&dib_tag=se&keywords=gaming+laptop&qid=1733686155&sr=8-4
"ASUS ROG Strix G16 (2024) Gaming Laptop, 16” 16:10 FHD 165Hz Display, NVIDIA® GeForce RTX™ 4060, Intel Core i7-13650HX, 16GB DDR5, 1TB PCIe Gen4 SSD, Wi-Fi 6E, Windows 11, G614JV-AS74","$1,281.19",4.3,1487.0,https://www.amazon.com/ASUS-ROG-Strix-Gaming-Laptop/dp/B0CRDCXRK2/ref=sr_1_5?dib=eyJ2IjoiMSJ9.GLcFVI9LsAodOxh32evwSAIcybg4TpLfIpKdlG8D9NpBHU_KOLuwlkR--dawbDGLLxuvmT8foggaQIAeYzKNAPsQKofh4BYBx_ml4PJTNZcpeTNxVufnmMC9hsOb5-5au9wrJoZHZDl-WQOUXDG-6FpPyE8xKzAj3BbUE4ev_2ublA3IJf6yyN73NmSEyZtn3O5XPGsi3-jNYjWFMEZZP2YQrCUOw0MvhmhQUw4GneU.WaNQW2Zp2HxY5X4hLSW9tLKIvUMw8-y5S-ubCIkAPKE&dib_tag=se&keywords=gaming+laptop&qid=1733686155&sr=8-5
"HP Victus 15 Gaming Laptop, 15.6"" FHD 144Hz Display, AMD Ryzen 5 7535HS, 16GB DDR5 RAM, 512GB PCIe M.2 SSD, NVIDIA GeForce RTX 2050, HDMI, Webcam, Backlit Keyboard, Wi-Fi 6, Windows 11 Home, Silver",$579.00,4.3,942.0,https://www.amazon.com/HP-Display-GeForce-Backlit-Keyboard/dp/B0CFSBT85B/ref=sr_1_6?dib=eyJ2IjoiMSJ9.GLcFVI9LsAodOxh32evwSAIcybg4TpLfIpKdlG8D9NpBHU_KOLuwlkR--dawbDGLLxuvmT8foggaQIAeYzKNAPsQKofh4BYBx_ml4PJTNZcpeTNxVufnmMC9hsOb5-5au9wrJoZHZDl-WQOUXDG-6FpPyE8xKzAj3BbUE4ev_2ublA3IJf6yyN73NmSEyZtn3O5XPGsi3-jNYjWFMEZZP2YQrCUOw0MvhmhQUw4GneU.WaNQW2Zp2HxY5X4hLSW9tLKIvUMw8-y5S-ubCIkAPKE&dib_tag=se&keywords=gaming+laptop&qid=1733686155&sr=8-6
"NIMO 17.3 FHD IPS Business Gaming Laptop, 8-Cores AMD Ryzen9 Pro 6950H 680M Video(Beat i9-10900, up to 4.9GHz), 32GB DDR5, 1TB SSD, 100W Type C, Fingerprint, 2 Years Warranty, WiFi 6, Win 11",$799.00,4.6,15.0,https://www.amazon.com/sspa/click?ie=UTF8&spc=MToyNDAxMDY2NDE3NjQ1MjgyOjE3MzM2ODYxNTY6c3BfbXRmOjMwMDU3NDEyMjgzNzcwMjo6MDo6&url=%2FNIMO-Business-i9-10900-Fingerprint-Warranty%2Fdp%2FB0DFP4ZD9H%2Fref%3Dsr_1_7_sspa%3Fdib%3DeyJ2IjoiMSJ9.GLcFVI9LsAodOxh32evwSAIcybg4TpLfIpKdlG8D9NpBHU_KOLuwlkR--dawbDGLLxuvmT8foggaQIAeYzKNAPsQKofh4BYBx_ml4PJTNZcpeTNxVufnmMC9hsOb5-5au9wrJoZHZDl-WQOUXDG-6FpPyE8xKzAj3BbUE4ev_2ublA3IJf6yyN73NmSEyZtn3O5XPGsi3-jNYjWFMEZZP2YQrCUOw0MvhmhQUw4GneU.WaNQW2Zp2HxY5X4hLSW9tLKIvUMw8-y5S-ubCIkAPKE%26dib_tag%3Dse%26keywords%3Dgaming%2Blaptop%26qid%3D1733686155%26sr%3D8-7-spons%26sp_csd%3Dd2lkZ2V0TmFtZT1zcF9tdGY%26psc%3D1
"16 Inch Laptop Computer, Gaming Laptop, 16GB RAM 512GB SSD, N95 Processor, FHD 1920 * 1200, 180 Angle Open, Backlit Keyboard, Windows 11 Pro, Fingerprint Unlock, BT 4.2, WiFi 5",$349.99,5.0,1.0,https://www.amazon.com/NIAKUN-Computer-Processor-Keyboard-Fingerprint/dp/B0DLGY1YB3/ref=sr_1_8?dib=eyJ2IjoiMSJ9.GLcFVI9LsAodOxh32evwSAIcybg4TpLfIpKdlG8D9NpBHU_KOLuwlkR--dawbDGLLxuvmT8foggaQIAeYzKNAPsQKofh4BYBx_ml4PJTNZcpeTNxVufnmMC9hsOb5-5au9wrJoZHZDl-WQOUXDG-6FpPyE8xKzAj3BbUE4ev_2ublA3IJf6yyN73NmSEyZtn3O5XPGsi3-jNYjWFMEZZP2YQrCUOw0MvhmhQUw4GneU.WaNQW2Zp2HxY5X4hLSW9tLKIvUMw8-y5S-ubCIkAPKE&dib_tag=se&keywords=gaming+laptop&qid=1733686155&sr=8-8
"Acer Nitro V Gaming Laptop | Intel Core i9-13900H Processor | NVIDIA GeForce RTX 4060 Laptop GPU | 15.6"" FHD IPS 144Hz Display | 16GB DDR5 | 512GB Gen 4 SSD | WiFi 6 | Backlit KB | ANV15-51-99DR",$949.99,4.4,398.0,https://www.amazon.com/i9-13900H-Processor-GeForce-Display-ANV15-51-99DR/dp/B0D8JXHZTH/ref=sr_1_9?dib=eyJ2IjoiMSJ9.GLcFVI9LsAodOxh32evwSAIcybg4TpLfIpKdlG8D9NpBHU_KOLuwlkR--dawbDGLLxuvmT8foggaQIAeYzKNAPsQKofh4BYBx_ml4PJTNZcpeTNxVufnmMC9hsOb5-5au9wrJoZHZDl-WQOUXDG-6FpPyE8xKzAj3BbUE4ev_2ublA3IJf6yyN73NmSEyZtn3O5XPGsi3-jNYjWFMEZZP2YQrCUOw0MvhmhQUw4GneU.WaNQW2Zp2HxY5X4hLSW9tLKIvUMw8-y5S-ubCIkAPKE&dib_tag=se&keywords=gaming+laptop&qid=1733686155&sr=8-9
"Acer Predator Helios Neo 16 Gaming Laptop | Intel Core i7-13650HX | NVIDIA GeForce RTX 4060 | 16"" WUXGA 1920 x 1200 165Hz G-SYNC Display | 16GB DDR5 | 512GB Gen 4 SSD | Killer Wi-Fi 6E | PHN16-71-76H5",$999.99,4.5,1957.0,https://www.amazon.com/Predator-i7-13650HX-GeForce-Display-PHN16-71-76H5/dp/B0CX27GY7N/ref=sr_1_10?dib=eyJ2IjoiMSJ9.GLcFVI9LsAodOxh32evwSAIcybg4TpLfIpKdlG8D9NpBHU_KOLuwlkR--dawbDGLLxuvmT8foggaQIAeYzKNAPsQKofh4BYBx_ml4PJTNZcpeTNxVufnmMC9hsOb5-5au9wrJoZHZDl-WQOUXDG-6FpPyE8xKzAj3BbUE4ev_2ublA3IJf6yyN73NmSEyZtn3O5XPGsi3-jNYjWFMEZZP2YQrCUOw0MvhmhQUw4GneU.WaNQW2Zp2HxY5X4hLSW9tLKIvUMw8-y5S-ubCIkAPKE&dib_tag=se&keywords=gaming+laptop&qid=1733686155&sr=8-10
"HP Victus 15.6 i5 Gaming Laptop, 15.6"" FHD 1920*1080 144Hz, Intel Core i5-12450H, NVIDIA GeForce RTX 3050, 32GB RAM, 1TB SSD, Backlit KB, Touchpad, SD Card Reader, Webcam, HDMI, Wi-Fi 6, W11 H, Blue",$629.85,4.1,43.0,https://www.amazon.com/HP-i5-12450H-GeForce-Backlit-Touchpad/dp/B0D845LL5R/ref=sr_1_11?dib=eyJ2IjoiMSJ9.GLcFVI9LsAodOxh32evwSAIcybg4TpLfIpKdlG8D9NpBHU_KOLuwlkR--dawbDGLLxuvmT8foggaQIAeYzKNAPsQKofh4BYBx_ml4PJTNZcpeTNxVufnmMC9hsOb5-5au9wrJoZHZDl-WQOUXDG-6FpPyE8xKzAj3BbUE4ev_2ublA3IJf6yyN73NmSEyZtn3O5XPGsi3-jNYjWFMEZZP2YQrCUOw0MvhmhQUw4GneU.WaNQW2Zp2HxY5X4hLSW9tLKIvUMw8-y5S-ubCIkAPKE&dib_tag=se&keywords=gaming+laptop&qid=1733686155&sr=8-11
"Gaming Laptop, 2024 Laptop Computer with Intel Quad-Core Processor(Up to 3.6GHz), 16GB DDR4 512GB SSD, Windows 11 Laptop, 15.6"" IPS 1080P, Metal Shell, USB3.2, Long Battery Life","$1,399.99",4.5,4.0,https://www.amazon.com/KAIGERR-Computer-Quad-Core-Processor-Windows/dp/B0DK9HMLPX/ref=sr_1_13?dib=eyJ2IjoiMSJ9.GLcFVI9LsAodOxh32evwSAIcybg4TpLfIpKdlG8D9NpBHU_KOLuwlkR--dawbDGLLxuvmT8foggaQIAeYzKNAPsQKofh4BYBx_ml4PJTNZcpeTNxVufnmMC9hsOb5-5au9wrJoZHZDl-WQOUXDG-6FpPyE8xKzAj3BbUE4ev_2ublA3IJf6yyN73NmSEyZtn3O5XPGsi3-jNYjWFMEZZP2YQrCUOw0MvhmhQUw4GneU.WaNQW2Zp2HxY5X4hLSW9tLKIvUMw8-y5S-ubCIkAPKE&dib_tag=se&keywords=gaming+laptop&qid=1733686155&sr=8-13
"NIMO 15.6 FHD IPS Business Gaming Laptop,6-Cores AMD Ryzen 5 6600H 660M 6 nm, 32GB RAM DDR5, 1TB SSD (Beat i5-12450H, up to 4.5GHz),100W Type-C, Fingerprint, Backlit Keyboard, WiFi 5, Win 11",$619.00,5.0,14.0,https://www.amazon.com/NIMO-AMD-6600H-i5-12450H-Fingerprint/dp/B0DFP7857T/ref=sr_1_14?dib=eyJ2IjoiMSJ9.GLcFVI9LsAodOxh32evwSAIcybg4TpLfIpKdlG8D9NpBHU_KOLuwlkR--dawbDGLLxuvmT8foggaQIAeYzKNAPsQKofh4BYBx_ml4PJTNZcpeTNxVufnmMC9hsOb5-5au9wrJoZHZDl-WQOUXDG-6FpPyE8xKzAj3BbUE4ev_2ublA3IJf6yyN73NmSEyZtn3O5XPGsi3-jNYjWFMEZZP2YQrCUOw0MvhmhQUw4GneU.WaNQW2Zp2HxY5X4hLSW9tLKIvUMw8-y5S-ubCIkAPKE&dib_tag=se&keywords=gaming+laptop&qid=1733686155&sr=8-14
"NIMO 15.6 FHD Laptop, Intel 6-Cores i3-1215U, 32GB RAM, 1TB SSD, (Beat i5-1135G7, Up to 4.4GHz), 65W Type-C, Fingerprint, Backlit Keyboard, IPS Business Laptop, Wi-Fi 6, Numpad, Win 11",$549.99,4.3,175.0,https://www.amazon.com/NIMO-i3-1215U-i5-1135G7-Fingerprint-Keyboard/dp/B0DK75FWLM/ref=sr_1_15?dib=eyJ2IjoiMSJ9.GLcFVI9LsAodOxh32evwSAIcybg4TpLfIpKdlG8D9NpBHU_KOLuwlkR--dawbDGLLxuvmT8foggaQIAeYzKNAPsQKofh4BYBx_ml4PJTNZcpeTNxVufnmMC9hsOb5-5au9wrJoZHZDl-WQOUXDG-6FpPyE8xKzAj3BbUE4ev_2ublA3IJf6yyN73NmSEyZtn3O5XPGsi3-jNYjWFMEZZP2YQrCUOw0MvhmhQUw4GneU.WaNQW2Zp2HxY5X4hLSW9tLKIvUMw8-y5S-ubCIkAPKE&dib_tag=se&keywords=gaming+laptop&qid=1733686155&sr=8-15
"Acer Aspire 3 A315-24P-R7VH Slim Laptop | 15.6"" Full HD IPS Display | AMD Ryzen 3 7320U Quad-Core Processor | AMD Radeon Graphics | 8GB LPDDR5 | 128GB NVMe SSD | Wi-Fi 6 | Windows 11 Home in S Mode",$279.00,4.4,39345.0,https://www.amazon.com/A315-24P-R7VH-Display-Quad-Core-Processor-Graphics/dp/B0BS4BP8FB/ref=sr_1_16?dib=eyJ2IjoiMSJ9.GLcFVI9LsAodOxh32evwSAIcybg4TpLfIpKdlG8D9NpBHU_KOLuwlkR--dawbDGLLxuvmT8foggaQIAeYzKNAPsQKofh4BYBx_ml4PJTNZcpeTNxVufnmMC9hsOb5-5au9wrJoZHZDl-WQOUXDG-6FpPyE8xKzAj3BbUE4ev_2ublA3IJf6yyN73NmSEyZtn3O5XPGsi3-jNYjWFMEZZP2YQrCUOw0MvhmhQUw4GneU.WaNQW2Zp2HxY5X4hLSW9tLKIvUMw8-y5S-ubCIkAPKE&dib_tag=se&keywords=gaming+laptop&qid=1733686155&sr=8-16
"NIMO 15.6 FHD Laptop, Intel 6-Cores i3-1215U, 16GB RAM, 1TB SSD, (Beat i5-1135G7, Up to 4.4GHz), 65W Type-C, Fingerprint, Backlit Keyboard, IPS Business Laptop, Wi-Fi 6, Numpad, Win 11",$499.99,4.3,175.0,https://www.amazon.com/sspa/click?ie=UTF8&spc=MToyNDAxMDY2NDE3NjQ1MjgyOjE3MzM2ODYxNTY6c3BfbXRmOjMwMDU3NDI5MzYxOTkwMjo6MDo6&url=%2FNIMO-i3-1215U-i5-1135G7-Fingerprint-Keyboard%2Fdp%2FB0DK75MBRR%2Fref%3Dsr_1_17_sspa%3Fdib%3DeyJ2IjoiMSJ9.GLcFVI9LsAodOxh32evwSAIcybg4TpLfIpKdlG8D9NpBHU_KOLuwlkR--dawbDGLLxuvmT8foggaQIAeYzKNAPsQKofh4BYBx_ml4PJTNZcpeTNxVufnmMC9hsOb5-5au9wrJoZHZDl-WQOUXDG-6FpPyE8xKzAj3BbUE4ev_2ublA3IJf6yyN73NmSEyZtn3O5XPGsi3-jNYjWFMEZZP2YQrCUOw0MvhmhQUw4GneU.WaNQW2Zp2HxY5X4hLSW9tLKIvUMw8-y5S-ubCIkAPKE%26dib_tag%3Dse%26keywords%3Dgaming%2Blaptop%26qid%3D1733686155%26sr%3D8-17-spons%26sp_csd%3Dd2lkZ2V0TmFtZT1zcF9tdGY%26psc%3D1
"HP Victus 15.6"" Full HD 144Hz Gaming Laptop, Intel Core i5-12450H, NVIDIA GeForce RTX 3050,16GB RAM, 512GB PCIe SSD, Wi-Fi 6, Backlit Keyboard,Windows 11 Pro, Performance Blue",$592.00,5.0,4.0,https://www.amazon.com/HP-i5-12450H-GeForce-Keyboard-Performance/dp/B0DJ3L37TY/ref=sr_1_18?dib=eyJ2IjoiMSJ9.GLcFVI9LsAodOxh32evwSAIcybg4TpLfIpKdlG8D9NpBHU_KOLuwlkR--dawbDGLLxuvmT8foggaQIAeYzKNAPsQKofh4BYBx_ml4PJTNZcpeTNxVufnmMC9hsOb5-5au9wrJoZHZDl-WQOUXDG-6FpPyE8xKzAj3BbUE4ev_2ublA3IJf6yyN73NmSEyZtn3O5XPGsi3-jNYjWFMEZZP2YQrCUOw0MvhmhQUw4GneU.WaNQW2Zp2HxY5X4hLSW9tLKIvUMw8-y5S-ubCIkAPKE&dib_tag=se&keywords=gaming+laptop&qid=1733686155&sr=8-18
"NIMO 17.3 FHD IPS Business Gaming Laptop, 8-Cores AMD Ryzen9 Pro 6950H 680M Video(Beat i9-10900, up to 4.9GHz), 32GB DDR5, 1TB SSD, 100W Type C, Fingerprint, 2 Years Warranty, WiFi 6, Win 11",$799.00,4.6,15.0,https://www.amazon.com/NIMO-Business-i9-10900-Fingerprint-Warranty/dp/B0DFPZ7XKN/ref=sr_1_19?dib=eyJ2IjoiMSJ9.GLcFVI9LsAodOxh32evwSAIcybg4TpLfIpKdlG8D9NpBHU_KOLuwlkR--dawbDGLLxuvmT8foggaQIAeYzKNAPsQKofh4BYBx_ml4PJTNZcpeTNxVufnmMC9hsOb5-5au9wrJoZHZDl-WQOUXDG-6FpPyE8xKzAj3BbUE4ev_2ublA3IJf6yyN73NmSEyZtn3O5XPGsi3-jNYjWFMEZZP2YQrCUOw0MvhmhQUw4GneU.WaNQW2Zp2HxY5X4hLSW9tLKIvUMw8-y5S-ubCIkAPKE&dib_tag=se&keywords=gaming+laptop&qid=1733686155&sr=8-19
"MSI Katana A15 AI 15.6” 144Hz FHD Gaming Laptop: Ryzen 7-8845HS, NVIDIA Geforce RTX 4060, 32GB DDR5, 1TB NVMe SSD, Cooler Boost 5, Win 11: Black B8VF-448US","$1,011.49",4.2,316.0,https://www.amazon.com/MSI-Katana-144Hz-Gaming-Laptop/dp/B0CXVGSY2H/ref=sr_1_20?dib=eyJ2IjoiMSJ9.GLcFVI9LsAodOxh32evwSAIcybg4TpLfIpKdlG8D9NpBHU_KOLuwlkR--dawbDGLLxuvmT8foggaQIAeYzKNAPsQKofh4BYBx_ml4PJTNZcpeTNxVufnmMC9hsOb5-5au9wrJoZHZDl-WQOUXDG-6FpPyE8xKzAj3BbUE4ev_2ublA3IJf6yyN73NmSEyZtn3O5XPGsi3-jNYjWFMEZZP2YQrCUOw0MvhmhQUw4GneU.WaNQW2Zp2HxY5X4hLSW9tLKIvUMw8-y5S-ubCIkAPKE&dib_tag=se&keywords=gaming+laptop&qid=1733686155&sr=8-20
"ASUS TUF Gaming A15 (2024) Gaming Laptop, 15.6” FHD 144Hz Display, NVIDIA® GeForce RTX™ 2050, AMD Ryzen™ 5 7535HS, 8GB DDR5, 512GB PCIe® Gen4 NVMe™ SSD, Wi-Fi 6, Windows 11, FA506NF-ES51",$676.79,4.4,692.0,https://www.amazon.com/ASUS-Display-NVIDIA%C2%AE-GeForce-FA506NF-ES51/dp/B0CRDF25TQ/ref=sr_1_21?dib=eyJ2IjoiMSJ9.GLcFVI9LsAodOxh32evwSAIcybg4TpLfIpKdlG8D9NpBHU_KOLuwlkR--dawbDGLLxuvmT8foggaQIAeYzKNAPsQKofh4BYBx_ml4PJTNZcpeTNxVufnmMC9hsOb5-5au9wrJoZHZDl-WQOUXDG-6FpPyE8xKzAj3BbUE4ev_2ublA3IJf6yyN73NmSEyZtn3O5XPGsi3-jNYjWFMEZZP2YQrCUOw0MvhmhQUw4GneU.WaNQW2Zp2HxY5X4hLSW9tLKIvUMw8-y5S-ubCIkAPKE&dib_tag=se&keywords=gaming+laptop&qid=1733686155&sr=8-21
"Alienware M18 Gaming Laptop QHD+ Display, Intel Core i7-13700HX, 16 GB DDR5 RAM, 1 TB SSD, NVIDIA GeForce RTX 4070 8 GB GDDR6, Windows 11 Home, 1 Year Premium Support, Dark Metallic Moon.","$2,219.95",3.7,65.0,https://www.amazon.com/sspa/click?ie=UTF8&spc=MToyNDAxMDY2NDE3NjQ1MjgyOjE3MzM2ODYxNTY6c3BfYnRmOjMwMDA2MDczNDY0ODgwMjo6MDo6&url=%2FAlienware-Display-i7-13700HX-GeForce-Metallic%2Fdp%2FB0CGT4F3K8%2Fref%3Dsr_1_22_sspa%3Fdib%3DeyJ2IjoiMSJ9.GLcFVI9LsAodOxh32evwSAIcybg4TpLfIpKdlG8D9NpBHU_KOLuwlkR--dawbDGLLxuvmT8foggaQIAeYzKNAPsQKofh4BYBx_ml4PJTNZcpeTNxVufnmMC9hsOb5-5au9wrJoZHZDl-WQOUXDG-6FpPyE8xKzAj3BbUE4ev_2ublA3IJf6yyN73NmSEyZtn3O5XPGsi3-jNYjWFMEZZP2YQrCUOw0MvhmhQUw4GneU.WaNQW2Zp2HxY5X4hLSW9tLKIvUMw8-y5S-ubCIkAPKE%26dib_tag%3Dse%26keywords%3Dgaming%2Blaptop%26qid%3D1733686155%26sr%3D8-22-spons%26sp_csd%3Dd2lkZ2V0TmFtZT1zcF9idGY%26psc%3D1
"Lenovo ThinkBook 16 G6 Laptop, 16"" FHD+ Computer, AMD Octa-Core Ryzen 7 7730U (Beat i7-1355U), 16GB DDR4 RAM, 512GB PCIe SSD, WiFi 6, Bluetooth 5.3, Fingerprint Reader, Grey, Windows 11 Pro, Befectoy",$699.00,5.0,3.0,https://www.amazon.com/sspa/click?ie=UTF8&spc=MToyNzQwMjI1NjEyNzczNDA1OjE3MzM2ODYxNzA6c3BfYXRmX25leHQ6MzAwNTI1MDc5ODQ0MTAyOjowOjo&url=%2FLenovo-ThinkBook-16-G6-Fingerprint%2Fdp%2FB0DLFQN8KL%2Fref%3Dsr_1_18_sspa%3Fdib%3DeyJ2IjoiMSJ9.fV2T5z-z8Yi0WoEyvQ9aLINH6y_zd3X5E-XB34b0WSUQgcA1Nx-lIrv4YZvNNEMjnvHW9PvEZWFu3tZHb7wToz_zMJEKv6wIutDhLdUQT9At_KihwKmAmfUxUzDI5IvOVHaJf6mfWHIBE8Ti6C7mPuWZqgXQ_Di-TWAdzHj9s4s1MoHaSA0JNOw2jwUkx7ns0z4qN04hEQF0xofRGvDy3jSosQAUAYyky5AFV98_RoQ.81Fn_F62jXtfuVrLpaW-oeiQWTyvQIsJHa8SMf5FmQA%26dib_tag%3Dse%26keywords%3Dgaming%2Blaptop%26qid%3D1733686170%26sr%3D8-18-spons%26sp_csd%3Dd2lkZ2V0TmFtZT1zcF9hdGZfbmV4dA%26psc%3D1
"MSI Thin 15 15.6” 144Hz FHD Gaming Laptop: Intel Core i7-12650H, NVIDIA Geforce RTX 4050, 16GB DDR5, 512GB NVMe SSD, Cooler Boost 5, Win 11: Black B12VE-2023US",$799.99,4.3,885.0,https://www.amazon.com/MSI-Thin-144Hz-Gaming-Laptop/dp/B0CXV8YGLV/ref=sr_1_20?dib=eyJ2IjoiMSJ9.fV2T5z-z8Yi0WoEyvQ9aLINH6y_zd3X5E-XB34b0WSUQgcA1Nx-lIrv4YZvNNEMjnvHW9PvEZWFu3tZHb7wToz_zMJEKv6wIutDhLdUQT9At_KihwKmAmfUxUzDI5IvOVHaJf6mfWHIBE8Ti6C7mPuWZqgXQ_Di-TWAdzHj9s4s1MoHaSA0JNOw2jwUkx7ns0z4qN04hEQF0xofRGvDy3jSosQAUAYyky5AFV98_RoQ.81Fn_F62jXtfuVrLpaW-oeiQWTyvQIsJHa8SMf5FmQA&dib_tag=se&keywords=gaming+laptop&qid=1733686170&sr=8-20
"HP Victus 15.6"" 144Hz FHD Gaming Laptop,AMD Ryzen 5 7535HS,16GB DDR5 RAM,1TB SSD,AMD Radeon RX 6550M,Beats RTX 2050,Backlit Keyboard,Windows11 Pro, Mica Silver",$612.00,4.3,71.0,https://www.amazon.com/HP-Victus-Backlit-Keyboard-Windows11/dp/B0DDW8QH1Q/ref=sr_1_21?dib=eyJ2IjoiMSJ9.fV2T5z-z8Yi0WoEyvQ9aLINH6y_zd3X5E-XB34b0WSUQgcA1Nx-lIrv4YZvNNEMjnvHW9PvEZWFu3tZHb7wToz_zMJEKv6wIutDhLdUQT9At_KihwKmAmfUxUzDI5IvOVHaJf6mfWHIBE8Ti6C7mPuWZqgXQ_Di-TWAdzHj9s4s1MoHaSA0JNOw2jwUkx7ns0z4qN04hEQF0xofRGvDy3jSosQAUAYyky5AFV98_RoQ.81Fn_F62jXtfuVrLpaW-oeiQWTyvQIsJHa8SMf5FmQA&dib_tag=se&keywords=gaming+laptop&qid=1733686170&sr=8-21
"ASUS TUF Gaming A15 Gaming Laptop, 15.6” FHD 144Hz, 100% sRGB Display, GeForce RTX 4050, AMD Ryzen 7 7435HS, 16GB DDR5, 512GB PCIe SSD, Wi-Fi 6, Windows 11, FA507NUR-AS73",$999.99,4.1,61.0,https://www.amazon.com/ASUS-Display-GeForce-Windows-FA507NUR-AS73/dp/B0DBXP6YNK/ref=sr_1_22?dib=eyJ2IjoiMSJ9.fV2T5z-z8Yi0WoEyvQ9aLINH6y_zd3X5E-XB34b0WSUQgcA1Nx-lIrv4YZvNNEMjnvHW9PvEZWFu3tZHb7wToz_zMJEKv6wIutDhLdUQT9At_KihwKmAmfUxUzDI5IvOVHaJf6mfWHIBE8Ti6C7mPuWZqgXQ_Di-TWAdzHj9s4s1MoHaSA0JNOw2jwUkx7ns0z4qN04hEQF0xofRGvDy3jSosQAUAYyky5AFV98_RoQ.81Fn_F62jXtfuVrLpaW-oeiQWTyvQIsJHa8SMf5FmQA&dib_tag=se&keywords=gaming+laptop&qid=1733686170&sr=8-22
"Laptop Computer, Gaming Laptop,16GB DDR4 RAM 512GB SSD, 1.7-3.4GHz Intel N95 Processor, 15.6"" FHD 1920 * 1080, 180 Angle Opening, Fingerprint Unlock, Backlit Keyboard, Windows 11 Pro",$339.99,4.3,2.0,https://www.amazon.com/NEOBIHIER-16GB-RAM-512GB-SSD/dp/B0D9YMS1V2/ref=sr_1_23?dib=eyJ2IjoiMSJ9.fV2T5z-z8Yi0WoEyvQ9aLINH6y_zd3X5E-XB34b0WSUQgcA1Nx-lIrv4YZvNNEMjnvHW9PvEZWFu3tZHb7wToz_zMJEKv6wIutDhLdUQT9At_KihwKmAmfUxUzDI5IvOVHaJf6mfWHIBE8Ti6C7mPuWZqgXQ_Di-TWAdzHj9s4s1MoHaSA0JNOw2jwUkx7ns0z4qN04hEQF0xofRGvDy3jSosQAUAYyky5AFV98_RoQ.81Fn_F62jXtfuVrLpaW-oeiQWTyvQIsJHa8SMf5FmQA&dib_tag=se&keywords=gaming+laptop&qid=1733686170&sr=8-23
"MSI Newest GF63 Thin Gaming Laptop, 15.6"" FHD 144Hz, Intel i5-11400H, RTX 3050, 16GB RAM, 512GB NVMe SSD, Windows 11, Aluminum Black",$643.00,4.5,152.0,https://www.amazon.com/MSI-GF63-i5-11400H-Windows-Aluminum/dp/B0B7D19CDC/ref=sr_1_24?dib=eyJ2IjoiMSJ9.fV2T5z-z8Yi0WoEyvQ9aLINH6y_zd3X5E-XB34b0WSUQgcA1Nx-lIrv4YZvNNEMjnvHW9PvEZWFu3tZHb7wToz_zMJEKv6wIutDhLdUQT9At_KihwKmAmfUxUzDI5IvOVHaJf6mfWHIBE8Ti6C7mPuWZqgXQ_Di-TWAdzHj9s4s1MoHaSA0JNOw2jwUkx7ns0z4qN04hEQF0xofRGvDy3jSosQAUAYyky5AFV98_RoQ.81Fn_F62jXtfuVrLpaW-oeiQWTyvQIsJHa8SMf5FmQA&dib_tag=se&keywords=gaming+laptop&qid=1733686170&sr=8-24
"Newest Gaming Laptop, Laptop with AMD Ryzen 7 5825U (8C/16T, Up to 4.5GHz), 16GB RAM 512GB NVMe SSD Laptop Computer, Radeon RX Vega 8 Graphics, 16.1-inch FHD Display, WiFi 6, 53Wh Battery, Backlit KB","$1,699.99",4.5,55.0,https://www.amazon.com/Computer-Graphics-16-1-inch-Display-Battery/dp/B0DKDY78K3/ref=sr_1_25?dib=eyJ2IjoiMSJ9.fV2T5z-z8Yi0WoEyvQ9aLINH6y_zd3X5E-XB34b0WSUQgcA1Nx-lIrv4YZvNNEMjnvHW9PvEZWFu3tZHb7wToz_zMJEKv6wIutDhLdUQT9At_KihwKmAmfUxUzDI5IvOVHaJf6mfWHIBE8Ti6C7mPuWZqgXQ_Di-TWAdzHj9s4s1MoHaSA0JNOw2jwUkx7ns0z4qN04hEQF0xofRGvDy3jSosQAUAYyky5AFV98_RoQ.81Fn_F62jXtfuVrLpaW-oeiQWTyvQIsJHa8SMf5FmQA&dib_tag=se&keywords=gaming+laptop&qid=1733686170&sr=8-25
"Acer Nitro V Gaming Laptop | AMD Ryzen 7 8845HS Octa-Core AI Capable Processor | NVIDIA GeForce RTX 4060 Laptop GPU | 16"" WUXGA IPS 165Hz Display | 16GB DDR5 | 1TB Gen 4 SSD | Wi-Fi 6E | ANV16-41-R5J0",$957.19,4.3,472.0,https://www.amazon.com/Octa-Core-Capable-Processor-GeForce-ANV16-41-R5J0/dp/B0CXY573W9/ref=sr_1_26?dib=eyJ2IjoiMSJ9.fV2T5z-z8Yi0WoEyvQ9aLINH6y_zd3X5E-XB34b0WSUQgcA1Nx-lIrv4YZvNNEMjnvHW9PvEZWFu3tZHb7wToz_zMJEKv6wIutDhLdUQT9At_KihwKmAmfUxUzDI5IvOVHaJf6mfWHIBE8Ti6C7mPuWZqgXQ_Di-TWAdzHj9s4s1MoHaSA0JNOw2jwUkx7ns0z4qN04hEQF0xofRGvDy3jSosQAUAYyky5AFV98_RoQ.81Fn_F62jXtfuVrLpaW-oeiQWTyvQIsJHa8SMf5FmQA&dib_tag=se&keywords=gaming+laptop&qid=1733686170&sr=8-26
"911Plus (2024) Gaming Laptop, 17.3"" QHD 165hz Display,13th Gen Intel i7-13620H, GeForce 4060, 16GB DDR5 RAM, 1TB PCIe SSD, RGB Backlit Keyboard, Wi-Fi, Windows 11 Home, Silver","$1,199.00",5.0,1.0,https://www.amazon.com/sspa/click?ie=UTF8&spc=MToyNzQwMjI1NjEyNzczNDA1OjE3MzM2ODYxNzA6c3BfbXRmOjMwMDQ2MzE4Mjk3MDQwMjo6MDo6&url=%2FThunderobot-911Plus-Display-i7-13620H-Keyboard%2Fdp%2FB0DJN1YJPW%2Fref%3Dsr_1_27_sspa%3Fdib%3DeyJ2IjoiMSJ9.fV2T5z-z8Yi0WoEyvQ9aLINH6y_zd3X5E-XB34b0WSUQgcA1Nx-lIrv4YZvNNEMjnvHW9PvEZWFu3tZHb7wToz_zMJEKv6wIutDhLdUQT9At_KihwKmAmfUxUzDI5IvOVHaJf6mfWHIBE8Ti6C7mPuWZqgXQ_Di-TWAdzHj9s4s1MoHaSA0JNOw2jwUkx7ns0z4qN04hEQF0xofRGvDy3jSosQAUAYyky5AFV98_RoQ.81Fn_F62jXtfuVrLpaW-oeiQWTyvQIsJHa8SMf5FmQA%26dib_tag%3Dse%26keywords%3Dgaming%2Blaptop%26qid%3D1733686170%26sr%3D8-27-spons%26sp_csd%3Dd2lkZ2V0TmFtZT1zcF9tdGY%26psc%3D1
"Lenovo Legion Pro 5i Gaming Laptop, Intel 14th Gen i9-14900HX, RTX 4070 8 GB GDDR6, 16"" WQXGA 165Hz Display(2560x1600), 64 GB DDR5 RAM, 4 TB SSD, Win 11 Pro, Office Pro Lifetime License, Gaming Mouse","$2,599.99",4.6,259.0,https://www.amazon.com/sspa/click?ie=UTF8&spc=MToyNzQwMjI1NjEyNzczNDA1OjE3MzM2ODYxNzA6c3BfbXRmOjMwMDU0MDEyMTMxMjYwMjo6MDo6&url=%2FLenovo-i9-14900HX-Display-2560x1600-Lifetime%2Fdp%2FB0DMT37LVV%2Fref%3Dsr_1_28_sspa%3Fdib%3DeyJ2IjoiMSJ9.fV2T5z-z8Yi0WoEyvQ9aLINH6y_zd3X5E-XB34b0WSUQgcA1Nx-lIrv4YZvNNEMjnvHW9PvEZWFu3tZHb7wToz_zMJEKv6wIutDhLdUQT9At_KihwKmAmfUxUzDI5IvOVHaJf6mfWHIBE8Ti6C7mPuWZqgXQ_Di-TWAdzHj9s4s1MoHaSA0JNOw2jwUkx7ns0z4qN04hEQF0xofRGvDy3jSosQAUAYyky5AFV98_RoQ.81Fn_F62jXtfuVrLpaW-oeiQWTyvQIsJHa8SMf5FmQA%26dib_tag%3Dse%26keywords%3Dgaming%2Blaptop%26qid%3D1733686170%26sr%3D8-28-spons%26sp_csd%3Dd2lkZ2V0TmFtZT1zcF9tdGY%26psc%3D1
"ACEMAGIC Laptop, Newest Windows 11 Laptop Computer,16GB DDR4 512GB SSD Gaming Laptop, 15.6 inch Quad-Core Processor, 180° Open Angle,Long Battery Life,Metal Shell,WiFi,USB3.2, Type C","$1,009.99",2.9,10.0,https://www.amazon.com/ACEMAGIC-Windows-Computer-Quad-Core-Processor/dp/B0DK9HYLFP/ref=sr_1_29?dib=eyJ2IjoiMSJ9.fV2T5z-z8Yi0WoEyvQ9aLINH6y_zd3X5E-XB34b0WSUQgcA1Nx-lIrv4YZvNNEMjnvHW9PvEZWFu3tZHb7wToz_zMJEKv6wIutDhLdUQT9At_KihwKmAmfUxUzDI5IvOVHaJf6mfWHIBE8Ti6C7mPuWZqgXQ_Di-TWAdzHj9s4s1MoHaSA0JNOw2jwUkx7ns0z4qN04hEQF0xofRGvDy3jSosQAUAYyky5AFV98_RoQ.81Fn_F62jXtfuVrLpaW-oeiQWTyvQIsJHa8SMf5FmQA&dib_tag=se&keywords=gaming+laptop&qid=1733686170&sr=8-29
"ASUS TUF 15.6 i7 RTX 4070 Premium Gaming Laptop, 15.6"" FHD 1920 * 1080 144Hz, Intel i7-13620H (Beats Intel i9-12900), NVIDIA GeForce RTX 4070, 32GB DDR5, 2TB SSD, RGB Backlit Keyboard, Windows 11 Pro","$1,292.62",4.4,32.0,https://www.amazon.com/ASUS-Premium-i7-13620H-i9-12900-Keyboard/dp/B0D43YKJ2V/ref=sr_1_30?dib=eyJ2IjoiMSJ9.fV2T5z-z8Yi0WoEyvQ9aLINH6y_zd3X5E-XB34b0WSUQgcA1Nx-lIrv4YZvNNEMjnvHW9PvEZWFu3tZHb7wToz_zMJEKv6wIutDhLdUQT9At_KihwKmAmfUxUzDI5IvOVHaJf6mfWHIBE8Ti6C7mPuWZqgXQ_Di-TWAdzHj9s4s1MoHaSA0JNOw2jwUkx7ns0z4qN04hEQF0xofRGvDy3jSosQAUAYyky5AFV98_RoQ.81Fn_F62jXtfuVrLpaW-oeiQWTyvQIsJHa8SMf5FmQA&dib_tag=se&keywords=gaming+laptop&qid=1733686170&sr=8-30
"Gaming Laptop AMD Ryzen 7 5825U Laptop 16GB DDR4 (2 * 8GB, Dual Channel) 512GB M.2 2280 NVMe SSD Windows Laptop 16.1-inch IPS WIFI6 Mini Laptop","$1,699.99",4.7,13.0,https://www.amazon.com/KAIGERR-Gaming-Channel-Windows-16-1-inch/dp/B0DFM2XCZ6/ref=sr_1_31?dib=eyJ2IjoiMSJ9.fV2T5z-z8Yi0WoEyvQ9aLINH6y_zd3X5E-XB34b0WSUQgcA1Nx-lIrv4YZvNNEMjnvHW9PvEZWFu3tZHb7wToz_zMJEKv6wIutDhLdUQT9At_KihwKmAmfUxUzDI5IvOVHaJf6mfWHIBE8Ti6C7mPuWZqgXQ_Di-TWAdzHj9s4s1MoHaSA0JNOw2jwUkx7ns0z4qN04hEQF0xofRGvDy3jSosQAUAYyky5AFV98_RoQ.81Fn_F62jXtfuVrLpaW-oeiQWTyvQIsJHa8SMf5FmQA&dib_tag=se&keywords=gaming+laptop&qid=1733686170&sr=8-31
"HP Victus 15.6"" FHD 144HZ Gaming Laptop | AMD Ryzen 5-7535HS (Beat i7-11800H) | AMD Radeon RX 6550M|Backlit Keyboard| 8GB RAM DDR5 | 512GB SSD | Windows 11 Home | Bundle with USB 3.0 Hub",$513.92,5.0,1.0,https://www.amazon.com/HP-Victus-5-7535HS-i7-11800H-Keyboard/dp/B0DCNN32XK/ref=sr_1_32?dib=eyJ2IjoiMSJ9.fV2T5z-z8Yi0WoEyvQ9aLINH6y_zd3X5E-XB34b0WSUQgcA1Nx-lIrv4YZvNNEMjnvHW9PvEZWFu3tZHb7wToz_zMJEKv6wIutDhLdUQT9At_KihwKmAmfUxUzDI5IvOVHaJf6mfWHIBE8Ti6C7mPuWZqgXQ_Di-TWAdzHj9s4s1MoHaSA0JNOw2jwUkx7ns0z4qN04hEQF0xofRGvDy3jSosQAUAYyky5AFV98_RoQ.81Fn_F62jXtfuVrLpaW-oeiQWTyvQIsJHa8SMf5FmQA&dib_tag=se&keywords=gaming+laptop&qid=1733686170&sr=8-32
"ASUS TUF Gaming A16 (2024) Gaming Laptop, 16” QHD+ 165Hz 16:10 Display, AMD Ryzen™ 9 7940HX, NVIDIA® GeForce RTX™ 4070, 16GB DDR5, 1TB PCIe Gen4 SSD, Wi-Fi 6, Windows 11, FA607PI-AS94","$1,682.97",4.1,56.0,https://www.amazon.com/ASUS-TUF-Gaming-Laptop-165Hz/dp/B0CRCWY9VT/ref=sr_1_33?dib=eyJ2IjoiMSJ9.fV2T5z-z8Yi0WoEyvQ9aLINH6y_zd3X5E-XB34b0WSUQgcA1Nx-lIrv4YZvNNEMjnvHW9PvEZWFu3tZHb7wToz_zMJEKv6wIutDhLdUQT9At_KihwKmAmfUxUzDI5IvOVHaJf6mfWHIBE8Ti6C7mPuWZqgXQ_Di-TWAdzHj9s4s1MoHaSA0JNOw2jwUkx7ns0z4qN04hEQF0xofRGvDy3jSosQAUAYyky5AFV98_RoQ.81Fn_F62jXtfuVrLpaW-oeiQWTyvQIsJHa8SMf5FmQA&dib_tag=se&keywords=gaming+laptop&qid=1733686170&sr=8-33
"Lenovo V15 Newest 15.6"" FHD Business Laptop Computer, Intel Dual-Core Processor, 32GB DDR4 RAM, 1TB PCIe SSD, AC WiFi, Bluetooth 5.1, RJ-45, Type-C, HDMI, Numeric Keypad, Windows 11 Pro, Befectoy",$409.00,4.1,72.0,https://www.amazon.com/Lenovo-Business-Dual-Core-Processor-Bluetooth/dp/B0DLGWSHV3/ref=sr_1_34?dib=eyJ2IjoiMSJ9.fV2T5z-z8Yi0WoEyvQ9aLINH6y_zd3X5E-XB34b0WSUQgcA1Nx-lIrv4YZvNNEMjnvHW9PvEZWFu3tZHb7wToz_zMJEKv6wIutDhLdUQT9At_KihwKmAmfUxUzDI5IvOVHaJf6mfWHIBE8Ti6C7mPuWZqgXQ_Di-TWAdzHj9s4s1MoHaSA0JNOw2jwUkx7ns0z4qN04hEQF0xofRGvDy3jSosQAUAYyky5AFV98_RoQ.81Fn_F62jXtfuVrLpaW-oeiQWTyvQIsJHa8SMf5FmQA&dib_tag=se&keywords=gaming+laptop&qid=1733686170&sr=8-34
"Dell G16 7630 Gaming Laptop - 16-inch QHD+ 240Hz 3ms Display, Intel Core i9-13900HX, 16GB DDR5 RAM, 1TB SSD, NVIDIA GeForce RTX 4070 8GB GDDR6, Windows 11 Home, Onsite Service - Metallic Nightshade","$1,299.99",4.1,97.0,https://www.amazon.com/Dell-G16-7630-Gaming-Laptop/dp/B0D1KRP6SF/ref=sr_1_35?dib=eyJ2IjoiMSJ9.fV2T5z-z8Yi0WoEyvQ9aLINH6y_zd3X5E-XB34b0WSUQgcA1Nx-lIrv4YZvNNEMjnvHW9PvEZWFu3tZHb7wToz_zMJEKv6wIutDhLdUQT9At_KihwKmAmfUxUzDI5IvOVHaJf6mfWHIBE8Ti6C7mPuWZqgXQ_Di-TWAdzHj9s4s1MoHaSA0JNOw2jwUkx7ns0z4qN04hEQF0xofRGvDy3jSosQAUAYyky5AFV98_RoQ.81Fn_F62jXtfuVrLpaW-oeiQWTyvQIsJHa8SMf5FmQA&dib_tag=se&keywords=gaming+laptop&qid=1733686170&sr=8-35
"ASUS ROG Strix G16 (2024) Gaming Laptop, 16” ROG Nebula Display 16:10 QHD 240Hz, NVIDIA® GeForce RTX™ 4070, Intel® Core™ i9-14900HX, 16GB DDR5-5600, 1TB PCIe Gen4 SSD, Wi-Fi 6E, Win 11, G614JIR-AS94","$1,825.00",4.2,524.0,https://www.amazon.com/ASUS-Gaming-Laptop-Nebula-Display/dp/B0CRCVJFQM/ref=sr_1_36?dib=eyJ2IjoiMSJ9.fV2T5z-z8Yi0WoEyvQ9aLINH6y_zd3X5E-XB34b0WSUQgcA1Nx-lIrv4YZvNNEMjnvHW9PvEZWFu3tZHb7wToz_zMJEKv6wIutDhLdUQT9At_KihwKmAmfUxUzDI5IvOVHaJf6mfWHIBE8Ti6C7mPuWZqgXQ_Di-TWAdzHj9s4s1MoHaSA0JNOw2jwUkx7ns0z4qN04hEQF0xofRGvDy3jSosQAUAYyky5AFV98_RoQ.81Fn_F62jXtfuVrLpaW-oeiQWTyvQIsJHa8SMf5FmQA&dib_tag=se&keywords=gaming+laptop&qid=1733686170&sr=8-36
"Acer Nitro V Gaming Laptop | Intel Core i5-13420H Processor | NVIDIA GeForce RTX 4050 Laptop GPU | 15.6"" FHD IPS 144Hz Display | 8GB DDR5 | 512GB Gen 4 SSD | WiFi 6 | Backlit KB | ANV15-51-51H9",$748.99,4.4,1207.0,https://www.amazon.com/sspa/click?ie=UTF8&spc=MToyNzQwMjI1NjEyNzczNDA1OjE3MzM2ODYxNzA6c3BfYnRmOjMwMDMyNzg4NDMxNDAwMjo6MDo6&url=%2Fi5-13420H-Processor-GeForce-Display-ANV15-51-51H9%2Fdp%2FB0CP8D4SM2%2Fref%3Dsr_1_37_sspa%3Fdib%3DeyJ2IjoiMSJ9.fV2T5z-z8Yi0WoEyvQ9aLINH6y_zd3X5E-XB34b0WSUQgcA1Nx-lIrv4YZvNNEMjnvHW9PvEZWFu3tZHb7wToz_zMJEKv6wIutDhLdUQT9At_KihwKmAmfUxUzDI5IvOVHaJf6mfWHIBE8Ti6C7mPuWZqgXQ_Di-TWAdzHj9s4s1MoHaSA0JNOw2jwUkx7ns0z4qN04hEQF0xofRGvDy3jSosQAUAYyky5AFV98_RoQ.81Fn_F62jXtfuVrLpaW-oeiQWTyvQIsJHa8SMf5FmQA%26dib_tag%3Dse%26keywords%3Dgaming%2Blaptop%26qid%3D1733686170%26sr%3D8-37-spons%26sp_csd%3Dd2lkZ2V0TmFtZT1zcF9idGY%26psc%3D1
"CNBANAN 144Hz Portable Gaming Monitor 17.3"" for Laptop FreeSync 1080P HDR IPS USB-C Laptop Monitor VESA Ultra-Slim Dual Speakers Travel Monitor for Laptop Mac Phone Xbox Game Monitor",$109.99,4.2,116.0,https://www.amazon.com/sspa/click?ie=UTF8&spc=MToyNzQwMjI1NjEyNzczNDA1OjE3MzM2ODYxNzA6c3BfYnRmOjMwMDU2NjUwNDA0MDkwMjo6MDo6&url=%2FCNBANAN-Portable-FreeSync-Ultra-Slim-Speakers%2Fdp%2FB0BRKWD8V6%2Fref%3Dsr_1_38_sspa%3Fdib%3DeyJ2IjoiMSJ9.fV2T5z-z8Yi0WoEyvQ9aLINH6y_zd3X5E-XB34b0WSUQgcA1Nx-lIrv4YZvNNEMjnvHW9PvEZWFu3tZHb7wToz_zMJEKv6wIutDhLdUQT9At_KihwKmAmfUxUzDI5IvOVHaJf6mfWHIBE8Ti6C7mPuWZqgXQ_Di-TWAdzHj9s4s1MoHaSA0JNOw2jwUkx7ns0z4qN04hEQF0xofRGvDy3jSosQAUAYyky5AFV98_RoQ.81Fn_F62jXtfuVrLpaW-oeiQWTyvQIsJHa8SMf5FmQA%26dib_tag%3Dse%26keywords%3Dgaming%2Blaptop%26qid%3D1733686170%26sr%3D8-38-spons%26sp_csd%3Dd2lkZ2V0TmFtZT1zcF9idGY%26psc%3D1
"armocity 2024 Upgrade Gaming Desk with LED Lights, Small Computer Desk with Long Monitor Stand, 40'' Reversible Laptop Table with Storage Shelves, Small Desk for Small Spaces, Gaming Room, Grey",$119.99,4.4,198.0,https://www.amazon.com/sspa/click?ie=UTF8&spc=MTo1NDgxMDc1OTk4OTI5NTA6MTczMzY4NjE4NDpzcF9hdGZfbmV4dDozMDAxNTEyOTY4OTEzMDI6OjA6Og&url=%2Farmocity-Upgrade-Computer-Monitor-Reversible%2Fdp%2FB0C2P553BT%2Fref%3Dsr_1_33_sspa%3Fdib%3DeyJ2IjoiMSJ9.JMbvgG5SxUYSX9k9PiVbHLddcWkmiP5Fv0qyZ4v35r4R5BSlKcUJtmn9FGiSRLnzXM1ZezTho15w5Qnb39ZUHjQQwciFKBWCno6L311A9kNswAmAC4YGyE3_uE_J_wYzyi61btYNuj3c94xWKVjZ3ysYS46D3JUOE7wBvQAUfabVff6Pc397eYFTJ3j1Gu2G3Y8Sdl6l0v4VFBW65llZv0FYakd5YQc7E0yihJIun6w.qZ6ke6ORbt8FNhbh-GFs3qv6KoB85GG5upx9bbjkEzA%26dib_tag%3Dse%26keywords%3Dgaming%2Blaptop%26qid%3D1733686184%26sr%3D8-33-spons%26sp_csd%3Dd2lkZ2V0TmFtZT1zcF9hdGZfbmV4dA%26psc%3D1%26smid%3DA3G1VRMJV2DGFL
"HP EliteBook 860 G10 (Latest Model) 16"" Notebook - Intel Core i5 13th Gen i5-1335U (10 Core) - 16 GB RAM - 512 GB SSD - Windows 11 Pro - Intel Iris Xe (Renewed)",$699.00,3.0,2.0,https://www.amazon.com/sspa/click?ie=UTF8&spc=MTo1NDgxMDc1OTk4OTI5NTA6MTczMzY4NjE4NDpzcF9hdGZfbmV4dDozMDAxNzcwNzg0Mzg0MDI6OjA6Og&url=%2FHP-EliteBook-G10-Latest-Notebook%2Fdp%2FB0CJL5FR6T%2Fref%3Dsr_1_34_sspa%3Fdib%3DeyJ2IjoiMSJ9.JMbvgG5SxUYSX9k9PiVbHLddcWkmiP5Fv0qyZ4v35r4R5BSlKcUJtmn9FGiSRLnzXM1ZezTho15w5Qnb39ZUHjQQwciFKBWCno6L311A9kNswAmAC4YGyE3_uE_J_wYzyi61btYNuj3c94xWKVjZ3ysYS46D3JUOE7wBvQAUfabVff6Pc397eYFTJ3j1Gu2G3Y8Sdl6l0v4VFBW65llZv0FYakd5YQc7E0yihJIun6w.qZ6ke6ORbt8FNhbh-GFs3qv6KoB85GG5upx9bbjkEzA%26dib_tag%3Dse%26keywords%3Dgaming%2Blaptop%26qid%3D1733686184%26sr%3D8-34-spons%26sp_csd%3Dd2lkZ2V0TmFtZT1zcF9hdGZfbmV4dA%26psc%3D1
"NIMO 17.3 FHD Business Gaming Laptop, 8 Cores AMD Ryzen 9 Pro 6950H 680M DDR5(Beatsi9-10900, Up to 4.9GHz), 32GB RAM 1TB SSD, 100W Type C, Backlit Keyboard, Fingerprint, WiFi 6, BT5.2, Win11",$799.99,5.0,4.0,https://www.amazon.com/NIMO-Business-Beatsi9-10900-Keyboard-Fingerprint/dp/B0DKTFV3TQ/ref=sr_1_35?dib=eyJ2IjoiMSJ9.JMbvgG5SxUYSX9k9PiVbHLddcWkmiP5Fv0qyZ4v35r4R5BSlKcUJtmn9FGiSRLnzXM1ZezTho15w5Qnb39ZUHjQQwciFKBWCno6L311A9kNswAmAC4YGyE3_uE_J_wYzyi61btYNuj3c94xWKVjZ3ysYS46D3JUOE7wBvQAUfabVff6Pc397eYFTJ3j1Gu2G3Y8Sdl6l0v4VFBW65llZv0FYakd5YQc7E0yihJIun6w.qZ6ke6ORbt8FNhbh-GFs3qv6KoB85GG5upx9bbjkEzA&dib_tag=se&keywords=gaming+laptop&qid=1733686184&sr=8-35
"ASUS TUF Gaming A15 (2023) Gaming Laptop, 15.6” FHD 144Hz Display, GeForce RTX 4070, AMD Ryzen 7 7940HS, 16GB DDR5, 1TB PCIe SSD, Wi-Fi 6, Windows 11, FA507XI-EH94(Mecha Gray)","$1,699.99",4.4,235.0,https://www.amazon.com/ASUS-Display-GeForce-Windows-FA507XI-EH94/dp/B0CJS1RQ2W/ref=sr_1_36?dib=eyJ2IjoiMSJ9.JMbvgG5SxUYSX9k9PiVbHLddcWkmiP5Fv0qyZ4v35r4R5BSlKcUJtmn9FGiSRLnzXM1ZezTho15w5Qnb39ZUHjQQwciFKBWCno6L311A9kNswAmAC4YGyE3_uE_J_wYzyi61btYNuj3c94xWKVjZ3ysYS46D3JUOE7wBvQAUfabVff6Pc397eYFTJ3j1Gu2G3Y8Sdl6l0v4VFBW65llZv0FYakd5YQc7E0yihJIun6w.qZ6ke6ORbt8FNhbh-GFs3qv6KoB85GG5upx9bbjkEzA&dib_tag=se&keywords=gaming+laptop&qid=1733686184&sr=8-36
"MSI Thin A15 15.6” 144Hz FHD Gaming Laptop: Ryzen 7-7735HS, NVIDIA Geforce RTX 4050, 16GB DDR5, 512GB NVMe SSD, Cooler Boost 5, Win 11: Black B7VE-214US",$849.99,4.4,1901.0,https://www.amazon.com/MSI-Thin-144Hz-Gaming-Laptop/dp/B0CXV97Q74/ref=sr_1_37?dib=eyJ2IjoiMSJ9.JMbvgG5SxUYSX9k9PiVbHLddcWkmiP5Fv0qyZ4v35r4R5BSlKcUJtmn9FGiSRLnzXM1ZezTho15w5Qnb39ZUHjQQwciFKBWCno6L311A9kNswAmAC4YGyE3_uE_J_wYzyi61btYNuj3c94xWKVjZ3ysYS46D3JUOE7wBvQAUfabVff6Pc397eYFTJ3j1Gu2G3Y8Sdl6l0v4VFBW65llZv0FYakd5YQc7E0yihJIun6w.qZ6ke6ORbt8FNhbh-GFs3qv6KoB85GG5upx9bbjkEzA&dib_tag=se&keywords=gaming+laptop&qid=1733686184&sr=8-37
"MSI Thin GF63 Gaming Laptop: Intel Core i5-12450H GeForce RTX 2050, 15.6"" FHD, 144Hz, 8GB DDR4, 512GB NVMe SSD, Type-C USB 3.2 Gen 1, Cooler Boost 5, Win 11 Home: Black 12UCX-484US",$584.98,4.4,91.0,https://www.amazon.com/MSI-Thin-GF63-Gaming-Laptop/dp/B0C5SP5KMD/ref=sr_1_39?dib=eyJ2IjoiMSJ9.JMbvgG5SxUYSX9k9PiVbHLddcWkmiP5Fv0qyZ4v35r4R5BSlKcUJtmn9FGiSRLnzXM1ZezTho15w5Qnb39ZUHjQQwciFKBWCno6L311A9kNswAmAC4YGyE3_uE_J_wYzyi61btYNuj3c94xWKVjZ3ysYS46D3JUOE7wBvQAUfabVff6Pc397eYFTJ3j1Gu2G3Y8Sdl6l0v4VFBW65llZv0FYakd5YQc7E0yihJIun6w.qZ6ke6ORbt8FNhbh-GFs3qv6KoB85GG5upx9bbjkEzA&dib_tag=se&keywords=gaming+laptop&qid=1733686184&sr=8-39
"Lenovo LOQ Gaming Laptop 2024 - NVIDIA GeForce RTX 4060 - AMD Ryzen 7 7435HS - 15.6"" FHD IPS Display - Backlit Keyboard - Windows 11 - G-SYNC - HDMI Cable (32GB RAM | 1TB PCIe SSD)",$958.90,4.7,5.0,https://www.amazon.com/Lenovo-LOQ-Gaming-Laptop-2024/dp/B0B7M93MQH/ref=sr_1_40?dib=eyJ2IjoiMSJ9.JMbvgG5SxUYSX9k9PiVbHLddcWkmiP5Fv0qyZ4v35r4R5BSlKcUJtmn9FGiSRLnzXM1ZezTho15w5Qnb39ZUHjQQwciFKBWCno6L311A9kNswAmAC4YGyE3_uE_J_wYzyi61btYNuj3c94xWKVjZ3ysYS46D3JUOE7wBvQAUfabVff6Pc397eYFTJ3j1Gu2G3Y8Sdl6l0v4VFBW65llZv0FYakd5YQc7E0yihJIun6w.qZ6ke6ORbt8FNhbh-GFs3qv6KoB85GG5upx9bbjkEzA&dib_tag=se&keywords=gaming+laptop&qid=1733686184&sr=8-40
"Acer Nitro 16 Gaming Laptop | AMD Ryzen 5 7640HS Hexa-Core CPU | NVIDIA GeForce RTX 4050 Laptop GPU | 16"" WUXGA 165Hz IPS Display | 8GB DDR5 | 512GB Gen 4 SSD | WiFi 6E | RGB Backlit KB | AN16-41-R148",$749.99,4.2,40.0,https://www.amazon.com/Hexa-Core-GeForce-Display-Backlit-AN16-41-R148/dp/B0D3VJXSWK/ref=sr_1_42?dib=eyJ2IjoiMSJ9.JMbvgG5SxUYSX9k9PiVbHLddcWkmiP5Fv0qyZ4v35r4R5BSlKcUJtmn9FGiSRLnzXM1ZezTho15w5Qnb39ZUHjQQwciFKBWCno6L311A9kNswAmAC4YGyE3_uE_J_wYzyi61btYNuj3c94xWKVjZ3ysYS46D3JUOE7wBvQAUfabVff6Pc397eYFTJ3j1Gu2G3Y8Sdl6l0v4VFBW65llZv0FYakd5YQc7E0yihJIun6w.qZ6ke6ORbt8FNhbh-GFs3qv6KoB85GG5upx9bbjkEzA&dib_tag=se&keywords=gaming+laptop&qid=1733686184&sr=8-42
"Lenovo Legion Pro 5i Gaming Laptop, Intel 14th Gen i9-14900HX, RTX 4070 8 GB GDDR6, 16"" WQXGA 165Hz Display(2560x1600), 64 GB DDR5 RAM, 2 TB SSD, Win 11 Pro, Office Pro Lifetime License, Gaming Mouse","$2,449.99",4.6,259.0,https://www.amazon.com/sspa/click?ie=UTF8&spc=MTo1NDgxMDc1OTk4OTI5NTA6MTczMzY4NjE4NDpzcF9tdGY6MzAwNTQwMTIxMzEyNTAyOjowOjo&url=%2FLenovo-i9-14900HX-Display-2560x1600-Lifetime%2Fdp%2FB0DMT1SY3P%2Fref%3Dsr_1_43_sspa%3Fdib%3DeyJ2IjoiMSJ9.JMbvgG5SxUYSX9k9PiVbHLddcWkmiP5Fv0qyZ4v35r4R5BSlKcUJtmn9FGiSRLnzXM1ZezTho15w5Qnb39ZUHjQQwciFKBWCno6L311A9kNswAmAC4YGyE3_uE_J_wYzyi61btYNuj3c94xWKVjZ3ysYS46D3JUOE7wBvQAUfabVff6Pc397eYFTJ3j1Gu2G3Y8Sdl6l0v4VFBW65llZv0FYakd5YQc7E0yihJIun6w.qZ6ke6ORbt8FNhbh-GFs3qv6KoB85GG5upx9bbjkEzA%26dib_tag%3Dse%26keywords%3Dgaming%2Blaptop%26qid%3D1733686184%26sr%3D8-43-spons%26sp_csd%3Dd2lkZ2V0TmFtZT1zcF9tdGY%26psc%3D1
"NIMO 17.3 FHD Business Gaming Laptop, 8 Cores AMD Ryzen 9 Pro 6950H 680M DDR5(Beatsi9-10900, Up to 4.9GHz), 32GB RAM 1TB SSD, 100W Type C, Backlit Keyboard, Fingerprint, WiFi 6, BT5.2, Win11",$799.99,5.0,4.0,https://www.amazon.com/sspa/click?ie=UTF8&spc=MTo1NDgxMDc1OTk4OTI5NTA6MTczMzY4NjE4NDpzcF9tdGY6MzAwNTQxMzQwODU5MDAyOjowOjo&url=%2FNIMO-Business-Beatsi9-10900-Keyboard-Fingerprint%2Fdp%2FB0DKTFV3TQ%2Fref%3Dsr_1_44_sspa%3Fdib%3DeyJ2IjoiMSJ9.JMbvgG5SxUYSX9k9PiVbHLddcWkmiP5Fv0qyZ4v35r4R5BSlKcUJtmn9FGiSRLnzXM1ZezTho15w5Qnb39ZUHjQQwciFKBWCno6L311A9kNswAmAC4YGyE3_uE_J_wYzyi61btYNuj3c94xWKVjZ3ysYS46D3JUOE7wBvQAUfabVff6Pc397eYFTJ3j1Gu2G3Y8Sdl6l0v4VFBW65llZv0FYakd5YQc7E0yihJIun6w.qZ6ke6ORbt8FNhbh-GFs3qv6KoB85GG5upx9bbjkEzA%26dib_tag%3Dse%26keywords%3Dgaming%2Blaptop%26qid%3D1733686184%26sr%3D8-44-spons%26sp_csd%3Dd2lkZ2V0TmFtZT1zcF9tdGY%26psc%3D1
"Newest 16.0-inch Laptop, 16GB DDR4 512GB SSD, Windows 11 Laptop with Intel 12th Quad-Core Processor(Up to 3.6GHz), 1920P FHD Display, Metal Shell, WiFi 6, USB3.2, Type_C, Long Battery Life","$1,399.99",5.0,2.0,https://www.amazon.com/KAIGERR-16-0-inch-Windows-Quad-Core-Processor/dp/B0DN1MNBPK/ref=sr_1_45?dib=eyJ2IjoiMSJ9.JMbvgG5SxUYSX9k9PiVbHLddcWkmiP5Fv0qyZ4v35r4R5BSlKcUJtmn9FGiSRLnzXM1ZezTho15w5Qnb39ZUHjQQwciFKBWCno6L311A9kNswAmAC4YGyE3_uE_J_wYzyi61btYNuj3c94xWKVjZ3ysYS46D3JUOE7wBvQAUfabVff6Pc397eYFTJ3j1Gu2G3Y8Sdl6l0v4VFBW65llZv0FYakd5YQc7E0yihJIun6w.qZ6ke6ORbt8FNhbh-GFs3qv6KoB85GG5upx9bbjkEzA&dib_tag=se&keywords=gaming+laptop&qid=1733686184&sr=8-45
"ASUS TUF Gaming F16 (2024) Gaming Laptop, 16” FHD+ 165Hz 16:10 Display, Intel® Core™ i7-13650HX, NVIDIA® GeForce RTX™ 4060, 16GB DDR5, 512GB PCIe Gen4 SSD, Wi-Fi 6, Windows 11, FX607JV-ES73","$1,099.99",4.3,14.0,https://www.amazon.com/ASUS-TUF-Gaming-Laptop-165Hz/dp/B0CRD9TV9V/ref=sr_1_46?dib=eyJ2IjoiMSJ9.JMbvgG5SxUYSX9k9PiVbHLddcWkmiP5Fv0qyZ4v35r4R5BSlKcUJtmn9FGiSRLnzXM1ZezTho15w5Qnb39ZUHjQQwciFKBWCno6L311A9kNswAmAC4YGyE3_uE_J_wYzyi61btYNuj3c94xWKVjZ3ysYS46D3JUOE7wBvQAUfabVff6Pc397eYFTJ3j1Gu2G3Y8Sdl6l0v4VFBW65llZv0FYakd5YQc7E0yihJIun6w.qZ6ke6ORbt8FNhbh-GFs3qv6KoB85GG5upx9bbjkEzA&dib_tag=se&keywords=gaming+laptop&qid=1733686184&sr=8-46
HP Victus 15 Gaming Laptop 15.6” FHD IPS Anti-Glare 144Hz Intel 8-core i5-12450H (Beat i7-11800H) 16GB RAM 512GB SSD GeForce RTX 3050 Backlit B&O Fast Charging Win11 w/ICP Accessory,$579.00,4.6,6.0,https://www.amazon.com/HP-Anti-Glare-i5-12450H-i7-11800H-Accessory/dp/B0DGSMZ54J/ref=sr_1_47?dib=eyJ2IjoiMSJ9.JMbvgG5SxUYSX9k9PiVbHLddcWkmiP5Fv0qyZ4v35r4R5BSlKcUJtmn9FGiSRLnzXM1ZezTho15w5Qnb39ZUHjQQwciFKBWCno6L311A9kNswAmAC4YGyE3_uE_J_wYzyi61btYNuj3c94xWKVjZ3ysYS46D3JUOE7wBvQAUfabVff6Pc397eYFTJ3j1Gu2G3Y8Sdl6l0v4VFBW65llZv0FYakd5YQc7E0yihJIun6w.qZ6ke6ORbt8FNhbh-GFs3qv6KoB85GG5upx9bbjkEzA&dib_tag=se&keywords=gaming+laptop&qid=1733686184&sr=8-47
"Gaming Laptop AMD Ryzen 7 5825U(8C/16T), Radeon RX Vega 8 Graphics,16.1“FHD Display,16GB DDR4 512GB NVMe SSD Laptop Computer with Backlit KB,Type_C (Full Function),WiFi 6, 53Wh Battery","$1,699.99",5.0,8.0,https://www.amazon.com/MALLRACE-Graphics-Display-Computer-Function/dp/B0DKJM6L2L/ref=sr_1_49?dib=eyJ2IjoiMSJ9.JMbvgG5SxUYSX9k9PiVbHLddcWkmiP5Fv0qyZ4v35r4R5BSlKcUJtmn9FGiSRLnzXM1ZezTho15w5Qnb39ZUHjQQwciFKBWCno6L311A9kNswAmAC4YGyE3_uE_J_wYzyi61btYNuj3c94xWKVjZ3ysYS46D3JUOE7wBvQAUfabVff6Pc397eYFTJ3j1Gu2G3Y8Sdl6l0v4VFBW65llZv0FYakd5YQc7E0yihJIun6w.qZ6ke6ORbt8FNhbh-GFs3qv6KoB85GG5upx9bbjkEzA&dib_tag=se&keywords=gaming+laptop&qid=1733686184&sr=8-49
"ASUS ROG Strix G17 Gaming Laptop, 17.3"" FHD 144Hz, AMD Ryzen 9 7845HX, GeForce RTX 4070, 64GB DDR5 RAM, 4TB PCIe M.2 SSD, HDMI, USB 3.2 Gen 1, Wi-Fi 6, RGB Backlit Keyboard, Windows 11 Pro, Black","$1,913.96",4.3,11.0,https://www.amazon.com/ASUS-Strix-G17-GeForce-Keyboard/dp/B0D8LJR771/ref=sr_1_51?dib=eyJ2IjoiMSJ9.JMbvgG5SxUYSX9k9PiVbHLddcWkmiP5Fv0qyZ4v35r4R5BSlKcUJtmn9FGiSRLnzXM1ZezTho15w5Qnb39ZUHjQQwciFKBWCno6L311A9kNswAmAC4YGyE3_uE_J_wYzyi61btYNuj3c94xWKVjZ3ysYS46D3JUOE7wBvQAUfabVff6Pc397eYFTJ3j1Gu2G3Y8Sdl6l0v4VFBW65llZv0FYakd5YQc7E0yihJIun6w.qZ6ke6ORbt8FNhbh-GFs3qv6KoB85GG5upx9bbjkEzA&dib_tag=se&keywords=gaming+laptop&qid=1733686184&sr=8-51
"Lenovo Legion Pro 7i Gen 9 Gaming Laptop with Windows 11 Pro, RTX 4090, Intel Cores i9-14900HX, 64GB RAM, 4TB SSD, 16"" 240Hz Display, Backlit KB, cefesfy Accessories","$2,669.99",4.8,2128.0,https://www.amazon.com/Lenovo-Legion-Pro-Laptop-Accessories/dp/B0DCBNT9DH/ref=sr_1_52?dib=eyJ2IjoiMSJ9.JMbvgG5SxUYSX9k9PiVbHLddcWkmiP5Fv0qyZ4v35r4R5BSlKcUJtmn9FGiSRLnzXM1ZezTho15w5Qnb39ZUHjQQwciFKBWCno6L311A9kNswAmAC4YGyE3_uE_J_wYzyi61btYNuj3c94xWKVjZ3ysYS46D3JUOE7wBvQAUfabVff6Pc397eYFTJ3j1Gu2G3Y8Sdl6l0v4VFBW65llZv0FYakd5YQc7E0yihJIun6w.qZ6ke6ORbt8FNhbh-GFs3qv6KoB85GG5upx9bbjkEzA&dib_tag=se&keywords=gaming+laptop&qid=1733686184&sr=8-52
"HotYeah 16.1'' 144Hz Portable Gaming Monitor, 1080P FHD Portable Monitor USB-C HDMI External Display HDR IPS Travel Monitor w/Smart Cover & Speaker, 2nd Screen for Laptop, PC, Mac, Switch, PS5/4, Xbox",$149.99,4.4,424.0,https://www.amazon.com/sspa/click?ie=UTF8&spc=MTo1NDgxMDc1OTk4OTI5NTA6MTczMzY4NjE4NDpzcF9idGY6MzAwNTEwNzcwNDg3MzAyOjowOjo&url=%2FHotYeah-Portable-Monitor-External-Display%2Fdp%2FB0DFQ4YSDQ%2Fref%3Dsr_1_53_sspa%3Fdib%3DeyJ2IjoiMSJ9.JMbvgG5SxUYSX9k9PiVbHLddcWkmiP5Fv0qyZ4v35r4R5BSlKcUJtmn9FGiSRLnzXM1ZezTho15w5Qnb39ZUHjQQwciFKBWCno6L311A9kNswAmAC4YGyE3_uE_J_wYzyi61btYNuj3c94xWKVjZ3ysYS46D3JUOE7wBvQAUfabVff6Pc397eYFTJ3j1Gu2G3Y8Sdl6l0v4VFBW65llZv0FYakd5YQc7E0yihJIun6w.qZ6ke6ORbt8FNhbh-GFs3qv6KoB85GG5upx9bbjkEzA%26dib_tag%3Dse%26keywords%3Dgaming%2Blaptop%26qid%3D1733686184%26sr%3D8-53-spons%26sp_csd%3Dd2lkZ2V0TmFtZT1zcF9idGY%26psc%3D1
"Lenovo Newest V15 Business Laptop | Intel 4-core Processor | 15.6"" FHD (1920 x 1080) | 32GB RAM | 1TB SSD | Ethernet RJ-45 | Military Durability | Windows 11 Pro | w/WOWPC 500GB External Storage",$549.00,4.0,603.0,https://www.amazon.com/sspa/click?ie=UTF8&spc=MTo1NDgxMDc1OTk4OTI5NTA6MTczMzY4NjE4NDpzcF9idGY6MzAwMjgyNTYwMjE4NzAyOjowOjo&url=%2FLenovo-V15-Business-Processor-Durability%2Fdp%2FB0D8CZ6JXZ%2Fref%3Dsr_1_54_sspa%3Fdib%3DeyJ2IjoiMSJ9.JMbvgG5SxUYSX9k9PiVbHLddcWkmiP5Fv0qyZ4v35r4R5BSlKcUJtmn9FGiSRLnzXM1ZezTho15w5Qnb39ZUHjQQwciFKBWCno6L311A9kNswAmAC4YGyE3_uE_J_wYzyi61btYNuj3c94xWKVjZ3ysYS46D3JUOE7wBvQAUfabVff6Pc397eYFTJ3j1Gu2G3Y8Sdl6l0v4VFBW65llZv0FYakd5YQc7E0yihJIun6w.qZ6ke6ORbt8FNhbh-GFs3qv6KoB85GG5upx9bbjkEzA%26dib_tag%3Dse%26keywords%3Dgaming%2Blaptop%26qid%3D1733686184%26sr%3D8-54-spons%26sp_csd%3Dd2lkZ2V0TmFtZT1zcF9idGY%26psc%3D1
"MSI Creator M16 HX 16” 240Hz QHD+ Creator Laptop: Intel Core i9-14900HX, NVIDIA Geforce RTX 4070, 32GB DDR5, 2TB NVMe SSD, Cooler Boost 5, Win 11: Black C14VGG-291US","$1,849.99",4.3,87.0,https://www.amazon.com/MSI-Creator-M16-240Hz-Laptop/dp/B0CXYM7TT6/ref=sr_1_49?dib=eyJ2IjoiMSJ9.BUbzakO87CLSYIbp-n4MLS6KhVg9fwKg_rdYJMMOZzB6fYRvPlwoNTe1hp150fRe_9Rc4shwEOMVap0ukIbzij2LigkHS2TsiwxqhopT4TEMstvgk33nmuqr5o_EJFWx7oASDxK6InckFk0ILHEhvHZhjOF2REhHK2Pm3xfYBdiF3Rgv1qlqwjx1LcoH-GVJVYKCnNK7VoHGQmzlnrO17TpVk8CNIxieAKZ7qhBuwZI.4ThR8WMp7omYIcWKS8lVU1EPHSNULpyZD4mFc1MXnBA&dib_tag=se&keywords=gaming+laptop&qid=1733686200&sr=8-49
"ASUS 2024 Newest ROG Strix G18 Gaming Laptop, 18"" 2.5K 240Hz Display, i9-14900HX(24-Core) Processor, NVIDIA GeForce RTX 4060 Graphics, 64GB DDR5, 2TB SSD, Backlit Keyboard, WiFi 6E, Windows 11 Pro","$2,099.99",3.1,2.0,https://www.amazon.com/ASUS-ROG-Strix-G18-i9-14900HX/dp/B0D9BDFJMZ/ref=sr_1_50?dib=eyJ2IjoiMSJ9.BUbzakO87CLSYIbp-n4MLS6KhVg9fwKg_rdYJMMOZzB6fYRvPlwoNTe1hp150fRe_9Rc4shwEOMVap0ukIbzij2LigkHS2TsiwxqhopT4TEMstvgk33nmuqr5o_EJFWx7oASDxK6InckFk0ILHEhvHZhjOF2REhHK2Pm3xfYBdiF3Rgv1qlqwjx1LcoH-GVJVYKCnNK7VoHGQmzlnrO17TpVk8CNIxieAKZ7qhBuwZI.4ThR8WMp7omYIcWKS8lVU1EPHSNULpyZD4mFc1MXnBA&dib_tag=se&keywords=gaming+laptop&qid=1733686200&sr=8-50
"ASUS TUF Gaming F17 (2024) Gaming Laptop, 17.3” FHD 144Hz IPS-Level Display, NVIDIA® GeForce RTX™ 3050, Intel® Core™ i5-12500H, 8GB DDR4, 1TB PCIe Gen3 SSD, Wi-Fi 6, Windows 11, FX707ZC-ES52",$849.99,4.3,338.0,https://www.amazon.com/ASUS-IPS-Level-Display-i5-12500H-FX707ZC-ES52/dp/B0CRD335BV/ref=sr_1_52?dib=eyJ2IjoiMSJ9.BUbzakO87CLSYIbp-n4MLS6KhVg9fwKg_rdYJMMOZzB6fYRvPlwoNTe1hp150fRe_9Rc4shwEOMVap0ukIbzij2LigkHS2TsiwxqhopT4TEMstvgk33nmuqr5o_EJFWx7oASDxK6InckFk0ILHEhvHZhjOF2REhHK2Pm3xfYBdiF3Rgv1qlqwjx1LcoH-GVJVYKCnNK7VoHGQmzlnrO17TpVk8CNIxieAKZ7qhBuwZI.4ThR8WMp7omYIcWKS8lVU1EPHSNULpyZD4mFc1MXnBA&dib_tag=se&keywords=gaming+laptop&qid=1733686200&sr=8-52
"Acer Predator Helios Neo 16 Gaming Laptop, 16"" 165Hz WUXGA Display, Core i9-14900HX(5.80 GHz), GeForce RTX 4060, RGB Backlit Keyboard, Copilot AI Laptop, Windows 11 Home,Black(32GB DDR5 RAM | 1TB SSD)","$1,342.99",5.0,3.0,https://www.amazon.com/Predator-Display-i9-14900HX-GeForce-Keyboard/dp/B0DJ2CJRBH/ref=sr_1_53?dib=eyJ2IjoiMSJ9.BUbzakO87CLSYIbp-n4MLS6KhVg9fwKg_rdYJMMOZzB6fYRvPlwoNTe1hp150fRe_9Rc4shwEOMVap0ukIbzij2LigkHS2TsiwxqhopT4TEMstvgk33nmuqr5o_EJFWx7oASDxK6InckFk0ILHEhvHZhjOF2REhHK2Pm3xfYBdiF3Rgv1qlqwjx1LcoH-GVJVYKCnNK7VoHGQmzlnrO17TpVk8CNIxieAKZ7qhBuwZI.4ThR8WMp7omYIcWKS8lVU1EPHSNULpyZD4mFc1MXnBA&dib_tag=se&keywords=gaming+laptop&qid=1733686200&sr=8-53
"ACEMAGIC 2024 Newest Gaming Laptop, 16.1-inch FHD Display Laptop with AMD Ryzen 7 5000 Series Processor(8C/16T), 16GB RAM 512GB ROM Laptop Computer, Support WiFi 6, 53Wh Battery, Backlit Keyboard","$1,499.99",4.2,22.0,https://www.amazon.com/ACEMAGIC-16-1-inch-Processor-Computer-Keyboard/dp/B0DJSYVYDX/ref=sr_1_54?dib=eyJ2IjoiMSJ9.BUbzakO87CLSYIbp-n4MLS6KhVg9fwKg_rdYJMMOZzB6fYRvPlwoNTe1hp150fRe_9Rc4shwEOMVap0ukIbzij2LigkHS2TsiwxqhopT4TEMstvgk33nmuqr5o_EJFWx7oASDxK6InckFk0ILHEhvHZhjOF2REhHK2Pm3xfYBdiF3Rgv1qlqwjx1LcoH-GVJVYKCnNK7VoHGQmzlnrO17TpVk8CNIxieAKZ7qhBuwZI.4ThR8WMp7omYIcWKS8lVU1EPHSNULpyZD4mFc1MXnBA&dib_tag=se&keywords=gaming+laptop&qid=1733686200&sr=8-54
"Lenovo Newest Legion Gaming Laptop, 16"" QHD+ (2560 x 1600) 165 Hz, Intel i9-14900HX, NVIDIA GeForce RTX 4070, 32GB RAM, 2TB SSD, RGB Backlit Keyboard, Windows 11 Home","$1,780.00",4.3,84.0,https://www.amazon.com/Lenovo-Display-GeForce-i9-13900HX-Backlit/dp/B0BWSJ3TSC/ref=sr_1_55?dib=eyJ2IjoiMSJ9.BUbzakO87CLSYIbp-n4MLS6KhVg9fwKg_rdYJMMOZzB6fYRvPlwoNTe1hp150fRe_9Rc4shwEOMVap0ukIbzij2LigkHS2TsiwxqhopT4TEMstvgk33nmuqr5o_EJFWx7oASDxK6InckFk0ILHEhvHZhjOF2REhHK2Pm3xfYBdiF3Rgv1qlqwjx1LcoH-GVJVYKCnNK7VoHGQmzlnrO17TpVk8CNIxieAKZ7qhBuwZI.4ThR8WMp7omYIcWKS8lVU1EPHSNULpyZD4mFc1MXnBA&dib_tag=se&keywords=gaming+laptop&qid=1733686200&sr=8-55
"ASUS ROG Strix G18 18"" Gaming Laptop, Intel i9 14900HX, 64GB DDR5, 4TB SSD, 240Hz WQXGA Display, RGB Backlit KB, GeForce RTX 4060, Wi-Fi 6E, Windows 11 Pro & Microsoft Office Lifetime License","$2,495.99",4.1,108.0,https://www.amazon.com/ASUS-ROG-Strix-G18-Microsoft/dp/B0D9MQZMZK/ref=sr_1_56?dib=eyJ2IjoiMSJ9.BUbzakO87CLSYIbp-n4MLS6KhVg9fwKg_rdYJMMOZzB6fYRvPlwoNTe1hp150fRe_9Rc4shwEOMVap0ukIbzij2LigkHS2TsiwxqhopT4TEMstvgk33nmuqr5o_EJFWx7oASDxK6InckFk0ILHEhvHZhjOF2REhHK2Pm3xfYBdiF3Rgv1qlqwjx1LcoH-GVJVYKCnNK7VoHGQmzlnrO17TpVk8CNIxieAKZ7qhBuwZI.4ThR8WMp7omYIcWKS8lVU1EPHSNULpyZD4mFc1MXnBA&dib_tag=se&keywords=gaming+laptop&qid=1733686200&sr=8-56
"NIMO 15.6'' FHD IPS Student Laptop, 16GB RAM 1TB SSD, Intel Pentium Quad-Core N100(Beat to i3 1115G4, Up to 3.4GHz), 2 Years Warranty, Fingerprint, Backlit Keyboard, Wi-Fi 6, Win 11, Sliver",$399.99,4.5,20.0,https://www.amazon.com/NIMO-Quad-Core-Warranty-Fingerprint-Keyboard/dp/B0DLG9XFWV/ref=sr_1_57?dib=eyJ2IjoiMSJ9.BUbzakO87CLSYIbp-n4MLS6KhVg9fwKg_rdYJMMOZzB6fYRvPlwoNTe1hp150fRe_9Rc4shwEOMVap0ukIbzij2LigkHS2TsiwxqhopT4TEMstvgk33nmuqr5o_EJFWx7oASDxK6InckFk0ILHEhvHZhjOF2REhHK2Pm3xfYBdiF3Rgv1qlqwjx1LcoH-GVJVYKCnNK7VoHGQmzlnrO17TpVk8CNIxieAKZ7qhBuwZI.4ThR8WMp7omYIcWKS8lVU1EPHSNULpyZD4mFc1MXnBA&dib_tag=se&keywords=gaming+laptop&qid=1733686200&sr=8-57
"15.6"" IPS FHD Student Laptop, 16GB RAM 1TB SSD, Intel Pentium Quad-Core N100 (Beat to i3-1115G4, Up to 3.4GHz), Backlit Keyboard, Fingerprint, 65W Type C, WiFi 6, BT5.2, USB3.0, Win 11",$399.99,4.7,27.0,https://www.amazon.com/Student-Quad-Core-i3-1115G4-Keyboard-Fingerprint/dp/B0DJLZPH6F/ref=sr_1_58?dib=eyJ2IjoiMSJ9.BUbzakO87CLSYIbp-n4MLS6KhVg9fwKg_rdYJMMOZzB6fYRvPlwoNTe1hp150fRe_9Rc4shwEOMVap0ukIbzij2LigkHS2TsiwxqhopT4TEMstvgk33nmuqr5o_EJFWx7oASDxK6InckFk0ILHEhvHZhjOF2REhHK2Pm3xfYBdiF3Rgv1qlqwjx1LcoH-GVJVYKCnNK7VoHGQmzlnrO17TpVk8CNIxieAKZ7qhBuwZI.4ThR8WMp7omYIcWKS8lVU1EPHSNULpyZD4mFc1MXnBA&dib_tag=se&keywords=gaming+laptop&qid=1733686200&sr=8-58
"HP OMEN 16 (2024) Gaming Laptop (16.1"" FHD 165Hz, Intel 13th Gen Core i7-13620H, 64G DDR5 RAM, 2TB PCle SSD, Geforce RTX 4060 8GB), Backlit KB, Thunderbolt 4, WiFi 6E, IST Hub, Win11 Home, Black","$1,349.99",4.1,5.0,https://www.amazon.com/HP-OMEN-16-i7-12700H-Geforce/dp/B0CVL7LQXW/ref=sr_1_60?dib=eyJ2IjoiMSJ9.BUbzakO87CLSYIbp-n4MLS6KhVg9fwKg_rdYJMMOZzB6fYRvPlwoNTe1hp150fRe_9Rc4shwEOMVap0ukIbzij2LigkHS2TsiwxqhopT4TEMstvgk33nmuqr5o_EJFWx7oASDxK6InckFk0ILHEhvHZhjOF2REhHK2Pm3xfYBdiF3Rgv1qlqwjx1LcoH-GVJVYKCnNK7VoHGQmzlnrO17TpVk8CNIxieAKZ7qhBuwZI.4ThR8WMp7omYIcWKS8lVU1EPHSNULpyZD4mFc1MXnBA&dib_tag=se&keywords=gaming+laptop&qid=1733686200&sr=8-60
"ASUS ROG Strix-G16 Gaming Laptop - 16"" 240Hz WQXGA Display | Intel 24-Core i9-14900HX | GeForce RTX 4060 | 64GB DDR5 | 4TB SSD | WiFi 6E | Backlit KB | Win11 Pro","$2,399.00",4.3,411.0,https://www.amazon.com/ASUS-ROG-Strix-G16-Gaming-Laptop/dp/B0DK1DMHNL/ref=sr_1_61?dib=eyJ2IjoiMSJ9.BUbzakO87CLSYIbp-n4MLS6KhVg9fwKg_rdYJMMOZzB6fYRvPlwoNTe1hp150fRe_9Rc4shwEOMVap0ukIbzij2LigkHS2TsiwxqhopT4TEMstvgk33nmuqr5o_EJFWx7oASDxK6InckFk0ILHEhvHZhjOF2REhHK2Pm3xfYBdiF3Rgv1qlqwjx1LcoH-GVJVYKCnNK7VoHGQmzlnrO17TpVk8CNIxieAKZ7qhBuwZI.4ThR8WMp7omYIcWKS8lVU1EPHSNULpyZD4mFc1MXnBA&dib_tag=se&keywords=gaming+laptop&qid=1733686200&sr=8-61
"ASUS ROG Strix G17 G713 Gaming Laptop 17.3"" WQHD IPS 240Hz AMD 12-Core Ryzen 9 7845HX (>i9-12900H) 32GB RAM 1TB SSD GeForce RTX 4060 8GB USB-C RGB Backlit Fast Charging Win11 w/ICP Accessory","$1,629.00",4.0,9.0,https://www.amazon.com/ASUS-12-Core-i9-12900H-Charging-Accessory/dp/B0DGQ6X3Q2/ref=sr_1_62?dib=eyJ2IjoiMSJ9.BUbzakO87CLSYIbp-n4MLS6KhVg9fwKg_rdYJMMOZzB6fYRvPlwoNTe1hp150fRe_9Rc4shwEOMVap0ukIbzij2LigkHS2TsiwxqhopT4TEMstvgk33nmuqr5o_EJFWx7oASDxK6InckFk0ILHEhvHZhjOF2REhHK2Pm3xfYBdiF3Rgv1qlqwjx1LcoH-GVJVYKCnNK7VoHGQmzlnrO17TpVk8CNIxieAKZ7qhBuwZI.4ThR8WMp7omYIcWKS8lVU1EPHSNULpyZD4mFc1MXnBA&dib_tag=se&keywords=gaming+laptop&qid=1733686200&sr=8-62
"ApoloSign 15.6"" Full HD Laptop, 12GB RAM, 512GB SSD, Expandable to 1TB, Intel N5095 Processor, Dual-Band WiFi, 178° Viewing Angle, Dual Speakers-Gray",$899.99,3.9,5.0,https://www.amazon.com/ApoloSign-Expandable-Processor-Dual-Band-Speakers-Gray/dp/B0DK5BFL8C/ref=sr_1_63?dib=eyJ2IjoiMSJ9.BUbzakO87CLSYIbp-n4MLS6KhVg9fwKg_rdYJMMOZzB6fYRvPlwoNTe1hp150fRe_9Rc4shwEOMVap0ukIbzij2LigkHS2TsiwxqhopT4TEMstvgk33nmuqr5o_EJFWx7oASDxK6InckFk0ILHEhvHZhjOF2REhHK2Pm3xfYBdiF3Rgv1qlqwjx1LcoH-GVJVYKCnNK7VoHGQmzlnrO17TpVk8CNIxieAKZ7qhBuwZI.4ThR8WMp7omYIcWKS8lVU1EPHSNULpyZD4mFc1MXnBA&dib_tag=se&keywords=gaming+laptop&qid=1733686200&sr=8-63
"Alienware x14 R2 Gaming Laptop 14"" QHD+ 165Hz G-Sync, Intel Core i7-13620H, NVIDIA GeForce RTX 4060 8GB, 32GB RAM, 1TB SSD, Windows 11 Home, AlienFX Backlit US Keyboard, Lunar Silver","$1,399.99",3.7,15.0,https://www.amazon.com/Alienware-i7-13620H-GeForce-Windows-Keyboard/dp/B0D9H3D11V/ref=sr_1_64?dib=eyJ2IjoiMSJ9.BUbzakO87CLSYIbp-n4MLS6KhVg9fwKg_rdYJMMOZzB6fYRvPlwoNTe1hp150fRe_9Rc4shwEOMVap0ukIbzij2LigkHS2TsiwxqhopT4TEMstvgk33nmuqr5o_EJFWx7oASDxK6InckFk0ILHEhvHZhjOF2REhHK2Pm3xfYBdiF3Rgv1qlqwjx1LcoH-GVJVYKCnNK7VoHGQmzlnrO17TpVk8CNIxieAKZ7qhBuwZI.4ThR8WMp7omYIcWKS8lVU1EPHSNULpyZD4mFc1MXnBA&dib_tag=se&keywords=gaming+laptop&qid=1733686200&sr=8-64
"Lenovo Yoga 7 2-in-1 Laptop, 14"" WUXGA Touchscreen Display, Core Ultra 5 125U (Up to 4.3 GHz), 16GB DDR5, 512GB NVMe 4.0, FP Reader, TB 4, Backlit KB, WiFi 6E, Webcam, HDMI, SPS HDMI Cable, Win 11 Pro",$769.99,5.0,1.0,https://www.amazon.com/sspa/click?ie=UTF8&spc=MTo4NDQxMzAxNjIxODkyMDcwOjE3MzM2ODYyMTY6c3BfYXRmX25leHQ6MzAwMjYxMDY3NDg2MzAyOjowOjo&url=%2FLenovo-Laptop-Touchscreen-Display-Backlit%2Fdp%2FB0D825RB87%2Fref%3Dsr_1_66_sspa%3Fdib%3DeyJ2IjoiMSJ9.gkxeKSU32rJ0KDDxBRRzn5w1Q84LMzKe1uE3pHjmp7GMprvFgLXGYepWQy1c3Mz-NSwSCYdcbQnwXrUBlcB0wqOo9V_exsAilfQWEe9wHA2b92ft-nzmFjdEdVVJgvHmfc11xIZXTl-GARqkPSp6xOPTu-q42w3xH4NKba3fcCu2XQnM0IiZzmiIEoIG_J9PrrBsDsURZyItEgNvDp2X8cwZ2ZASyWkOER6oGx4fvfA.vnzWP05IA4orEABUvaHoi5Y_yx_HJCy5UYUyazE5wYY%26dib_tag%3Dse%26keywords%3Dgaming%2Blaptop%26qid%3D1733686216%26sr%3D8-66-spons%26sp_csd%3Dd2lkZ2V0TmFtZT1zcF9hdGZfbmV4dA%26psc%3D1
"MSI 2023 Cyborg 15.6"" 144HZ FHD Gaming Laptop Computer- 13th Gen Intel Core i7-13620H - GeForceRTX 4050-16GB DDR5 RAM - 512GB NVMe SSD - Win11 Home: Black A13VE-218US",$925.00,4.1,65.0,https://www.amazon.com/MSI-Cyborg-Gaming-Computer-i7-13620H/dp/B0C3CB1DWC/ref=sr_1_67?dib=eyJ2IjoiMSJ9.gkxeKSU32rJ0KDDxBRRzn5w1Q84LMzKe1uE3pHjmp7GMprvFgLXGYepWQy1c3Mz-NSwSCYdcbQnwXrUBlcB0wqOo9V_exsAilfQWEe9wHA2b92ft-nzmFjdEdVVJgvHmfc11xIZXTl-GARqkPSp6xOPTu-q42w3xH4NKba3fcCu2XQnM0IiZzmiIEoIG_J9PrrBsDsURZyItEgNvDp2X8cwZ2ZASyWkOER6oGx4fvfA.vnzWP05IA4orEABUvaHoi5Y_yx_HJCy5UYUyazE5wYY&dib_tag=se&keywords=gaming+laptop&qid=1733686216&sr=8-67
"HP 2024 Newest Victus Gaming Laptop, 16.1"" FHD 144Hz Display, AMD Ryzen 7-8845HS(8 cores), NVIDIA GeForce RTX 4070, 32GB DDR5 RAM, 2TB SSD, Wi-Fi 6, Backlit Keyboard, Windows 11 Pro","$1,269.00",5.0,5.0,https://www.amazon.com/HP-Victus-Gaming-Laptop-7-8845HS/dp/B0DB8261KH/ref=sr_1_68?dib=eyJ2IjoiMSJ9.gkxeKSU32rJ0KDDxBRRzn5w1Q84LMzKe1uE3pHjmp7GMprvFgLXGYepWQy1c3Mz-NSwSCYdcbQnwXrUBlcB0wqOo9V_exsAilfQWEe9wHA2b92ft-nzmFjdEdVVJgvHmfc11xIZXTl-GARqkPSp6xOPTu-q42w3xH4NKba3fcCu2XQnM0IiZzmiIEoIG_J9PrrBsDsURZyItEgNvDp2X8cwZ2ZASyWkOER6oGx4fvfA.vnzWP05IA4orEABUvaHoi5Y_yx_HJCy5UYUyazE5wYY&dib_tag=se&keywords=gaming+laptop&qid=1733686216&sr=8-68
"Lenovo Newest Legion 16"" QHD+ i9 RTX 4070 Gaming Laptop, 16"" QHD+ (2560 x 1600) 165 Hz, Intel i9-14900HX, NVIDIA GeForce RTX 4070, 32GB RAM, 2TB SSD, RGB Backlit Keyboard, Windows 11 Home, Grey","$1,737.88",3.9,9.0,https://www.amazon.com/Lenovo-Legion-i9-14900HX-GeForce-Keyboard/dp/B0D647S5H3/ref=sr_1_69?dib=eyJ2IjoiMSJ9.gkxeKSU32rJ0KDDxBRRzn5w1Q84LMzKe1uE3pHjmp7GMprvFgLXGYepWQy1c3Mz-NSwSCYdcbQnwXrUBlcB0wqOo9V_exsAilfQWEe9wHA2b92ft-nzmFjdEdVVJgvHmfc11xIZXTl-GARqkPSp6xOPTu-q42w3xH4NKba3fcCu2XQnM0IiZzmiIEoIG_J9PrrBsDsURZyItEgNvDp2X8cwZ2ZASyWkOER6oGx4fvfA.vnzWP05IA4orEABUvaHoi5Y_yx_HJCy5UYUyazE5wYY&dib_tag=se&keywords=gaming+laptop&qid=1733686216&sr=8-69
"Lenovo V15 Laptop, 15.6"" FHD Display, AMD Ryzen 5 5500U Hexa-core Processor (Beat i7-1065G7), 40GB RAM, 1TB SSD, RJ-45, Numeric Keypad, Wi-Fi, Windows 11 Pro, Black, Additional 1 Yr ADP",$639.00,4.3,495.0,https://www.amazon.com/Lenovo-V15-Hexa-core-Processor-i7-1065G7/dp/B0CK986D7R/ref=sr_1_70?dib=eyJ2IjoiMSJ9.gkxeKSU32rJ0KDDxBRRzn5w1Q84LMzKe1uE3pHjmp7GMprvFgLXGYepWQy1c3Mz-NSwSCYdcbQnwXrUBlcB0wqOo9V_exsAilfQWEe9wHA2b92ft-nzmFjdEdVVJgvHmfc11xIZXTl-GARqkPSp6xOPTu-q42w3xH4NKba3fcCu2XQnM0IiZzmiIEoIG_J9PrrBsDsURZyItEgNvDp2X8cwZ2ZASyWkOER6oGx4fvfA.vnzWP05IA4orEABUvaHoi5Y_yx_HJCy5UYUyazE5wYY&dib_tag=se&keywords=gaming+laptop&qid=1733686216&sr=8-70
"Lenovo LOQ Gaming Laptop - NVIDIA® GeForce RTX™ 4050 6GB - 15.6” FHD Display - AMD Ryzen 7 8845HS - 16GB RAM - 512GB SSD - Windows 11 Home, Luna Grey",$799.99,3.9,28.0,https://www.amazon.com/Lenovo-NVIDIA%C2%AE-GeForce-Display-1920x1080/dp/B0CWB2LWRN/ref=sr_1_71?dib=eyJ2IjoiMSJ9.gkxeKSU32rJ0KDDxBRRzn5w1Q84LMzKe1uE3pHjmp7GMprvFgLXGYepWQy1c3Mz-NSwSCYdcbQnwXrUBlcB0wqOo9V_exsAilfQWEe9wHA2b92ft-nzmFjdEdVVJgvHmfc11xIZXTl-GARqkPSp6xOPTu-q42w3xH4NKba3fcCu2XQnM0IiZzmiIEoIG_J9PrrBsDsURZyItEgNvDp2X8cwZ2ZASyWkOER6oGx4fvfA.vnzWP05IA4orEABUvaHoi5Y_yx_HJCy5UYUyazE5wYY&dib_tag=se&keywords=gaming+laptop&qid=1733686216&sr=8-71
"ASUS TUF Gaming A16 Laptop 16"" FHD+ 165Hz 7ms 100% sRGB AMD Octa-core Ryzen 7 7735HS 32GB RAM 1TB SSD Radeon RX 7600S 8GB Graphic (>RTX 4060) Backlit USB-C USB4 Fast Charging Win11 + HDMI Cable",$979.00,4.7,6.0,https://www.amazon.com/Asus-Octa-core-Graphic-Backlit-Charging/dp/B0CG11RG5C/ref=sr_1_72?dib=eyJ2IjoiMSJ9.gkxeKSU32rJ0KDDxBRRzn5w1Q84LMzKe1uE3pHjmp7GMprvFgLXGYepWQy1c3Mz-NSwSCYdcbQnwXrUBlcB0wqOo9V_exsAilfQWEe9wHA2b92ft-nzmFjdEdVVJgvHmfc11xIZXTl-GARqkPSp6xOPTu-q42w3xH4NKba3fcCu2XQnM0IiZzmiIEoIG_J9PrrBsDsURZyItEgNvDp2X8cwZ2ZASyWkOER6oGx4fvfA.vnzWP05IA4orEABUvaHoi5Y_yx_HJCy5UYUyazE5wYY&dib_tag=se&keywords=gaming+laptop&qid=1733686216&sr=8-72
GIGABYTE - G6 (2024) Gaming Laptop - 165Hz 1920x1200 WUXGA - NVIDIA GeForce RTX 4060 - Intel i7-13620H - 2TB SSD with 32GB DDR5 RAM - Windows 11 Home AD (G6 KF-H3US865KH),"$1,149.00",3.8,76.0,https://www.amazon.com/GIGABYTE-1920x1200-GeForce-i7-13620H-KF-H3US865KH/dp/B0CW2D76QR/ref=sr_1_73?dib=eyJ2IjoiMSJ9.gkxeKSU32rJ0KDDxBRRzn5w1Q84LMzKe1uE3pHjmp7GMprvFgLXGYepWQy1c3Mz-NSwSCYdcbQnwXrUBlcB0wqOo9V_exsAilfQWEe9wHA2b92ft-nzmFjdEdVVJgvHmfc11xIZXTl-GARqkPSp6xOPTu-q42w3xH4NKba3fcCu2XQnM0IiZzmiIEoIG_J9PrrBsDsURZyItEgNvDp2X8cwZ2ZASyWkOER6oGx4fvfA.vnzWP05IA4orEABUvaHoi5Y_yx_HJCy5UYUyazE5wYY&dib_tag=se&keywords=gaming+laptop&qid=1733686216&sr=8-73
"Lenovo Legion Pro 5 Gaming Laptop 16"" QHD+ 2560x1600 240Hz (500nits, 100% DCI-P3, G-Sync) AMD 16-Core Ryzen 9 7945HX (>i9-14900HX) 32GB RAM 1TB SSD GeForce RTX 4070 RGB Backlit Win11 w/ICP Accessory","$1,799.00",5.0,4.0,https://www.amazon.com/Lenovo-2560x1600-500nits-i9-14900HX-Accessory/dp/B0D6W8PLL9/ref=sr_1_74?dib=eyJ2IjoiMSJ9.gkxeKSU32rJ0KDDxBRRzn5w1Q84LMzKe1uE3pHjmp7GMprvFgLXGYepWQy1c3Mz-NSwSCYdcbQnwXrUBlcB0wqOo9V_exsAilfQWEe9wHA2b92ft-nzmFjdEdVVJgvHmfc11xIZXTl-GARqkPSp6xOPTu-q42w3xH4NKba3fcCu2XQnM0IiZzmiIEoIG_J9PrrBsDsURZyItEgNvDp2X8cwZ2ZASyWkOER6oGx4fvfA.vnzWP05IA4orEABUvaHoi5Y_yx_HJCy5UYUyazE5wYY&dib_tag=se&keywords=gaming+laptop&qid=1733686216&sr=8-74
"MSI Raider GE68HX Gaming Laptop 16"" FHD+ IPS 144Hz Intel 24-core i9-14900HX 32GB RAM 2TB SSD GeForce RTX 4070 RGB Backlit Thunderbolt4 USB-C Dynaudio FHD IR Privacy Camera Win11 w/ICP Accessory","$1,879.00",4.5,19.0,https://www.amazon.com/MSI-i9-14900HX-Thunderbolt4-Dynaudio-Accessory/dp/B0DC652TRP/ref=sr_1_77?dib=eyJ2IjoiMSJ9.gkxeKSU32rJ0KDDxBRRzn5w1Q84LMzKe1uE3pHjmp7GMprvFgLXGYepWQy1c3Mz-NSwSCYdcbQnwXrUBlcB0wqOo9V_exsAilfQWEe9wHA2b92ft-nzmFjdEdVVJgvHmfc11xIZXTl-GARqkPSp6xOPTu-q42w3xH4NKba3fcCu2XQnM0IiZzmiIEoIG_J9PrrBsDsURZyItEgNvDp2X8cwZ2ZASyWkOER6oGx4fvfA.vnzWP05IA4orEABUvaHoi5Y_yx_HJCy5UYUyazE5wYY&dib_tag=se&keywords=gaming+laptop&qid=1733686216&sr=8-77
"HP Newest Victus 16.1 Ryzen 7 RTX 4070 Premium Gaming Laptop, 16.1"" FHD 144Hz, AMD Ryzen 7 8845HS (Beats i7-1355U), NVIDIA GeForce RTX 4070, 64GB DDR5 RAM, 4TB SSD, HDMI, Wi-Fi 6, Windows 11 Pro","$1,400.99",4.0,7.0,https://www.amazon.com/HP-Premium-i7-1355U-GeForce-Windows/dp/B0D3WJT1VG/ref=sr_1_78?dib=eyJ2IjoiMSJ9.gkxeKSU32rJ0KDDxBRRzn5w1Q84LMzKe1uE3pHjmp7GMprvFgLXGYepWQy1c3Mz-NSwSCYdcbQnwXrUBlcB0wqOo9V_exsAilfQWEe9wHA2b92ft-nzmFjdEdVVJgvHmfc11xIZXTl-GARqkPSp6xOPTu-q42w3xH4NKba3fcCu2XQnM0IiZzmiIEoIG_J9PrrBsDsURZyItEgNvDp2X8cwZ2ZASyWkOER6oGx4fvfA.vnzWP05IA4orEABUvaHoi5Y_yx_HJCy5UYUyazE5wYY&dib_tag=se&keywords=gaming+laptop&qid=1733686216&sr=8-78
"HP Victus 15.6 Ryzen 5 RTX 4050 Premium Gaming Laptop, 15.6"" FHD 144Hz, AMD Ryzen 5 8645HS (Beats Intel i7-1355U & Intel i5-14400F), NVIDIA GeForce RTX 4050, 32GB DDR5 RAM, 1TB SSD, Backlit KB, W11P",$797.00,4.1,10.0,https://www.amazon.com/HP-Premium-i7-1355U-i5-14400F-GeForce/dp/B0D9KFZXCL/ref=sr_1_79?dib=eyJ2IjoiMSJ9.gkxeKSU32rJ0KDDxBRRzn5w1Q84LMzKe1uE3pHjmp7GMprvFgLXGYepWQy1c3Mz-NSwSCYdcbQnwXrUBlcB0wqOo9V_exsAilfQWEe9wHA2b92ft-nzmFjdEdVVJgvHmfc11xIZXTl-GARqkPSp6xOPTu-q42w3xH4NKba3fcCu2XQnM0IiZzmiIEoIG_J9PrrBsDsURZyItEgNvDp2X8cwZ2ZASyWkOER6oGx4fvfA.vnzWP05IA4orEABUvaHoi5Y_yx_HJCy5UYUyazE5wYY&dib_tag=se&keywords=gaming+laptop&qid=1733686216&sr=8-79
"HP Newest Victus 16.1 Ryzen 7 RTX 4070 Extreme Gaming Laptop, 16.1"" FHD 144Hz, AMD Ryzen 7 8845HS (Beats i7-1355U), NVIDIA GeForce RTX 4070, 64GB DDR5 RAM, 2TB SSD, HDMI, Wi-Fi 6, Windows 11 Home","$1,269.00",3.5,19.0,https://www.amazon.com/HP-Extreme-i7-1355U-GeForce-Windows/dp/B0D3WLDFBC/ref=sr_1_80?dib=eyJ2IjoiMSJ9.gkxeKSU32rJ0KDDxBRRzn5w1Q84LMzKe1uE3pHjmp7GMprvFgLXGYepWQy1c3Mz-NSwSCYdcbQnwXrUBlcB0wqOo9V_exsAilfQWEe9wHA2b92ft-nzmFjdEdVVJgvHmfc11xIZXTl-GARqkPSp6xOPTu-q42w3xH4NKba3fcCu2XQnM0IiZzmiIEoIG_J9PrrBsDsURZyItEgNvDp2X8cwZ2ZASyWkOER6oGx4fvfA.vnzWP05IA4orEABUvaHoi5Y_yx_HJCy5UYUyazE5wYY&dib_tag=se&keywords=gaming+laptop&qid=1733686216&sr=8-80
"HP - Victus 15.6"" Gaming Laptop - AMD Ryzen 5 7535HS - 8GB Memory - NVIDIA GeForce RTX 2050-512GB SSD - Mica Silver",$549.00,4.6,151.0,https://www.amazon.com/HP-Victus-Gaming-GeForce-2050-512GB/dp/B0CG3CK51X/ref=sr_1_81?dib=eyJ2IjoiMSJ9.gkxeKSU32rJ0KDDxBRRzn5w1Q84LMzKe1uE3pHjmp7GMprvFgLXGYepWQy1c3Mz-NSwSCYdcbQnwXrUBlcB0wqOo9V_exsAilfQWEe9wHA2b92ft-nzmFjdEdVVJgvHmfc11xIZXTl-GARqkPSp6xOPTu-q42w3xH4NKba3fcCu2XQnM0IiZzmiIEoIG_J9PrrBsDsURZyItEgNvDp2X8cwZ2ZASyWkOER6oGx4fvfA.vnzWP05IA4orEABUvaHoi5Y_yx_HJCy5UYUyazE5wYY&dib_tag=se&keywords=gaming+laptop&qid=1733686216&sr=8-81
"acer Nitro V 15 Gaming Laptop 2024 Newest, 15.6"" 144Hz FHD IPS Display, Intel 10-Core i7-13620H, NVIDIA GeForce RTX 4060, 32GB DDR5 RAM, 1TB SSD, Microsoft Office Lifetime License & Windows 11 Pro","$1,299.99",4.5,1212.0,https://www.amazon.com/acer-Nitro-15-Gaming-Laptop/dp/B0D73RKR9Z/ref=sr_1_82?dib=eyJ2IjoiMSJ9.gkxeKSU32rJ0KDDxBRRzn5w1Q84LMzKe1uE3pHjmp7GMprvFgLXGYepWQy1c3Mz-NSwSCYdcbQnwXrUBlcB0wqOo9V_exsAilfQWEe9wHA2b92ft-nzmFjdEdVVJgvHmfc11xIZXTl-GARqkPSp6xOPTu-q42w3xH4NKba3fcCu2XQnM0IiZzmiIEoIG_J9PrrBsDsURZyItEgNvDp2X8cwZ2ZASyWkOER6oGx4fvfA.vnzWP05IA4orEABUvaHoi5Y_yx_HJCy5UYUyazE5wYY&dib_tag=se&keywords=gaming+laptop&qid=1733686216&sr=8-82
"ASUS ROG Strix Scar 18 (2024) Gaming Laptop, 18” Nebula HDR 16:10 QHD 240Hz/3ms, GeForce RTX™ 4090, Intel® Core™ i9-14900HX, 32GB DDR5-5600, 2TB PCIe SSD, Wi-Fi 6E, Windows 11 Pro, G834JYR-XS97","$3,879.00",4.1,108.0,https://www.amazon.com/ASUS-Strix-Gaming-Laptop-Nebula/dp/B0CRD85536/ref=sr_1_84?dib=eyJ2IjoiMSJ9.gkxeKSU32rJ0KDDxBRRzn5w1Q84LMzKe1uE3pHjmp7GMprvFgLXGYepWQy1c3Mz-NSwSCYdcbQnwXrUBlcB0wqOo9V_exsAilfQWEe9wHA2b92ft-nzmFjdEdVVJgvHmfc11xIZXTl-GARqkPSp6xOPTu-q42w3xH4NKba3fcCu2XQnM0IiZzmiIEoIG_J9PrrBsDsURZyItEgNvDp2X8cwZ2ZASyWkOER6oGx4fvfA.vnzWP05IA4orEABUvaHoi5Y_yx_HJCy5UYUyazE5wYY&dib_tag=se&keywords=gaming+laptop&qid=1733686216&sr=8-84
"Acer Aspire 5 15 Slim Laptop | 15.6"" FHD 1920x1080 IPS Touch | Intel Core i5-13420H | Intel UHD Graphics | 16GB LPDDR5 | 512GB Gen 4 SSD | Wi-Fi 6 | Backlit KB | Protective Sleeve| A515-58PT-50UJ",$449.99,4.2,1411.0,https://www.amazon.com/sspa/click?ie=UTF8&spc=MTo4NDQxMzAxNjIxODkyMDcwOjE3MzM2ODYyMTY6c3BfYnRmOjMwMDMzOTc1NTQxNTkwMjo6MDo6&url=%2F1920x1080-i5-13420H-Graphics-Protective-A515-58PT-50UJ%2Fdp%2FB0CV62R75W%2Fref%3Dsr_1_85_sspa%3Fdib%3DeyJ2IjoiMSJ9.gkxeKSU32rJ0KDDxBRRzn5w1Q84LMzKe1uE3pHjmp7GMprvFgLXGYepWQy1c3Mz-NSwSCYdcbQnwXrUBlcB0wqOo9V_exsAilfQWEe9wHA2b92ft-nzmFjdEdVVJgvHmfc11xIZXTl-GARqkPSp6xOPTu-q42w3xH4NKba3fcCu2XQnM0IiZzmiIEoIG_J9PrrBsDsURZyItEgNvDp2X8cwZ2ZASyWkOER6oGx4fvfA.vnzWP05IA4orEABUvaHoi5Y_yx_HJCy5UYUyazE5wYY%26dib_tag%3Dse%26keywords%3Dgaming%2Blaptop%26qid%3D1733686216%26sr%3D8-85-spons%26sp_csd%3Dd2lkZ2V0TmFtZT1zcF9idGY%26psc%3D1
16 Inch Laptop Computer | Gaming Laptop | 16GB RAM 1TB SSD | N100 Processor | FHD 1920 * 1200 | 180 Angle Open | Backlit | BT4 WIFI5 | Windows 11 Pro | Fingerprint Unlock | UHD Graphics 750 MHz,$399.99,1.0,2.0,https://www.amazon.com/sspa/click?ie=UTF8&spc=MTo4NDQxMzAxNjIxODkyMDcwOjE3MzM2ODYyMTY6c3BfYnRmOjMwMDM3MDg3MDgxMDIwMjo6MDo6&url=%2FNIAKUN-Computer-Processor-Fingerprint-Graphics%2Fdp%2FB0DLP2RSZR%2Fref%3Dsr_1_86_sspa%3Fdib%3DeyJ2IjoiMSJ9.gkxeKSU32rJ0KDDxBRRzn5w1Q84LMzKe1uE3pHjmp7GMprvFgLXGYepWQy1c3Mz-NSwSCYdcbQnwXrUBlcB0wqOo9V_exsAilfQWEe9wHA2b92ft-nzmFjdEdVVJgvHmfc11xIZXTl-GARqkPSp6xOPTu-q42w3xH4NKba3fcCu2XQnM0IiZzmiIEoIG_J9PrrBsDsURZyItEgNvDp2X8cwZ2ZASyWkOER6oGx4fvfA.vnzWP05IA4orEABUvaHoi5Y_yx_HJCy5UYUyazE5wYY%26dib_tag%3Dse%26keywords%3Dgaming%2Blaptop%26qid%3D1733686216%26sr%3D8-86-spons%26sp_csd%3Dd2lkZ2V0TmFtZT1zcF9idGY%26psc%3D1
"Zero i9 RTX 4070 Gaming Laptop, 16"" WQXGA 240Hz Dislpay, Intel Core i9-13900HX, GeForce RTX 4070, 64GB DDR5 RAM, 4TB SSD, Backlit KB, RJ-45, Wi-Fi 6, Windows 11 Home, Grey","$1,899.00",4.0,5.0,https://www.amazon.com/sspa/click?ie=UTF8&spc=MTo1MTYyMDYwNjEwODM2ODYzOjE3MzM2ODYyMjM6c3BfYXRmX25leHQ6MzAwNDYzMjI5NTM2NTAyOjowOjo&url=%2FThunderobot-Dislpay-i9-13900HX-GeForce-Backlit%2Fdp%2FB0DJ9J6Y9G%2Fref%3Dsr_1_81_sspa%3Fdib%3DeyJ2IjoiMSJ9.RYW3_eVw639uh67-dWmeDZRmbYKGg2sbH-OsuhpmRgl88bi7xVGRBfEEdlVtyBefSZw57-8XiagZv1o7ZFt42qgO-v48RPvGQLyB4jbk_fAd52GibLc0hg9cxfFZHlOaILJWE_DM3GTI_aBGpBLJwb8vwhzwCHcKgStdzi4Nzw4UVD2yjtW1V_6E4pM9XSkq95gWCK1i94-hqTpnn5EhGQq52Ur5ULsdY_hqJ2Ml-GM.foEwQ61to4rZPrN_se_uttxP68VPPHX1ZPB6DiaTUsc%26dib_tag%3Dse%26keywords%3Dgaming%2Blaptop%26qid%3D1733686223%26sr%3D8-81-spons%26sp_csd%3Dd2lkZ2V0TmFtZT1zcF9hdGZfbmV4dA%26psc%3D1
"ASUS TUF 16"" Ryzen 7 Ultimate Gaming Laptop, 16"" FHD+ 165Hz, AMD Ryzen 7 7735HS, AMD Radeon RX 7700S (Beats GeForce RTX 4060), 32GB DDR5 RAM, 2TB SSD, RGB Backlit KB, Wi-Fi 6, Windows 11 Home, Black","$1,000.00",3.3,13.0,https://www.amazon.com/ASUS-Ultimate-GeForce-Backlit-Windows/dp/B0D9J23BCV/ref=sr_1_83?dib=eyJ2IjoiMSJ9.RYW3_eVw639uh67-dWmeDZRmbYKGg2sbH-OsuhpmRgl88bi7xVGRBfEEdlVtyBefSZw57-8XiagZv1o7ZFt42qgO-v48RPvGQLyB4jbk_fAd52GibLc0hg9cxfFZHlOaILJWE_DM3GTI_aBGpBLJwb8vwhzwCHcKgStdzi4Nzw4UVD2yjtW1V_6E4pM9XSkq95gWCK1i94-hqTpnn5EhGQq52Ur5ULsdY_hqJ2Ml-GM.foEwQ61to4rZPrN_se_uttxP68VPPHX1ZPB6DiaTUsc&dib_tag=se&keywords=gaming+laptop&qid=1733686223&sr=8-83
"ASUS ROG Strix G17 (2022) Gaming Laptop, 17.3” 144Hz IPS FHD Display, NVIDIA GeForce RTX 3050 GPU, AMD Ryzen 7 6800H Processor, 16GB DDR5 RAM, 512GB SSD, RGB Keyboard, Windows 11, G713RC-RS73","$1,092.00",4.2,172.0,https://www.amazon.com/Asus-G713RC-RS73-17-3inches-Ryzen7-6800h-3-2ghz/dp/B0B2HV382D/ref=sr_1_86?dib=eyJ2IjoiMSJ9.RYW3_eVw639uh67-dWmeDZRmbYKGg2sbH-OsuhpmRgl88bi7xVGRBfEEdlVtyBefSZw57-8XiagZv1o7ZFt42qgO-v48RPvGQLyB4jbk_fAd52GibLc0hg9cxfFZHlOaILJWE_DM3GTI_aBGpBLJwb8vwhzwCHcKgStdzi4Nzw4UVD2yjtW1V_6E4pM9XSkq95gWCK1i94-hqTpnn5EhGQq52Ur5ULsdY_hqJ2Ml-GM.foEwQ61to4rZPrN_se_uttxP68VPPHX1ZPB6DiaTUsc&dib_tag=se&keywords=gaming+laptop&qid=1733686223&sr=8-86
"ASUS TUF Gaming A15 Laptop | 15.6"" FHD 144Hz 100% sRGB | AMD Zen4 8-core Ryzen 9 7940HS (>i9-12900H) | 32GB DDR5 1TB SSD | GeForce RTX 4060 8GB Graphic | RGB Backlit USB4 Win11Pro Gray + HDMI Cable","$1,299.00",5.0,2.0,https://www.amazon.com/ASUS-i9-12900H-GeForce-Graphic-Win11Pro/dp/B0D17NMZ5F/ref=sr_1_88?dib=eyJ2IjoiMSJ9.RYW3_eVw639uh67-dWmeDZRmbYKGg2sbH-OsuhpmRgl88bi7xVGRBfEEdlVtyBefSZw57-8XiagZv1o7ZFt42qgO-v48RPvGQLyB4jbk_fAd52GibLc0hg9cxfFZHlOaILJWE_DM3GTI_aBGpBLJwb8vwhzwCHcKgStdzi4Nzw4UVD2yjtW1V_6E4pM9XSkq95gWCK1i94-hqTpnn5EhGQq52Ur5ULsdY_hqJ2Ml-GM.foEwQ61to4rZPrN_se_uttxP68VPPHX1ZPB6DiaTUsc&dib_tag=se&keywords=gaming+laptop&qid=1733686223&sr=8-88
"ASUS ROG Strix G18 18"" Gaming Laptop, 2.5K 240Hz Display, Intel 24-Core i9-14900HX, NVIDIA GeForce RTX 4060, 32 GB DDR5 RAM, 1 TB SSD, Backlit Keyboard, Windows 11 Pro, with Office Lifetime License","$2,099.99",5.0,4.0,https://www.amazon.com/ASUS-ROG-Strix-G18-i9-14900HX/dp/B0DFP9GXS4/ref=sr_1_89?dib=eyJ2IjoiMSJ9.RYW3_eVw639uh67-dWmeDZRmbYKGg2sbH-OsuhpmRgl88bi7xVGRBfEEdlVtyBefSZw57-8XiagZv1o7ZFt42qgO-v48RPvGQLyB4jbk_fAd52GibLc0hg9cxfFZHlOaILJWE_DM3GTI_aBGpBLJwb8vwhzwCHcKgStdzi4Nzw4UVD2yjtW1V_6E4pM9XSkq95gWCK1i94-hqTpnn5EhGQq52Ur5ULsdY_hqJ2Ml-GM.foEwQ61to4rZPrN_se_uttxP68VPPHX1ZPB6DiaTUsc&dib_tag=se&keywords=gaming+laptop&qid=1733686223&sr=8-89
"MSI 2023 Newest Katana 15 Gaming Laptop, 15.6"" 144 Hz IPS Display, Intel Core i7 12650H (Up to 4.7 GHz), GeForce RTX 4070, 64GB RAM, 2TB SSD, Wi-Fi 6, 4-Zone RGB Gaming Keyboard, Windows 11 Home","$1,409.19",4.9,19.0,https://www.amazon.com/MSI-Katana-15-Display-Keyboard/dp/B0CFL5P9DP/ref=sr_1_90?dib=eyJ2IjoiMSJ9.RYW3_eVw639uh67-dWmeDZRmbYKGg2sbH-OsuhpmRgl88bi7xVGRBfEEdlVtyBefSZw57-8XiagZv1o7ZFt42qgO-v48RPvGQLyB4jbk_fAd52GibLc0hg9cxfFZHlOaILJWE_DM3GTI_aBGpBLJwb8vwhzwCHcKgStdzi4Nzw4UVD2yjtW1V_6E4pM9XSkq95gWCK1i94-hqTpnn5EhGQq52Ur5ULsdY_hqJ2Ml-GM.foEwQ61to4rZPrN_se_uttxP68VPPHX1ZPB6DiaTUsc&dib_tag=se&keywords=gaming+laptop&qid=1733686223&sr=8-90
"HP Victus 15.6"" 144Hz FHD IPS Premium Gaming Laptop, RTX 4050 Graphics, 13th Intel 8-Core i5-13420H Up to 4.6 GHz, Backlit KB, Bluetooth 5.3, W/512GB PSD, Windows 11 Home(16GB |1TB SSD)",$771.99,4.2,40.0,https://www.amazon.com/sspa/click?ie=UTF8&spc=MTo1MTYyMDYwNjEwODM2ODYzOjE3MzM2ODYyMjM6c3BfbXRmOjMwMDU2Nzc2NjE4MDgwMjo6MDo6&url=%2FHP-Victus-Graphics-i5-13420H-Bluetooth%2Fdp%2FB0DNMJW88L%2Fref%3Dsr_1_91_sspa%3Fdib%3DeyJ2IjoiMSJ9.RYW3_eVw639uh67-dWmeDZRmbYKGg2sbH-OsuhpmRgl88bi7xVGRBfEEdlVtyBefSZw57-8XiagZv1o7ZFt42qgO-v48RPvGQLyB4jbk_fAd52GibLc0hg9cxfFZHlOaILJWE_DM3GTI_aBGpBLJwb8vwhzwCHcKgStdzi4Nzw4UVD2yjtW1V_6E4pM9XSkq95gWCK1i94-hqTpnn5EhGQq52Ur5ULsdY_hqJ2Ml-GM.foEwQ61to4rZPrN_se_uttxP68VPPHX1ZPB6DiaTUsc%26dib_tag%3Dse%26keywords%3Dgaming%2Blaptop%26qid%3D1733686223%26sr%3D8-91-spons%26sp_csd%3Dd2lkZ2V0TmFtZT1zcF9tdGY%26psc%3D1
"HP Victus 15 i5 Gaming Laptop | 15.6"" FHD 144Hz | Intel Core i5-12450H | NVIDIA GeForce RTX 3050 | 64GB RAM 4TB SSD | Backlit KB | HDMI | Wi-Fi 6 | Windows 11 Home | ADATA 512GB External SSD Bundle",$930.99,5.0,3.0,https://www.amazon.com/HP-i5-12450H-GeForce-Backlit-External/dp/B0DDV135H5/ref=sr_1_94?dib=eyJ2IjoiMSJ9.RYW3_eVw639uh67-dWmeDZRmbYKGg2sbH-OsuhpmRgl88bi7xVGRBfEEdlVtyBefSZw57-8XiagZv1o7ZFt42qgO-v48RPvGQLyB4jbk_fAd52GibLc0hg9cxfFZHlOaILJWE_DM3GTI_aBGpBLJwb8vwhzwCHcKgStdzi4Nzw4UVD2yjtW1V_6E4pM9XSkq95gWCK1i94-hqTpnn5EhGQq52Ur5ULsdY_hqJ2Ml-GM.foEwQ61to4rZPrN_se_uttxP68VPPHX1ZPB6DiaTUsc&dib_tag=se&keywords=gaming+laptop&qid=1733686223&sr=8-94
"ASUS ROG Strix G15 Gaming Laptop, 15.6â€ 300Hz 3ms IPS Type FHD Display, NVIDIA GeForce RTX 3050 Ti, AMD Ryzen 7 4800H, 16GB DDR4, 512GB PCIe SSD, RGB Keyboard, Windows 11, G513IE-PH74",$899.00,4.4,328.0,https://www.amazon.com/ASUS-15-6%C3%A2%E2%82%AC%C2%9D-Display-Keyboard-G513IE-PH74/dp/B0B311HRKL/ref=sr_1_95?dib=eyJ2IjoiMSJ9.RYW3_eVw639uh67-dWmeDZRmbYKGg2sbH-OsuhpmRgl88bi7xVGRBfEEdlVtyBefSZw57-8XiagZv1o7ZFt42qgO-v48RPvGQLyB4jbk_fAd52GibLc0hg9cxfFZHlOaILJWE_DM3GTI_aBGpBLJwb8vwhzwCHcKgStdzi4Nzw4UVD2yjtW1V_6E4pM9XSkq95gWCK1i94-hqTpnn5EhGQq52Ur5ULsdY_hqJ2Ml-GM.foEwQ61to4rZPrN_se_uttxP68VPPHX1ZPB6DiaTUsc&dib_tag=se&keywords=gaming+laptop&qid=1733686223&sr=8-95
"ASUS TUF Gaming A16 Laptop 16"" FHD+ 165Hz 7ms 100% sRGB AMD Octa-core Ryzen 7 7735HS 16GB RAM 512GB SSD Radeon RX 7700S 8GB Graphic (>RTX4060) Backlit USB-C USB4 Fast Charging Win11 + HDMI Cable",$817.89,3.8,8.0,https://www.amazon.com/ASUS-TUF-Gaming-A16-Octa-core/dp/B0D4D9YJKW/ref=sr_1_96?dib=eyJ2IjoiMSJ9.RYW3_eVw639uh67-dWmeDZRmbYKGg2sbH-OsuhpmRgl88bi7xVGRBfEEdlVtyBefSZw57-8XiagZv1o7ZFt42qgO-v48RPvGQLyB4jbk_fAd52GibLc0hg9cxfFZHlOaILJWE_DM3GTI_aBGpBLJwb8vwhzwCHcKgStdzi4Nzw4UVD2yjtW1V_6E4pM9XSkq95gWCK1i94-hqTpnn5EhGQq52Ur5ULsdY_hqJ2Ml-GM.foEwQ61to4rZPrN_se_uttxP68VPPHX1ZPB6DiaTUsc&dib_tag=se&keywords=gaming+laptop&qid=1733686223&sr=8-96
"Lenovo IdeaPad 1 15AMN7 15.6"" Laptop AMD Ryzen 3 7320U 8GB RAM 256GB SSD PCIe NVMe Wi-Fi 6 Fingerprint Reader Abyss Blue Windows 11 Home in S Mode (Renewed)",$209.99,4.3,70.0,https://www.amazon.com/Lenovo-IdeaPad-Fingerprint-Windows-Renewed/dp/B0CLT3S7WB/ref=sr_1_97?dib=eyJ2IjoiMSJ9.RYW3_eVw639uh67-dWmeDZRmbYKGg2sbH-OsuhpmRgl88bi7xVGRBfEEdlVtyBefSZw57-8XiagZv1o7ZFt42qgO-v48RPvGQLyB4jbk_fAd52GibLc0hg9cxfFZHlOaILJWE_DM3GTI_aBGpBLJwb8vwhzwCHcKgStdzi4Nzw4UVD2yjtW1V_6E4pM9XSkq95gWCK1i94-hqTpnn5EhGQq52Ur5ULsdY_hqJ2Ml-GM.foEwQ61to4rZPrN_se_uttxP68VPPHX1ZPB6DiaTUsc&dib_tag=se&keywords=gaming+laptop&qid=1733686223&sr=8-97
"ASUS TUF Gaming F15 (2023) Gaming Laptop, 15.6” FHD 144Hz, 100% sRGB Display, GeForce RTX 4050, Intel Core i5-13500H, 16GB DDR4, 512GB PCIe SSD Gen 4, Wi-Fi 6, Windows 11, FX507VU-ES53",$950.00,4.6,57.0,https://www.amazon.com/ASUS-Display-GeForce-i5-13500H-FX507VU-ES53/dp/B0C4Q977TD/ref=sr_1_98?dib=eyJ2IjoiMSJ9.RYW3_eVw639uh67-dWmeDZRmbYKGg2sbH-OsuhpmRgl88bi7xVGRBfEEdlVtyBefSZw57-8XiagZv1o7ZFt42qgO-v48RPvGQLyB4jbk_fAd52GibLc0hg9cxfFZHlOaILJWE_DM3GTI_aBGpBLJwb8vwhzwCHcKgStdzi4Nzw4UVD2yjtW1V_6E4pM9XSkq95gWCK1i94-hqTpnn5EhGQq52Ur5ULsdY_hqJ2Ml-GM.foEwQ61to4rZPrN_se_uttxP68VPPHX1ZPB6DiaTUsc&dib_tag=se&keywords=gaming+laptop&qid=1733686223&sr=8-98
"Lenovo 2024 Gen 9 Portable Legion Slim 5 Gaming Laptop, 16” WUXGA (2560x1600) Screen, AI-Powered AMD Ryzen 7-8845HS, NVIDIA GeForce RTX 4060(TGP 140W), with HDMI Cable (32GB RAM, 1TB PCIe SSD)","$1,195.00",3.0,2.0,https://www.amazon.com/Lenovo-Portable-2560x1600-AI-Powered-7-8845HS/dp/B0DJVSLRB8/ref=sr_1_99?dib=eyJ2IjoiMSJ9.RYW3_eVw639uh67-dWmeDZRmbYKGg2sbH-OsuhpmRgl88bi7xVGRBfEEdlVtyBefSZw57-8XiagZv1o7ZFt42qgO-v48RPvGQLyB4jbk_fAd52GibLc0hg9cxfFZHlOaILJWE_DM3GTI_aBGpBLJwb8vwhzwCHcKgStdzi4Nzw4UVD2yjtW1V_6E4pM9XSkq95gWCK1i94-hqTpnn5EhGQq52Ur5ULsdY_hqJ2Ml-GM.foEwQ61to4rZPrN_se_uttxP68VPPHX1ZPB6DiaTUsc&dib_tag=se&keywords=gaming+laptop&qid=1733686223&sr=8-99
"NIMO 17.3 FHD IPS Business Laptop, 6 cores 12th Intel i3-1215U(up to 3.4 GHz), 32GB RAM, 1TB SSD, 65W Type C, Backlit Keyboard, Fingerprint, 2 Years Warranty, WiFi 6, Win 11",$599.00,3.9,13.0,https://www.amazon.com/NIMO-Business-i3-1215U-Keyboard-Fingerprint/dp/B0DHCXJDXP/ref=sr_1_100?dib=eyJ2IjoiMSJ9.RYW3_eVw639uh67-dWmeDZRmbYKGg2sbH-OsuhpmRgl88bi7xVGRBfEEdlVtyBefSZw57-8XiagZv1o7ZFt42qgO-v48RPvGQLyB4jbk_fAd52GibLc0hg9cxfFZHlOaILJWE_DM3GTI_aBGpBLJwb8vwhzwCHcKgStdzi4Nzw4UVD2yjtW1V_6E4pM9XSkq95gWCK1i94-hqTpnn5EhGQq52Ur5ULsdY_hqJ2Ml-GM.foEwQ61to4rZPrN_se_uttxP68VPPHX1ZPB6DiaTUsc&dib_tag=se&keywords=gaming+laptop&qid=1733686223&sr=8-100
"16 Inch Laptop Computer, Gaming Laptop, 16GB RAM 1TB SSD, N95 Processor, FHD 1920 * 1200, 180 Angle Open, Backlit Keyboard, Windows 11 Pro, Fingerprint Unlock, WiFi 5, BT 4.2",$399.99,4.0,24.0,https://www.amazon.com/sspa/click?ie=UTF8&spc=MTo1MTYyMDYwNjEwODM2ODYzOjE3MzM2ODYyMjM6c3BfYnRmOjMwMDUxOTc3NDk5MjQwMjo6MDo6&url=%2FNIAKUN-Computer-Processor-Keyboard-Fingerprint%2Fdp%2FB0D5D5HW18%2Fref%3Dsr_1_101_sspa%3Fdib%3DeyJ2IjoiMSJ9.RYW3_eVw639uh67-dWmeDZRmbYKGg2sbH-OsuhpmRgl88bi7xVGRBfEEdlVtyBefSZw57-8XiagZv1o7ZFt42qgO-v48RPvGQLyB4jbk_fAd52GibLc0hg9cxfFZHlOaILJWE_DM3GTI_aBGpBLJwb8vwhzwCHcKgStdzi4Nzw4UVD2yjtW1V_6E4pM9XSkq95gWCK1i94-hqTpnn5EhGQq52Ur5ULsdY_hqJ2Ml-GM.foEwQ61to4rZPrN_se_uttxP68VPPHX1ZPB6DiaTUsc%26dib_tag%3Dse%26keywords%3Dgaming%2Blaptop%26qid%3D1733686223%26sr%3D8-101-spons%26sp_csd%3Dd2lkZ2V0TmFtZT1zcF9idGY%26psc%3D1
"Belkin Connect USB-C 6-in-1 Core GaN Dock 130W, Multiport Docking Station w/ 96W PD to Peripherals, USB-C, USB-A, Gigabit Ethernet, & HDMI 4K Ports for Gaming, MacBook Pro, PC Laptops, & Chromebook",$139.95,3.9,32.0,https://www.amazon.com/sspa/click?ie=UTF8&spc=MTo1MTYyMDYwNjEwODM2ODYzOjE3MzM2ODYyMjM6c3BfYnRmOjMwMDUyOTIwOTc4ODEwMjo6MDo6&url=%2FBelkin-Multiport-Peripherals-Ethernet-Chromebook%2Fdp%2FB0CRJS1NV1%2Fref%3Dsr_1_102_sspa%3Fdib%3DeyJ2IjoiMSJ9.RYW3_eVw639uh67-dWmeDZRmbYKGg2sbH-OsuhpmRgl88bi7xVGRBfEEdlVtyBefSZw57-8XiagZv1o7ZFt42qgO-v48RPvGQLyB4jbk_fAd52GibLc0hg9cxfFZHlOaILJWE_DM3GTI_aBGpBLJwb8vwhzwCHcKgStdzi4Nzw4UVD2yjtW1V_6E4pM9XSkq95gWCK1i94-hqTpnn5EhGQq52Ur5ULsdY_hqJ2Ml-GM.foEwQ61to4rZPrN_se_uttxP68VPPHX1ZPB6DiaTUsc%26dib_tag%3Dse%26keywords%3Dgaming%2Blaptop%26qid%3D1733686223%26sr%3D8-102-spons%26sp_csd%3Dd2lkZ2V0TmFtZT1zcF9idGY%26psc%3D1
"Lenovo Newest V15 Gen 4 15.6"" FHD Business Laptop, Intel Core i5-13420H, Intel UHD Graphics, 16GB RAM, 512GB SSD, HDMI, RJ45, Webcam, Numeric Keypad, Wi-Fi, Windows 11 Pro, Black",$509.00,4.0,1.0,https://www.amazon.com/sspa/click?ie=UTF8&spc=MTo4ODAwMjk0MTk4NjA5Mjg1OjE3MzM2ODYyMzc6c3BfYXRmX25leHQ6MzAwMzY5OTg5NTc5MDAyOjowOjo&url=%2FLenovo-Business-i5-13420H-Graphics-Numeric%2Fdp%2FB0DCWYHNSG%2Fref%3Dsr_1_97_sspa%3Fdib%3DeyJ2IjoiMSJ9.1gn9PEcs8KPrx9oZcchOX9vCptOgSfsVhc6kvVYozbZOycvM6peuz7Ja3frb3MB48johw3duhT283-quYU2-31q5WzJrTuXKRlgK8Ck01PX6cKlfqdDzFA4EahXCSNqbatB3GgI98gKT3YUrHqyvC9pJUb9uFgzcwWsHP5riC5m2OFxQR-gX3nesicKjMITvOjHG9rALweUHlP-vEXDYDMyhg8-7-9mlj8xFh5DUWls.ACJenmXlV8iVwPv6hpUo-dZf_6OsFdDu1A0c0fqMpnk%26dib_tag%3Dse%26keywords%3Dgaming%2Blaptop%26qid%3D1733686237%26sr%3D8-97-spons%26sp_csd%3Dd2lkZ2V0TmFtZT1zcF9hdGZfbmV4dA%26psc%3D1
"Portable Monitor,15.6"" FHD 1080P Travel Monitor for Laptop,USB C HDMI Gaming Ultra-Slim IPS Display,Laptop Monitor with Smart Cover & Dual Speaker,External Portable Monitor for laptop / Phone/Mac/PS4",$109.99,5.0,2.0,https://www.amazon.com/sspa/click?ie=UTF8&spc=MTo4ODAwMjk0MTk4NjA5Mjg1OjE3MzM2ODYyMzc6c3BfYXRmX25leHQ6MzAwNTYxMjI2NjM2ODAyOjowOjo&url=%2FPortable-Monitor-Ultra-Slim-Display-External%2Fdp%2FB0DJR2J6VH%2Fref%3Dsr_1_98_sspa%3Fdib%3DeyJ2IjoiMSJ9.1gn9PEcs8KPrx9oZcchOX9vCptOgSfsVhc6kvVYozbZOycvM6peuz7Ja3frb3MB48johw3duhT283-quYU2-31q5WzJrTuXKRlgK8Ck01PX6cKlfqdDzFA4EahXCSNqbatB3GgI98gKT3YUrHqyvC9pJUb9uFgzcwWsHP5riC5m2OFxQR-gX3nesicKjMITvOjHG9rALweUHlP-vEXDYDMyhg8-7-9mlj8xFh5DUWls.ACJenmXlV8iVwPv6hpUo-dZf_6OsFdDu1A0c0fqMpnk%26dib_tag%3Dse%26keywords%3Dgaming%2Blaptop%26qid%3D1733686237%26sr%3D8-98-spons%26sp_csd%3Dd2lkZ2V0TmFtZT1zcF9hdGZfbmV4dA%26psc%3D1
"ASUS TUF 16"" Ryzen 7 Premium Gaming Laptop, 16"" FHD+ 165Hz, AMD Ryzen 7 7735HS (Beats Intel i7-13700H), AMD Radeon RX 7700S (Beats GeForce RTX 4060), 32GB DDR5 RAM, 1TB SSD, RGB Backlit KB, W11 Pro","$1,015.00",3.6,17.0,https://www.amazon.com/ASUS-Premium-i7-13700H-GeForce-Backlit/dp/B0D5NLCL34/ref=sr_1_99?dib=eyJ2IjoiMSJ9.1gn9PEcs8KPrx9oZcchOX9vCptOgSfsVhc6kvVYozbZOycvM6peuz7Ja3frb3MB48johw3duhT283-quYU2-31q5WzJrTuXKRlgK8Ck01PX6cKlfqdDzFA4EahXCSNqbatB3GgI98gKT3YUrHqyvC9pJUb9uFgzcwWsHP5riC5m2OFxQR-gX3nesicKjMITvOjHG9rALweUHlP-vEXDYDMyhg8-7-9mlj8xFh5DUWls.ACJenmXlV8iVwPv6hpUo-dZf_6OsFdDu1A0c0fqMpnk&dib_tag=se&keywords=gaming+laptop&qid=1733686237&sr=8-99
"HP Victus Ryzen 5 Gaming Laptop, 15.6 FHD 144Hz, Ryzen 5 7535HS (Beats Intel i5-13420H), AMD Radeon RX 6550M (Beats NVIDIA GeForce RTX 3050), 32GB RAM, 1TB SSD, W11H, with 512GB External SSD Bundle",$620.00,3.2,5.0,https://www.amazon.com/HP-Victus-i5-13420H-GeForce-External/dp/B0DDTYJ8DZ/ref=sr_1_100?dib=eyJ2IjoiMSJ9.1gn9PEcs8KPrx9oZcchOX9vCptOgSfsVhc6kvVYozbZOycvM6peuz7Ja3frb3MB48johw3duhT283-quYU2-31q5WzJrTuXKRlgK8Ck01PX6cKlfqdDzFA4EahXCSNqbatB3GgI98gKT3YUrHqyvC9pJUb9uFgzcwWsHP5riC5m2OFxQR-gX3nesicKjMITvOjHG9rALweUHlP-vEXDYDMyhg8-7-9mlj8xFh5DUWls.ACJenmXlV8iVwPv6hpUo-dZf_6OsFdDu1A0c0fqMpnk&dib_tag=se&keywords=gaming+laptop&qid=1733686237&sr=8-100
"HP Newest 255 G10 Laptop for Home or Work, 16GB RAM, 1TB SSD, 15.6"" Full HD, Ryzen 3 7330U (Beat Intel i5-1135G7), Ethernet Port, HDMI, USB-C, Windows 11 Pro, Business and Fun Ready (2024)",$499.99,4.2,144.0,https://www.amazon.com/HP-255-i5-1135G7-Ethernet-Business/dp/B0DCSYTVDD/ref=sr_1_101?dib=eyJ2IjoiMSJ9.1gn9PEcs8KPrx9oZcchOX9vCptOgSfsVhc6kvVYozbZOycvM6peuz7Ja3frb3MB48johw3duhT283-quYU2-31q5WzJrTuXKRlgK8Ck01PX6cKlfqdDzFA4EahXCSNqbatB3GgI98gKT3YUrHqyvC9pJUb9uFgzcwWsHP5riC5m2OFxQR-gX3nesicKjMITvOjHG9rALweUHlP-vEXDYDMyhg8-7-9mlj8xFh5DUWls.ACJenmXlV8iVwPv6hpUo-dZf_6OsFdDu1A0c0fqMpnk&dib_tag=se&keywords=gaming+laptop&qid=1733686237&sr=8-101
"ACEMAGIC Laptop Computer, 16GB DDR4 512GB SSD, 15.6 Inch Windows 11 Laptop with Quad-Core N95(Up to 3.4GHz), Metal Shell, BT5.0, 5G WiFi, USB3.2, Type_C, Webcam, 38Wh Battery","$1,199.99",3.6,12.0,https://www.amazon.com/ACEMAGIC-Computer-Windows-Quad-Core-Battery/dp/B0DJLL26QB/ref=sr_1_102?dib=eyJ2IjoiMSJ9.1gn9PEcs8KPrx9oZcchOX9vCptOgSfsVhc6kvVYozbZOycvM6peuz7Ja3frb3MB48johw3duhT283-quYU2-31q5WzJrTuXKRlgK8Ck01PX6cKlfqdDzFA4EahXCSNqbatB3GgI98gKT3YUrHqyvC9pJUb9uFgzcwWsHP5riC5m2OFxQR-gX3nesicKjMITvOjHG9rALweUHlP-vEXDYDMyhg8-7-9mlj8xFh5DUWls.ACJenmXlV8iVwPv6hpUo-dZf_6OsFdDu1A0c0fqMpnk&dib_tag=se&keywords=gaming+laptop&qid=1733686237&sr=8-102
"Lenovo 2024 Gen 9 Portable Legion Slim 5 Gaming Laptop, 16” WUXGA (2560x1600) Screen, AI-Powered AMD Ryzen 7-8845HS, NVIDIA GeForce RTX 4060(TGP 140W), with HDMI Cable (32GB RAM, 1TB PCIe SSD)","$1,195.00",3.0,2.0,https://www.amazon.com/Lenovo-Portable-2560x1600-AI-Powered-7-8845HS/dp/B0DJVSLRB8/ref=sr_1_103?dib=eyJ2IjoiMSJ9.1gn9PEcs8KPrx9oZcchOX9vCptOgSfsVhc6kvVYozbZOycvM6peuz7Ja3frb3MB48johw3duhT283-quYU2-31q5WzJrTuXKRlgK8Ck01PX6cKlfqdDzFA4EahXCSNqbatB3GgI98gKT3YUrHqyvC9pJUb9uFgzcwWsHP5riC5m2OFxQR-gX3nesicKjMITvOjHG9rALweUHlP-vEXDYDMyhg8-7-9mlj8xFh5DUWls.ACJenmXlV8iVwPv6hpUo-dZf_6OsFdDu1A0c0fqMpnk&dib_tag=se&keywords=gaming+laptop&qid=1733686237&sr=8-103
"Lenovo IdeaPad 3 15.6 Ryzen 5 RTX 2050 Gaming Laptop,15.6"" FHD, AMD Ryzen 5 5500H, GeForce RTX 2050, 16GB DDR4 RAM, 1TB SSD, Wi-Fi, Backlit Keyboard, Win 11 Pro, with ADATA 512 External SSD Bundle",$699.00,5.0,1.0,https://www.amazon.com/Lenovo-IdeaPad-GeForce-Keyboard-External/dp/B0D9CC19V3/ref=sr_1_104?dib=eyJ2IjoiMSJ9.1gn9PEcs8KPrx9oZcchOX9vCptOgSfsVhc6kvVYozbZOycvM6peuz7Ja3frb3MB48johw3duhT283-quYU2-31q5WzJrTuXKRlgK8Ck01PX6cKlfqdDzFA4EahXCSNqbatB3GgI98gKT3YUrHqyvC9pJUb9uFgzcwWsHP5riC5m2OFxQR-gX3nesicKjMITvOjHG9rALweUHlP-vEXDYDMyhg8-7-9mlj8xFh5DUWls.ACJenmXlV8iVwPv6hpUo-dZf_6OsFdDu1A0c0fqMpnk&dib_tag=se&keywords=gaming+laptop&qid=1733686237&sr=8-104
"ASUS TUF A16 Gaming Laptop Ryzen 7 7735 HS(Up to 4.75 GHz), Radeon RX7700S, 16"" FHD 165 Hz Display, 32 GB DDR5 RAM, 1 TB SSD, RGB Backlit KB, Windows 11 Pro","$1,139.99",4.6,1355.0,https://www.amazon.com/ASUS-RX7700S-Display-Backlit-Windows/dp/B0DN6BQTJP/ref=sr_1_105?dib=eyJ2IjoiMSJ9.1gn9PEcs8KPrx9oZcchOX9vCptOgSfsVhc6kvVYozbZOycvM6peuz7Ja3frb3MB48johw3duhT283-quYU2-31q5WzJrTuXKRlgK8Ck01PX6cKlfqdDzFA4EahXCSNqbatB3GgI98gKT3YUrHqyvC9pJUb9uFgzcwWsHP5riC5m2OFxQR-gX3nesicKjMITvOjHG9rALweUHlP-vEXDYDMyhg8-7-9mlj8xFh5DUWls.ACJenmXlV8iVwPv6hpUo-dZf_6OsFdDu1A0c0fqMpnk&dib_tag=se&keywords=gaming+laptop&qid=1733686237&sr=8-105
"ASUS TUF Gaming A16 (2024) Gaming Laptop, 16” FHD+ 16:10 165Hz Display, AMD Ryzen™ 9 7940HX, NVIDIA® GeForce RTX™ 4060, 16GB DDR5, 512GB PCIe Gen4 SSD, Wi-Fi 6, Windows 11, FA607PV-AS93","$1,280.91",4.7,37.0,https://www.amazon.com/ASUS-TUF-Gaming-A16-Laptop/dp/B0CRLDDCFV/ref=sr_1_106?dib=eyJ2IjoiMSJ9.1gn9PEcs8KPrx9oZcchOX9vCptOgSfsVhc6kvVYozbZOycvM6peuz7Ja3frb3MB48johw3duhT283-quYU2-31q5WzJrTuXKRlgK8Ck01PX6cKlfqdDzFA4EahXCSNqbatB3GgI98gKT3YUrHqyvC9pJUb9uFgzcwWsHP5riC5m2OFxQR-gX3nesicKjMITvOjHG9rALweUHlP-vEXDYDMyhg8-7-9mlj8xFh5DUWls.ACJenmXlV8iVwPv6hpUo-dZf_6OsFdDu1A0c0fqMpnk&dib_tag=se&keywords=gaming+laptop&qid=1733686237&sr=8-106
"300W Laptop Charger for Lenovo Legion 7 7i 5i 5Pro Laptop,AC Adapter Compatibility Lenovo Legion R7000P R9000P R9000K Y9000K Y9000X Gaming Laptop 300 Watt Slim Tip Power Supply Cord ADL300SLC3A",$62.99,5.0,10.0,https://www.amazon.com/sspa/click?ie=UTF8&spc=MTo4ODAwMjk0MTk4NjA5Mjg1OjE3MzM2ODYyMzc6c3BfbXRmOjMwMDU3ODA1ODgyNDAwMjo6MDo6&url=%2FLaptop-Charger-Adapter-Compatibility-ADL300SLC3A%2Fdp%2FB0DKJ63JD2%2Fref%3Dsr_1_107_sspa%3Fdib%3DeyJ2IjoiMSJ9.1gn9PEcs8KPrx9oZcchOX9vCptOgSfsVhc6kvVYozbZOycvM6peuz7Ja3frb3MB48johw3duhT283-quYU2-31q5WzJrTuXKRlgK8Ck01PX6cKlfqdDzFA4EahXCSNqbatB3GgI98gKT3YUrHqyvC9pJUb9uFgzcwWsHP5riC5m2OFxQR-gX3nesicKjMITvOjHG9rALweUHlP-vEXDYDMyhg8-7-9mlj8xFh5DUWls.ACJenmXlV8iVwPv6hpUo-dZf_6OsFdDu1A0c0fqMpnk%26dib_tag%3Dse%26keywords%3Dgaming%2Blaptop%26qid%3D1733686237%26sr%3D8-107-spons%26sp_csd%3Dd2lkZ2V0TmFtZT1zcF9tdGY%26psc%3D1
Lenovo LOQ 15 Gaming Laptop RTX 4070 - AMD Ryzen 7 7435HS Beat i7-12650H- 15.6 FHD Display G-SYNC - 64GB DDR5 RAM -4TB PCIe SSD- Backlit Keyboard - USB Type-C - Windows 11 - Computadora Gamer - 2024,"$1,443.00",4.8,5.0,https://www.amazon.com/Lenovo-LOQ-15-Gaming-Laptop/dp/B0DHZJQR1N/ref=sr_1_110?dib=eyJ2IjoiMSJ9.1gn9PEcs8KPrx9oZcchOX9vCptOgSfsVhc6kvVYozbZOycvM6peuz7Ja3frb3MB48johw3duhT283-quYU2-31q5WzJrTuXKRlgK8Ck01PX6cKlfqdDzFA4EahXCSNqbatB3GgI98gKT3YUrHqyvC9pJUb9uFgzcwWsHP5riC5m2OFxQR-gX3nesicKjMITvOjHG9rALweUHlP-vEXDYDMyhg8-7-9mlj8xFh5DUWls.ACJenmXlV8iVwPv6hpUo-dZf_6OsFdDu1A0c0fqMpnk&dib_tag=se&keywords=gaming+laptop&qid=1733686237&sr=8-110
"ACEMAGIC Gaming Laptop AMD Ryzen 7 5825U Laptop 16GB DDR4 (2 * 8GB, Dual Channel) 512GB M.2 2280 NVMe SSD Windows Laptop 16.1-inch IPS WIFI6 HDMI Type-C","$1,599.99",4.1,11.0,https://www.amazon.com/ACEMAGIC-Gaming-Channel-Windows-16-1-inch/dp/B0DJT5KFGY/ref=sr_1_111?dib=eyJ2IjoiMSJ9.1gn9PEcs8KPrx9oZcchOX9vCptOgSfsVhc6kvVYozbZOycvM6peuz7Ja3frb3MB48johw3duhT283-quYU2-31q5WzJrTuXKRlgK8Ck01PX6cKlfqdDzFA4EahXCSNqbatB3GgI98gKT3YUrHqyvC9pJUb9uFgzcwWsHP5riC5m2OFxQR-gX3nesicKjMITvOjHG9rALweUHlP-vEXDYDMyhg8-7-9mlj8xFh5DUWls.ACJenmXlV8iVwPv6hpUo-dZf_6OsFdDu1A0c0fqMpnk&dib_tag=se&keywords=gaming+laptop&qid=1733686237&sr=8-111
"Acer Nitro V Gaming Laptop | Intel Core i9-13900H Processor | NVIDIA GeForce RTX 4060 Laptop GPU | 15.6"" FHD IPS 144Hz Display | 32GB DDR5 | 1TB Gen 4 SSD | WiFi 6 | Backlit KB | ANV15-51-92XK","$1,349.99",3.6,12.0,https://www.amazon.com/i9-13900H-Processor-GeForce-Display-ANV15-51-92XK/dp/B0D8JZDJBG/ref=sr_1_112?dib=eyJ2IjoiMSJ9.1gn9PEcs8KPrx9oZcchOX9vCptOgSfsVhc6kvVYozbZOycvM6peuz7Ja3frb3MB48johw3duhT283-quYU2-31q5WzJrTuXKRlgK8Ck01PX6cKlfqdDzFA4EahXCSNqbatB3GgI98gKT3YUrHqyvC9pJUb9uFgzcwWsHP5riC5m2OFxQR-gX3nesicKjMITvOjHG9rALweUHlP-vEXDYDMyhg8-7-9mlj8xFh5DUWls.ACJenmXlV8iVwPv6hpUo-dZf_6OsFdDu1A0c0fqMpnk&dib_tag=se&keywords=gaming+laptop&qid=1733686237&sr=8-112
"ASUS TUF Gaming A15 (2023) Gaming Laptop, 15.6” FHD 144Hz, 100% sRGB Display, GeForce RTX 4050, AMD Ryzen 7 7735HS, 16GB DDR5, 1TB PCIe SSD, Wi-Fi 6E, Windows 11, FA507NU-DS74,Mecha Gray","$1,049.99",4.5,82.0,https://www.amazon.com/ASUS-Display-GeForce-Windows-FA507NU-DS74/dp/B0BWHDWFHR/ref=sr_1_113?dib=eyJ2IjoiMSJ9.1gn9PEcs8KPrx9oZcchOX9vCptOgSfsVhc6kvVYozbZOycvM6peuz7Ja3frb3MB48johw3duhT283-quYU2-31q5WzJrTuXKRlgK8Ck01PX6cKlfqdDzFA4EahXCSNqbatB3GgI98gKT3YUrHqyvC9pJUb9uFgzcwWsHP5riC5m2OFxQR-gX3nesicKjMITvOjHG9rALweUHlP-vEXDYDMyhg8-7-9mlj8xFh5DUWls.ACJenmXlV8iVwPv6hpUo-dZf_6OsFdDu1A0c0fqMpnk&dib_tag=se&keywords=gaming+laptop&qid=1733686237&sr=8-113
"HP Omen 16 Gaming Laptop | 16.1"" FHD 165Hz sRGB 100% G-SYNC | Intel 24-core i9-13900HX | 32GB DDR5 1TB SSD | GeForce RTX 4060 | Backlit FHD Camera Thunderbolt Win11Pro w/DLCA Accessory","$1,389.00",4.6,3.0,https://www.amazon.com/HP-i9-13900HX-Thunderbolt-Win11Pro-Accessory/dp/B0DJ8CH84J/ref=sr_1_114?dib=eyJ2IjoiMSJ9.1gn9PEcs8KPrx9oZcchOX9vCptOgSfsVhc6kvVYozbZOycvM6peuz7Ja3frb3MB48johw3duhT283-quYU2-31q5WzJrTuXKRlgK8Ck01PX6cKlfqdDzFA4EahXCSNqbatB3GgI98gKT3YUrHqyvC9pJUb9uFgzcwWsHP5riC5m2OFxQR-gX3nesicKjMITvOjHG9rALweUHlP-vEXDYDMyhg8-7-9mlj8xFh5DUWls.ACJenmXlV8iVwPv6hpUo-dZf_6OsFdDu1A0c0fqMpnk&dib_tag=se&keywords=gaming+laptop&qid=1733686237&sr=8-114
"Lenovo Newest Legion 16"" QHD+ i9 RTX 4070 Gaming Laptop, 16"" QHD+ (2560 x 1600) 165 Hz, Intel i9-14900HX, NVIDIA GeForce RTX 4070 (Boost Clock 2175MHz, TGP 140W), 64GB RAM, 4TB SSD, Windows 11 Home","$1,929.00",4.7,9.0,https://www.amazon.com/Lenovo-Legion-i9-14900HX-GeForce-2175MHz/dp/B0D485WR4L/ref=sr_1_115?dib=eyJ2IjoiMSJ9.1gn9PEcs8KPrx9oZcchOX9vCptOgSfsVhc6kvVYozbZOycvM6peuz7Ja3frb3MB48johw3duhT283-quYU2-31q5WzJrTuXKRlgK8Ck01PX6cKlfqdDzFA4EahXCSNqbatB3GgI98gKT3YUrHqyvC9pJUb9uFgzcwWsHP5riC5m2OFxQR-gX3nesicKjMITvOjHG9rALweUHlP-vEXDYDMyhg8-7-9mlj8xFh5DUWls.ACJenmXlV8iVwPv6hpUo-dZf_6OsFdDu1A0c0fqMpnk&dib_tag=se&keywords=gaming+laptop&qid=1733686237&sr=8-115
"Acer Nitro 17 Gaming Laptop | AMD Ryzen 7 7840HS Octa-Core CPU | NVIDIA GeForce RTX 4060 Laptop GPU | 17.3"" QHD 165Hz IPS Display | 1TB Gen 4 SSD | Wi-Fi 6E | RGB Backlit KB | AN17-41-R7G3, Black","$1,280.00",4.2,393.0,https://www.amazon.com/Octa-Core-GeForce-Display-Backlit-AN17-41-R7G3/dp/B0BTQ61Z6D/ref=sr_1_116?dib=eyJ2IjoiMSJ9.1gn9PEcs8KPrx9oZcchOX9vCptOgSfsVhc6kvVYozbZOycvM6peuz7Ja3frb3MB48johw3duhT283-quYU2-31q5WzJrTuXKRlgK8Ck01PX6cKlfqdDzFA4EahXCSNqbatB3GgI98gKT3YUrHqyvC9pJUb9uFgzcwWsHP5riC5m2OFxQR-gX3nesicKjMITvOjHG9rALweUHlP-vEXDYDMyhg8-7-9mlj8xFh5DUWls.ACJenmXlV8iVwPv6hpUo-dZf_6OsFdDu1A0c0fqMpnk&dib_tag=se&keywords=gaming+laptop&qid=1733686237&sr=8-116
"NIMO 17.3 FHD Laptop, Intel 6 Core i3-1215U, 32GB RAM, 1TB SSD, (Beat i5-1135G7, Up to 4.4GHz), 65W Type-C, Fingerprint, Backlit Keyboard, IPS Business Computer, Numpad, Win 11",$599.99,4.9,14.0,https://www.amazon.com/sspa/click?ie=UTF8&spc=MTo4ODAwMjk0MTk4NjA5Mjg1OjE3MzM2ODYyMzc6c3BfYnRmOjMwMDU3NDE1NTM1NjgwMjo6MDo6&url=%2FNIMO-i3-1215U-i5-1135G7-Fingerprint-Keyboard%2Fdp%2FB0DK6VY4FG%2Fref%3Dsr_1_117_sspa%3Fdib%3DeyJ2IjoiMSJ9.1gn9PEcs8KPrx9oZcchOX9vCptOgSfsVhc6kvVYozbZOycvM6peuz7Ja3frb3MB48johw3duhT283-quYU2-31q5WzJrTuXKRlgK8Ck01PX6cKlfqdDzFA4EahXCSNqbatB3GgI98gKT3YUrHqyvC9pJUb9uFgzcwWsHP5riC5m2OFxQR-gX3nesicKjMITvOjHG9rALweUHlP-vEXDYDMyhg8-7-9mlj8xFh5DUWls.ACJenmXlV8iVwPv6hpUo-dZf_6OsFdDu1A0c0fqMpnk%26dib_tag%3Dse%26keywords%3Dgaming%2Blaptop%26qid%3D1733686237%26sr%3D8-117-spons%26sp_csd%3Dd2lkZ2V0TmFtZT1zcF9idGY%26psc%3D1
"NIMO 15.6 Laptop, 12th Gen Intel Core i3-1215U (Up to 4.4GHz, 6 Cores, Beat i5-1135G7), 32GB RAM 1TB SSD, IPS FHD Display, Fingerprint, Backlit Keyboard, Wi-Fi 6, BT5.2, Type C, Win 11",$549.99,4.0,6.0,https://www.amazon.com/sspa/click?ie=UTF8&spc=MTo4ODAwMjk0MTk4NjA5Mjg1OjE3MzM2ODYyMzc6c3BfYnRmOjMwMDUxNzg2Mzg4MzYwMjo6MDo6&url=%2FNIMO-i3-1215U-i5-1135G7-Fingerprint-Keyboard%2Fdp%2FB0DKTGGBTW%2Fref%3Dsr_1_118_sspa%3Fdib%3DeyJ2IjoiMSJ9.1gn9PEcs8KPrx9oZcchOX9vCptOgSfsVhc6kvVYozbZOycvM6peuz7Ja3frb3MB48johw3duhT283-quYU2-31q5WzJrTuXKRlgK8Ck01PX6cKlfqdDzFA4EahXCSNqbatB3GgI98gKT3YUrHqyvC9pJUb9uFgzcwWsHP5riC5m2OFxQR-gX3nesicKjMITvOjHG9rALweUHlP-vEXDYDMyhg8-7-9mlj8xFh5DUWls.ACJenmXlV8iVwPv6hpUo-dZf_6OsFdDu1A0c0fqMpnk%26dib_tag%3Dse%26keywords%3Dgaming%2Blaptop%26qid%3D1733686237%26sr%3D8-118-spons%26sp_csd%3Dd2lkZ2V0TmFtZT1zcF9idGY%26psc%3D1
"Microsoft Surface Pro 2-in-1 Laptop/Tablet (2024), Windows 11 Copilot+ PC, 13"" Touchscreen OLED Display, Snapdragon X Elite (12 Core), 16GB RAM, 256GB Storage, Black, Amazon Exclusive","$1,099.99",3.9,148.0,https://www.amazon.com/sspa/click?ie=UTF8&spc=MTo3MjY1NjY3NzU2MTIwNjE1OjE3MzM2ODYyNTE6c3BfYXRmX25leHQ6MzAwMjM1MTU4MDQ1ODAyOjowOjo&url=%2FMicrosoft-Surface-Touchscreen-Snapdragon-Exclusive%2Fdp%2FB0CXKXNNPX%2Fref%3Dsr_1_114_sspa%3Fdib%3DeyJ2IjoiMSJ9.-cJNi8OtYXBECWuHbTLAxCheIzAA3CYRHt3hSbXOeP6VxUsRvTL9Qc_cTyqb2a9XavIhRIjBvTytKSIk6xvlCp3yUAcnzRNyA-dKbOTAGVrfW3rDomNpvNsOLSrSuMElz8ONPkHUodBVvXhuW3cEiQEEqo222X1Ep-osu2LTzP7Tzsh9UAm1bfdXEqbWBwk6AfNadem7oXLhH0xsfz9J5iK5eqP5Ar5gd8HsWTV-nfg.rh_L6fATLQwuQcrGLev0tXJHyUeQGlvburT1RpCjnHI%26dib_tag%3Dse%26keywords%3Dgaming%2Blaptop%26qid%3D1733686250%26sr%3D8-114-spons%26sp_csd%3Dd2lkZ2V0TmFtZT1zcF9hdGZfbmV4dA%26psc%3D1
"MSI Katana GF76 17 Gaming Laptop I 17.3"" Full HD IPS 144Hz Thin Bezel I 11th Gen Intel 8-Core i7-11800H I 32GB DDR4 1TB SSD I GeForce RTX 3050 Ti 4GB I Backlit USB-C Win10 w/DLCA Accessory","$1,099.00",5.0,3.0,https://www.amazon.com/MSI-Katana-GF76-17-i7-11800H/dp/B0BG2H7R27/ref=sr_1_115?dib=eyJ2IjoiMSJ9.-cJNi8OtYXBECWuHbTLAxCheIzAA3CYRHt3hSbXOeP6VxUsRvTL9Qc_cTyqb2a9XavIhRIjBvTytKSIk6xvlCp3yUAcnzRNyA-dKbOTAGVrfW3rDomNpvNsOLSrSuMElz8ONPkHUodBVvXhuW3cEiQEEqo222X1Ep-osu2LTzP7Tzsh9UAm1bfdXEqbWBwk6AfNadem7oXLhH0xsfz9J5iK5eqP5Ar5gd8HsWTV-nfg.rh_L6fATLQwuQcrGLev0tXJHyUeQGlvburT1RpCjnHI&dib_tag=se&keywords=gaming+laptop&qid=1733686250&sr=8-115
ASUS E410 Intel Celeron N4020 4GB 64GB 14-Inch HD LED Win 10 Laptop (Star Black),$136.89,4.0,691.0,https://www.amazon.com/Intel-Celeron-N4020-14-Inch-Laptop/dp/B09YRY6QCX/ref=sr_1_117?dib=eyJ2IjoiMSJ9.-cJNi8OtYXBECWuHbTLAxCheIzAA3CYRHt3hSbXOeP6VxUsRvTL9Qc_cTyqb2a9XavIhRIjBvTytKSIk6xvlCp3yUAcnzRNyA-dKbOTAGVrfW3rDomNpvNsOLSrSuMElz8ONPkHUodBVvXhuW3cEiQEEqo222X1Ep-osu2LTzP7Tzsh9UAm1bfdXEqbWBwk6AfNadem7oXLhH0xsfz9J5iK5eqP5Ar5gd8HsWTV-nfg.rh_L6fATLQwuQcrGLev0tXJHyUeQGlvburT1RpCjnHI&dib_tag=se&keywords=gaming+laptop&qid=1733686250&sr=8-117
"ASUS ROG Strix G18 G814 Gaming Laptop 18"" QHD 240Hz (100% DCI-P3, 3ms) Intel 24-Core i9-13980HX 64GB RAM 4TB SSD GeForce RTX 4070 8GB Thunderbolt RGB Backlit Fast Charging Win11 Black + HDMI Cable","$2,629.00",4.4,7.0,https://www.amazon.com/ASUS-24-Core-i9-13980HX-Thunderbolt-Charging/dp/B0D6YMSBH8/ref=sr_1_118?dib=eyJ2IjoiMSJ9.-cJNi8OtYXBECWuHbTLAxCheIzAA3CYRHt3hSbXOeP6VxUsRvTL9Qc_cTyqb2a9XavIhRIjBvTytKSIk6xvlCp3yUAcnzRNyA-dKbOTAGVrfW3rDomNpvNsOLSrSuMElz8ONPkHUodBVvXhuW3cEiQEEqo222X1Ep-osu2LTzP7Tzsh9UAm1bfdXEqbWBwk6AfNadem7oXLhH0xsfz9J5iK5eqP5Ar5gd8HsWTV-nfg.rh_L6fATLQwuQcrGLev0tXJHyUeQGlvburT1RpCjnHI&dib_tag=se&keywords=gaming+laptop&qid=1733686250&sr=8-118
"MSI Thin GF63 Gaming Laptop: Intel Core i5-12450H GeForce RTX 2050, 15.6"" FHD, 144Hz, 32GB DDR4, 1TB NVMe SSD, Type-C USB 3.2 Gen 1, Cooler Boost 5, Win 11 Home, Black",$650.00,4.0,14.0,https://www.amazon.com/MSI-Thin-GF63-Gaming-Laptop/dp/B0CVNMVJ53/ref=sr_1_119?dib=eyJ2IjoiMSJ9.-cJNi8OtYXBECWuHbTLAxCheIzAA3CYRHt3hSbXOeP6VxUsRvTL9Qc_cTyqb2a9XavIhRIjBvTytKSIk6xvlCp3yUAcnzRNyA-dKbOTAGVrfW3rDomNpvNsOLSrSuMElz8ONPkHUodBVvXhuW3cEiQEEqo222X1Ep-osu2LTzP7Tzsh9UAm1bfdXEqbWBwk6AfNadem7oXLhH0xsfz9J5iK5eqP5Ar5gd8HsWTV-nfg.rh_L6fATLQwuQcrGLev0tXJHyUeQGlvburT1RpCjnHI&dib_tag=se&keywords=gaming+laptop&qid=1733686250&sr=8-119
"HP 15.6 FHD Flagship Business Laptop Computer, 32GB RAM, 1TB PCIe SSD, 12th Gen Intel 10 Cores i5-1235U (Beat i7-1195G7), Iris Xe Graphics, Bluetooth, HDMI, WiFi 5, Win 11 Pro, w/GM Accessories",$699.99,2.8,5.0,https://www.amazon.com/HP-Flagship-i7-1195G7-Bluetooth-Accessories/dp/B0DKN3Y46H/ref=sr_1_120?dib=eyJ2IjoiMSJ9.-cJNi8OtYXBECWuHbTLAxCheIzAA3CYRHt3hSbXOeP6VxUsRvTL9Qc_cTyqb2a9XavIhRIjBvTytKSIk6xvlCp3yUAcnzRNyA-dKbOTAGVrfW3rDomNpvNsOLSrSuMElz8ONPkHUodBVvXhuW3cEiQEEqo222X1Ep-osu2LTzP7Tzsh9UAm1bfdXEqbWBwk6AfNadem7oXLhH0xsfz9J5iK5eqP5Ar5gd8HsWTV-nfg.rh_L6fATLQwuQcrGLev0tXJHyUeQGlvburT1RpCjnHI&dib_tag=se&keywords=gaming+laptop&qid=1733686250&sr=8-120
"15.6"" Laptop Computer,Metal Shell,Gaming Laptops with FHD IPS Display,AMD Ryzen7 5700U Octa-Core Processor,16GB LPDDR4,1TB PCIe SSD,Fingerprint Reader,Backlit Keyboard,Webcam,WiFi 6,Grey",$599.99,4.1,13.0,https://www.amazon.com/Molegar-Computer-Octa-Core-Processor-Fingerprint/dp/B0D46T3XPC/ref=sr_1_121?dib=eyJ2IjoiMSJ9.-cJNi8OtYXBECWuHbTLAxCheIzAA3CYRHt3hSbXOeP6VxUsRvTL9Qc_cTyqb2a9XavIhRIjBvTytKSIk6xvlCp3yUAcnzRNyA-dKbOTAGVrfW3rDomNpvNsOLSrSuMElz8ONPkHUodBVvXhuW3cEiQEEqo222X1Ep-osu2LTzP7Tzsh9UAm1bfdXEqbWBwk6AfNadem7oXLhH0xsfz9J5iK5eqP5Ar5gd8HsWTV-nfg.rh_L6fATLQwuQcrGLev0tXJHyUeQGlvburT1RpCjnHI&dib_tag=se&keywords=gaming+laptop&qid=1733686250&sr=8-121
"Lenovo IdeaPad Gaming 3 Laptop, 15.6"""" FHD IPS Display, AMD Ryzen 5 5500H Processor, GeForce RTX 2050, 32GB RAM, 1TB PCIe SSD, Wi-Fi 6, Backlit Keyboard, Windows 11 Home, Black",$699.99,5.0,2.0,https://www.amazon.com/Lenovo-IdeaPad-Display-Processor-Keyboard/dp/B0D4WCZGNF/ref=sr_1_122?dib=eyJ2IjoiMSJ9.-cJNi8OtYXBECWuHbTLAxCheIzAA3CYRHt3hSbXOeP6VxUsRvTL9Qc_cTyqb2a9XavIhRIjBvTytKSIk6xvlCp3yUAcnzRNyA-dKbOTAGVrfW3rDomNpvNsOLSrSuMElz8ONPkHUodBVvXhuW3cEiQEEqo222X1Ep-osu2LTzP7Tzsh9UAm1bfdXEqbWBwk6AfNadem7oXLhH0xsfz9J5iK5eqP5Ar5gd8HsWTV-nfg.rh_L6fATLQwuQcrGLev0tXJHyUeQGlvburT1RpCjnHI&dib_tag=se&keywords=gaming+laptop&qid=1733686250&sr=8-122
"HP Victus 15.6"" FHD 144Hz RTX 4050 Gaming Laptop, 13th Intel 8-Core i5-13420H (Beats Intel i7-1260P), Backlit KB, WiFi 6, Bluetooth 5.3, W/512GB PSD, Windows 11 PRO(32GB |1TB SSD)",$841.99,5.0,3.0,https://www.amazon.com/sspa/click?ie=UTF8&spc=MTo3MjY1NjY3NzU2MTIwNjE1OjE3MzM2ODYyNTE6c3BfbXRmOjMwMDU2Nzc2NjE4MTkwMjo6MDo6&url=%2FHP-Victus-i5-13420H-i7-1260P-Bluetooth%2Fdp%2FB0DN5C61FX%2Fref%3Dsr_1_123_sspa%3Fdib%3DeyJ2IjoiMSJ9.-cJNi8OtYXBECWuHbTLAxCheIzAA3CYRHt3hSbXOeP6VxUsRvTL9Qc_cTyqb2a9XavIhRIjBvTytKSIk6xvlCp3yUAcnzRNyA-dKbOTAGVrfW3rDomNpvNsOLSrSuMElz8ONPkHUodBVvXhuW3cEiQEEqo222X1Ep-osu2LTzP7Tzsh9UAm1bfdXEqbWBwk6AfNadem7oXLhH0xsfz9J5iK5eqP5Ar5gd8HsWTV-nfg.rh_L6fATLQwuQcrGLev0tXJHyUeQGlvburT1RpCjnHI%26dib_tag%3Dse%26keywords%3Dgaming%2Blaptop%26qid%3D1733686250%26sr%3D8-123-spons%26sp_csd%3Dd2lkZ2V0TmFtZT1zcF9tdGY%26psc%3D1
"Hunter Blade R15 (2024) Gaming Laptop, 15.6"" QHD 165hz 2.5K Display, 14th Gen Intel i7-14650HX, NVIDIA GeForce 4060, 16GB DDR5 RAM, 512GB PCIe SSD, RGB Backlit KB, Wi-Fi 6, Windows 11 Home",$999.00,5.0,1.0,https://www.amazon.com/sspa/click?ie=UTF8&spc=MTo3MjY1NjY3NzU2MTIwNjE1OjE3MzM2ODYyNTE6c3BfbXRmOjMwMDU3OTcxMTQ3OTQwMjo6MDo6&url=%2FThunderobot-R15-Display-i7-13650HX-GeForce%2Fdp%2FB0D47T3JRF%2Fref%3Dsr_1_124_sspa%3Fdib%3DeyJ2IjoiMSJ9.-cJNi8OtYXBECWuHbTLAxCheIzAA3CYRHt3hSbXOeP6VxUsRvTL9Qc_cTyqb2a9XavIhRIjBvTytKSIk6xvlCp3yUAcnzRNyA-dKbOTAGVrfW3rDomNpvNsOLSrSuMElz8ONPkHUodBVvXhuW3cEiQEEqo222X1Ep-osu2LTzP7Tzsh9UAm1bfdXEqbWBwk6AfNadem7oXLhH0xsfz9J5iK5eqP5Ar5gd8HsWTV-nfg.rh_L6fATLQwuQcrGLev0tXJHyUeQGlvburT1RpCjnHI%26dib_tag%3Dse%26keywords%3Dgaming%2Blaptop%26qid%3D1733686250%26sr%3D8-124-spons%26sp_csd%3Dd2lkZ2V0TmFtZT1zcF9tdGY%26psc%3D1
"MSI Stealth 18 AI Studio 18” 240Hz QHD+ Gaming Laptop: Intel Ultra 9-185H, NVIDIA Geforce RTX 4080, 32GB DDR5, 1TB NVMe SSD, Cooler Boost 5, Win 11: Black A1VHG-019US","$2,599.99",1.0,3.0,https://www.amazon.com/MSI-Stealth-Studio-Gaming-Laptop/dp/B0CTLDY6KT/ref=sr_1_126?dib=eyJ2IjoiMSJ9.-cJNi8OtYXBECWuHbTLAxCheIzAA3CYRHt3hSbXOeP6VxUsRvTL9Qc_cTyqb2a9XavIhRIjBvTytKSIk6xvlCp3yUAcnzRNyA-dKbOTAGVrfW3rDomNpvNsOLSrSuMElz8ONPkHUodBVvXhuW3cEiQEEqo222X1Ep-osu2LTzP7Tzsh9UAm1bfdXEqbWBwk6AfNadem7oXLhH0xsfz9J5iK5eqP5Ar5gd8HsWTV-nfg.rh_L6fATLQwuQcrGLev0tXJHyUeQGlvburT1RpCjnHI&dib_tag=se&keywords=gaming+laptop&qid=1733686250&sr=8-126
"HP AI-Powered Gaming Laptop with Geforce RTX 3050| 15.6"" FHD Victus Gamer PC| 32GB RAM| 1TB SSD & 128GB Portable SSD| Intel 8-Core i5 CPU| Webcam| Wi-Fi| Windows 11| Bundled with LIONEYE Computer Kit",$899.99,5.0,1.0,https://www.amazon.com/HP-AI-Powered-Geforce-Portable-Computer/dp/B0DF2PS3ZR/ref=sr_1_127?dib=eyJ2IjoiMSJ9.-cJNi8OtYXBECWuHbTLAxCheIzAA3CYRHt3hSbXOeP6VxUsRvTL9Qc_cTyqb2a9XavIhRIjBvTytKSIk6xvlCp3yUAcnzRNyA-dKbOTAGVrfW3rDomNpvNsOLSrSuMElz8ONPkHUodBVvXhuW3cEiQEEqo222X1Ep-osu2LTzP7Tzsh9UAm1bfdXEqbWBwk6AfNadem7oXLhH0xsfz9J5iK5eqP5Ar5gd8HsWTV-nfg.rh_L6fATLQwuQcrGLev0tXJHyUeQGlvburT1RpCjnHI&dib_tag=se&keywords=gaming+laptop&qid=1733686250&sr=8-127
"acer Predator Helios Neo 16 Gaming Laptop 16"" WUXGA 165Hz IPS Intel 16-Core i7-13700HX 64GB RAM 1TB SSD GeForce RTX 4050 6GB RGB Backlit Keyboard Thunderbolt 4 Killer AX1650 Win11 + HDMI Cable","$1,399.00",5.0,3.0,https://www.amazon.com/acer-Predator-i7-13700HX-Keyboard-Thunderbolt/dp/B0CW9XGKL2/ref=sr_1_128?dib=eyJ2IjoiMSJ9.-cJNi8OtYXBECWuHbTLAxCheIzAA3CYRHt3hSbXOeP6VxUsRvTL9Qc_cTyqb2a9XavIhRIjBvTytKSIk6xvlCp3yUAcnzRNyA-dKbOTAGVrfW3rDomNpvNsOLSrSuMElz8ONPkHUodBVvXhuW3cEiQEEqo222X1Ep-osu2LTzP7Tzsh9UAm1bfdXEqbWBwk6AfNadem7oXLhH0xsfz9J5iK5eqP5Ar5gd8HsWTV-nfg.rh_L6fATLQwuQcrGLev0tXJHyUeQGlvburT1RpCjnHI&dib_tag=se&keywords=gaming+laptop&qid=1733686250&sr=8-128
"ASUS ROG Strix Scar 16 (2024) Gaming Laptop, 16” Nebula HDR 16:10 QHD 240Hz/3ms, 1100 nits, Mini LED Display, GeForce RTX 4080, Intel Core i9-14900HX, 32GB DDR5, 1TB SSD, Windows 11 Pro, G634JZR-XS96","$2,799.99",4.1,181.0,https://www.amazon.com/ASUS-Strix-Gaming-Laptop-Nebula/dp/B0CRD84TFV/ref=sr_1_129?dib=eyJ2IjoiMSJ9.-cJNi8OtYXBECWuHbTLAxCheIzAA3CYRHt3hSbXOeP6VxUsRvTL9Qc_cTyqb2a9XavIhRIjBvTytKSIk6xvlCp3yUAcnzRNyA-dKbOTAGVrfW3rDomNpvNsOLSrSuMElz8ONPkHUodBVvXhuW3cEiQEEqo222X1Ep-osu2LTzP7Tzsh9UAm1bfdXEqbWBwk6AfNadem7oXLhH0xsfz9J5iK5eqP5Ar5gd8HsWTV-nfg.rh_L6fATLQwuQcrGLev0tXJHyUeQGlvburT1RpCjnHI&dib_tag=se&keywords=gaming+laptop&qid=1733686250&sr=8-129
"Acer Aspire Go 15 Slim Laptop | 15.6"" Full HD IPS 1080P Display | Intel Core i3-N305| Intel UHD Graphics | 8GB LPDDR5 | 128GB HD | Wi-Fi 6 | AI PC | Windows 11 Home in S Mode | AG15-31P-3947",$269.98,4.2,1411.0,https://www.amazon.com/Display-i3-N305-Graphics-Windows-AG15-31P-3947/dp/B0CV5ZSR17/ref=sr_1_130?dib=eyJ2IjoiMSJ9.-cJNi8OtYXBECWuHbTLAxCheIzAA3CYRHt3hSbXOeP6VxUsRvTL9Qc_cTyqb2a9XavIhRIjBvTytKSIk6xvlCp3yUAcnzRNyA-dKbOTAGVrfW3rDomNpvNsOLSrSuMElz8ONPkHUodBVvXhuW3cEiQEEqo222X1Ep-osu2LTzP7Tzsh9UAm1bfdXEqbWBwk6AfNadem7oXLhH0xsfz9J5iK5eqP5Ar5gd8HsWTV-nfg.rh_L6fATLQwuQcrGLev0tXJHyUeQGlvburT1RpCjnHI&dib_tag=se&keywords=gaming+laptop&qid=1733686250&sr=8-130
"NIMO 15.6 Laptop, 12th Gen Intel Core i3-1215U (Up to 4.4GHz, 6 Cores, Beat i5-1135G7), 32GB RAM 1TB SSD, IPS FHD Display, Fingerprint, Backlit Keyboard, Wi-Fi 6, BT5.2, Type C, Win 11",$549.99,4.0,6.0,https://www.amazon.com/NIMO-i3-1215U-i5-1135G7-Fingerprint-Keyboard/dp/B0DKTGGBTW/ref=sr_1_131?dib=eyJ2IjoiMSJ9.-cJNi8OtYXBECWuHbTLAxCheIzAA3CYRHt3hSbXOeP6VxUsRvTL9Qc_cTyqb2a9XavIhRIjBvTytKSIk6xvlCp3yUAcnzRNyA-dKbOTAGVrfW3rDomNpvNsOLSrSuMElz8ONPkHUodBVvXhuW3cEiQEEqo222X1Ep-osu2LTzP7Tzsh9UAm1bfdXEqbWBwk6AfNadem7oXLhH0xsfz9J5iK5eqP5Ar5gd8HsWTV-nfg.rh_L6fATLQwuQcrGLev0tXJHyUeQGlvburT1RpCjnHI&dib_tag=se&keywords=gaming+laptop&qid=1733686250&sr=8-131
"ASUS Vivobook 17 Inch Laptop Computer, 17.3 Laptop i5 HD+, Intel Core i5 Laptop with Microsoft Office Included Lifetime, 36GB RAM 1TB SSD+1TB HDD|Windows 11 Pro Laptop|10-Key Numeric Keypad HDMI USB-C",$945.00,5.0,1.0,https://www.amazon.com/ASUS-Vivobook-Computer-Microsoft-Included/dp/B0DGFVDQMX/ref=sr_1_132?dib=eyJ2IjoiMSJ9.-cJNi8OtYXBECWuHbTLAxCheIzAA3CYRHt3hSbXOeP6VxUsRvTL9Qc_cTyqb2a9XavIhRIjBvTytKSIk6xvlCp3yUAcnzRNyA-dKbOTAGVrfW3rDomNpvNsOLSrSuMElz8ONPkHUodBVvXhuW3cEiQEEqo222X1Ep-osu2LTzP7Tzsh9UAm1bfdXEqbWBwk6AfNadem7oXLhH0xsfz9J5iK5eqP5Ar5gd8HsWTV-nfg.rh_L6fATLQwuQcrGLev0tXJHyUeQGlvburT1RpCjnHI&dib_tag=se&keywords=gaming+laptop&qid=1733686250&sr=8-132
"NIMO 17.3 FHD Laptop, Intel 6 Core i3-1215U, 32GB RAM, 1TB SSD, (Beat i5-1135G7, Up to 4.4GHz), 65W Type-C, Fingerprint, Backlit Keyboard, IPS Business Computer, Numpad, Win 11",$599.99,4.9,14.0,https://www.amazon.com/sspa/click?ie=UTF8&spc=MTo3MjY1NjY3NzU2MTIwNjE1OjE3MzM2ODYyNTE6c3BfYnRmOjMwMDUzOTU2MzY3NzEwMjo6MDo6&url=%2FNIMO-i3-1215U-i5-1135G7-Fingerprint-Keyboard%2Fdp%2FB0DK6SW354%2Fref%3Dsr_1_133_sspa%3Fdib%3DeyJ2IjoiMSJ9.-cJNi8OtYXBECWuHbTLAxCheIzAA3CYRHt3hSbXOeP6VxUsRvTL9Qc_cTyqb2a9XavIhRIjBvTytKSIk6xvlCp3yUAcnzRNyA-dKbOTAGVrfW3rDomNpvNsOLSrSuMElz8ONPkHUodBVvXhuW3cEiQEEqo222X1Ep-osu2LTzP7Tzsh9UAm1bfdXEqbWBwk6AfNadem7oXLhH0xsfz9J5iK5eqP5Ar5gd8HsWTV-nfg.rh_L6fATLQwuQcrGLev0tXJHyUeQGlvburT1RpCjnHI%26dib_tag%3Dse%26keywords%3Dgaming%2Blaptop%26qid%3D1733686250%26sr%3D8-133-spons%26sp_csd%3Dd2lkZ2V0TmFtZT1zcF9idGY%26psc%3D1
"Lenovo V15 Gen 3 Business Laptop, 15.6"" FHD Display, Intel Core i5-1235U, 24GB RAM, 512GB SSD, HDMI, RJ-45, Webcam, Wi-Fi 6, Windows 11 Pro, Black, with Thunderobot ML101 Wireless Mouse White Bundle",$529.00,5.0,1.0,https://www.amazon.com/sspa/click?ie=UTF8&spc=MTo3MjY1NjY3NzU2MTIwNjE1OjE3MzM2ODYyNTE6c3BfYnRmOjMwMDQzNzQzODAzOTMwMjo6MDo6&url=%2FLenovo-V15-Business-i5-1235U-Thunderobot%2Fdp%2FB0DGXXT21B%2Fref%3Dsr_1_134_sspa%3Fdib%3DeyJ2IjoiMSJ9.-cJNi8OtYXBECWuHbTLAxCheIzAA3CYRHt3hSbXOeP6VxUsRvTL9Qc_cTyqb2a9XavIhRIjBvTytKSIk6xvlCp3yUAcnzRNyA-dKbOTAGVrfW3rDomNpvNsOLSrSuMElz8ONPkHUodBVvXhuW3cEiQEEqo222X1Ep-osu2LTzP7Tzsh9UAm1bfdXEqbWBwk6AfNadem7oXLhH0xsfz9J5iK5eqP5Ar5gd8HsWTV-nfg.rh_L6fATLQwuQcrGLev0tXJHyUeQGlvburT1RpCjnHI%26dib_tag%3Dse%26keywords%3Dgaming%2Blaptop%26qid%3D1733686250%26sr%3D8-134-spons%26sp_csd%3Dd2lkZ2V0TmFtZT1zcF9idGY%26psc%3D1
"NIMO 15.6 FHD Laptop, Intel 6-Cores i3-1215U, 32GB RAM, 1TB SSD, (Beat i5-1135G7, Up to 4.4GHz), 65W Type-C, Fingerprint, Backlit Keyboard, IPS Business Laptop, Wi-Fi 6, Numpad, Win 11",$549.99,4.3,175.0,https://www.amazon.com/sspa/click?ie=UTF8&spc=MTo2Mzk1NDI3NzY2NDM3MzY3OjE3MzM2ODYyNjg6c3BfYXRmX25leHQ6MzAwNTM5NjA3MzEwOTAyOjowOjo&url=%2FNIMO-i3-1215U-i5-1135G7-Fingerprint-Keyboard%2Fdp%2FB0DK75FWLM%2Fref%3Dsr_1_129_sspa%3Fdib%3DeyJ2IjoiMSJ9.iUFXkZm5p87DHb7ThaTuCuvCAgLAQhFf5Nfrvd3aC1XQ43dcNEAI3A7pm2I71KxR_OqqezMPc9SLYo8Mhtp8FMIcrPVXK5pzUGoFu14MPnxoq1TVK3GvkqCFuYX-LhINeF0-6BitfB0KV-n0aO0Qre0Z1nxNkeoG_Gucf-Ubv4AR2HivCiVp2JDZqif_H8uO_MBEn05grAfUgpZqYApvIWke-m0uQ7uQfmFsOIhQoYo.N6ZEhFQV72uxBmI9pN_vxPjMYzEALmwNIDmNYa5KNNc%26dib_tag%3Dse%26keywords%3Dgaming%2Blaptop%26qid%3D1733686268%26sr%3D8-129-spons%26sp_csd%3Dd2lkZ2V0TmFtZT1zcF9hdGZfbmV4dA%26psc%3D1
"Alienware x14 R2 Gaming Laptop 14"" QHD+ 165Hz G-Sync, Intel Core i7-13620H, NVIDIA GeForce RTX 4060 8GB, 32GB RAM, 1TB SSD, Windows 11 Home, AlienFX Backlit US Keyboard, Lunar Silver","$1,399.99",3.7,15.0,https://www.amazon.com/sspa/click?ie=UTF8&spc=MTo2Mzk1NDI3NzY2NDM3MzY3OjE3MzM2ODYyNjg6c3BfYXRmX25leHQ6MzAwMzgxMzIyNDUyNDAyOjowOjo&url=%2FAlienware-i7-13620H-GeForce-Windows-Keyboard%2Fdp%2FB0D9H3D11V%2Fref%3Dsr_1_130_sspa%3Fdib%3DeyJ2IjoiMSJ9.iUFXkZm5p87DHb7ThaTuCuvCAgLAQhFf5Nfrvd3aC1XQ43dcNEAI3A7pm2I71KxR_OqqezMPc9SLYo8Mhtp8FMIcrPVXK5pzUGoFu14MPnxoq1TVK3GvkqCFuYX-LhINeF0-6BitfB0KV-n0aO0Qre0Z1nxNkeoG_Gucf-Ubv4AR2HivCiVp2JDZqif_H8uO_MBEn05grAfUgpZqYApvIWke-m0uQ7uQfmFsOIhQoYo.N6ZEhFQV72uxBmI9pN_vxPjMYzEALmwNIDmNYa5KNNc%26dib_tag%3Dse%26keywords%3Dgaming%2Blaptop%26qid%3D1733686268%26sr%3D8-130-spons%26sp_csd%3Dd2lkZ2V0TmFtZT1zcF9hdGZfbmV4dA%26psc%3D1
"HP Victus 15.6"" Full HD 144Hz Gaming Laptop, Intel Core i5-12450H,16GB RAM,1TB PCIe SSD, NVIDIA GeForce RTX 3050, Wi-Fi 6, Backlit Keyboard,Windows 11 Pro, Performance Blue",$718.88,4.6,3.0,https://www.amazon.com/HP-i5-12450H-GeForce-Keyboard-Performance/dp/B0DFK3YGTK/ref=sr_1_132?dib=eyJ2IjoiMSJ9.iUFXkZm5p87DHb7ThaTuCuvCAgLAQhFf5Nfrvd3aC1XQ43dcNEAI3A7pm2I71KxR_OqqezMPc9SLYo8Mhtp8FMIcrPVXK5pzUGoFu14MPnxoq1TVK3GvkqCFuYX-LhINeF0-6BitfB0KV-n0aO0Qre0Z1nxNkeoG_Gucf-Ubv4AR2HivCiVp2JDZqif_H8uO_MBEn05grAfUgpZqYApvIWke-m0uQ7uQfmFsOIhQoYo.N6ZEhFQV72uxBmI9pN_vxPjMYzEALmwNIDmNYa5KNNc&dib_tag=se&keywords=gaming+laptop&qid=1733686268&sr=8-132
"Alienware X17 R2 Gaming Laptop (2024) (17.3"" 480Hz FHD, Intel 20-Core i9-12900H, 64GB DDR5 RAM, 2TB PCIe SSD, NVIDIA GeForce RTX 3080 16GB) Per-key RGB Backlit, Thunderbolt, Win 11 Home, Lunar Light","$2,499.99",3.8,5.0,https://www.amazon.com/Alienware-R2-20-Core-i9-12900H-Thunderbolt/dp/B0D4M4M6G9/ref=sr_1_133?dib=eyJ2IjoiMSJ9.iUFXkZm5p87DHb7ThaTuCuvCAgLAQhFf5Nfrvd3aC1XQ43dcNEAI3A7pm2I71KxR_OqqezMPc9SLYo8Mhtp8FMIcrPVXK5pzUGoFu14MPnxoq1TVK3GvkqCFuYX-LhINeF0-6BitfB0KV-n0aO0Qre0Z1nxNkeoG_Gucf-Ubv4AR2HivCiVp2JDZqif_H8uO_MBEn05grAfUgpZqYApvIWke-m0uQ7uQfmFsOIhQoYo.N6ZEhFQV72uxBmI9pN_vxPjMYzEALmwNIDmNYa5KNNc&dib_tag=se&keywords=gaming+laptop&qid=1733686268&sr=8-133
"ACEMAGIC 2024 Newest Gaming Laptop, 16.1-inch FHD Display Laptop with AMD Ryzen 7 5700U Processor(8C/16T), 16GB RAM 512GB ROM Laptop Computer, Support WiFi 6, 53Wh Battery, with Backlit Keyboard",$619.99,4.1,20.0,https://www.amazon.com/ACEMAGIC-16-1-inch-Processor-Computer-Keyboard/dp/B0DD3SKFMR/ref=sr_1_134?dib=eyJ2IjoiMSJ9.iUFXkZm5p87DHb7ThaTuCuvCAgLAQhFf5Nfrvd3aC1XQ43dcNEAI3A7pm2I71KxR_OqqezMPc9SLYo8Mhtp8FMIcrPVXK5pzUGoFu14MPnxoq1TVK3GvkqCFuYX-LhINeF0-6BitfB0KV-n0aO0Qre0Z1nxNkeoG_Gucf-Ubv4AR2HivCiVp2JDZqif_H8uO_MBEn05grAfUgpZqYApvIWke-m0uQ7uQfmFsOIhQoYo.N6ZEhFQV72uxBmI9pN_vxPjMYzEALmwNIDmNYa5KNNc&dib_tag=se&keywords=gaming+laptop&qid=1733686268&sr=8-134
"Alienware M18 (2024) Gaming Laptop (18"" 480Hz FHD+, AMD Ryzen 9 7845HX (Beat i9-13900HX), 64GB RAM, 2TB SSD, GeForce RTX 4070 8GB) AlienFX RGB Backlit KB, FHD IR Camera, WiFi 6, Win 11 Home, Black","$2,399.99",1.0,2.0,https://www.amazon.com/Alienware-i9-13900HX-GeForce-AlienFX-Backlit/dp/B0D45F8BQG/ref=sr_1_135?dib=eyJ2IjoiMSJ9.iUFXkZm5p87DHb7ThaTuCuvCAgLAQhFf5Nfrvd3aC1XQ43dcNEAI3A7pm2I71KxR_OqqezMPc9SLYo8Mhtp8FMIcrPVXK5pzUGoFu14MPnxoq1TVK3GvkqCFuYX-LhINeF0-6BitfB0KV-n0aO0Qre0Z1nxNkeoG_Gucf-Ubv4AR2HivCiVp2JDZqif_H8uO_MBEn05grAfUgpZqYApvIWke-m0uQ7uQfmFsOIhQoYo.N6ZEhFQV72uxBmI9pN_vxPjMYzEALmwNIDmNYa5KNNc&dib_tag=se&keywords=gaming+laptop&qid=1733686268&sr=8-135
"HP Envy 16 Creator Laptop | 16"" WQXGA 120Hz Touch (400nits 100% sRGB) | Intel 14-core i7-13700H | 64GB DDR5 1TB SSD | GeForce RTX 4060 | Backlit Thunderbolt USB-C Win11Pro w/DLCA Accessory","$1,289.00",5.0,1.0,https://www.amazon.com/HP-i7-13700H-Thunderbolt-Win11Pro-Accessory/dp/B0DHG2M91L/ref=sr_1_136?dib=eyJ2IjoiMSJ9.iUFXkZm5p87DHb7ThaTuCuvCAgLAQhFf5Nfrvd3aC1XQ43dcNEAI3A7pm2I71KxR_OqqezMPc9SLYo8Mhtp8FMIcrPVXK5pzUGoFu14MPnxoq1TVK3GvkqCFuYX-LhINeF0-6BitfB0KV-n0aO0Qre0Z1nxNkeoG_Gucf-Ubv4AR2HivCiVp2JDZqif_H8uO_MBEn05grAfUgpZqYApvIWke-m0uQ7uQfmFsOIhQoYo.N6ZEhFQV72uxBmI9pN_vxPjMYzEALmwNIDmNYa5KNNc&dib_tag=se&keywords=gaming+laptop&qid=1733686268&sr=8-136
"Lenovo V15 Gen 3 Business Laptop, 15.6"" FHD Display, Intel Core i5-1235U, 40GB RAM, 1TB SSD, Webcam, HDMI, RJ-45, Wi-Fi, Windows 11 Home, Black",$559.00,4.3,34.0,https://www.amazon.com/Lenovo-V15-Business-Display-i5-1235U/dp/B0D554PWHS/ref=sr_1_137?dib=eyJ2IjoiMSJ9.iUFXkZm5p87DHb7ThaTuCuvCAgLAQhFf5Nfrvd3aC1XQ43dcNEAI3A7pm2I71KxR_OqqezMPc9SLYo8Mhtp8FMIcrPVXK5pzUGoFu14MPnxoq1TVK3GvkqCFuYX-LhINeF0-6BitfB0KV-n0aO0Qre0Z1nxNkeoG_Gucf-Ubv4AR2HivCiVp2JDZqif_H8uO_MBEn05grAfUgpZqYApvIWke-m0uQ7uQfmFsOIhQoYo.N6ZEhFQV72uxBmI9pN_vxPjMYzEALmwNIDmNYa5KNNc&dib_tag=se&keywords=gaming+laptop&qid=1733686268&sr=8-137
"HP New 15.6"" FHD G8 Laptop, 32GB RAM, 1TB SSD(512GB PCIe & P500 500GB External), AMD Ryzen 5 5500U 6-core Processor(Beat i7-1165G7), Ethernet Port, HDMI, SD Card Reader, Windows 11 Pro",$699.00,4.0,60.0,https://www.amazon.com/HP-G8-External-Processor-i7-1165G7/dp/B0D7J1RL31/ref=sr_1_138?dib=eyJ2IjoiMSJ9.iUFXkZm5p87DHb7ThaTuCuvCAgLAQhFf5Nfrvd3aC1XQ43dcNEAI3A7pm2I71KxR_OqqezMPc9SLYo8Mhtp8FMIcrPVXK5pzUGoFu14MPnxoq1TVK3GvkqCFuYX-LhINeF0-6BitfB0KV-n0aO0Qre0Z1nxNkeoG_Gucf-Ubv4AR2HivCiVp2JDZqif_H8uO_MBEn05grAfUgpZqYApvIWke-m0uQ7uQfmFsOIhQoYo.N6ZEhFQV72uxBmI9pN_vxPjMYzEALmwNIDmNYa5KNNc&dib_tag=se&keywords=gaming+laptop&qid=1733686268&sr=8-138
"911Plus (2024) Gaming Laptop, 17.3"" QHD 165hz Display,13th Gen Intel i7-13620H, GeForce 4060, 32GB DDR5 RAM, 1TB PCIe SSD, RGB Backlit Keyboard, Wi-Fi, Windows 11 Home, Silver","$1,279.00",5.0,1.0,https://www.amazon.com/sspa/click?ie=UTF8&spc=MTo2Mzk1NDI3NzY2NDM3MzY3OjE3MzM2ODYyNjg6c3BfbXRmOjMwMDQ2MzE4Mjk3MDcwMjo6MDo6&url=%2FThunderobot-911Plus-Display-i7-13620H-Keyboard%2Fdp%2FB0DJN25DCK%2Fref%3Dsr_1_139_sspa%3Fdib%3DeyJ2IjoiMSJ9.iUFXkZm5p87DHb7ThaTuCuvCAgLAQhFf5Nfrvd3aC1XQ43dcNEAI3A7pm2I71KxR_OqqezMPc9SLYo8Mhtp8FMIcrPVXK5pzUGoFu14MPnxoq1TVK3GvkqCFuYX-LhINeF0-6BitfB0KV-n0aO0Qre0Z1nxNkeoG_Gucf-Ubv4AR2HivCiVp2JDZqif_H8uO_MBEn05grAfUgpZqYApvIWke-m0uQ7uQfmFsOIhQoYo.N6ZEhFQV72uxBmI9pN_vxPjMYzEALmwNIDmNYa5KNNc%26dib_tag%3Dse%26keywords%3Dgaming%2Blaptop%26qid%3D1733686268%26sr%3D8-139-spons%26sp_csd%3Dd2lkZ2V0TmFtZT1zcF9tdGY%26psc%3D1
"Lenovo Legion 5i Gaming Laptop - 16"" WQXGA 165Hz - Intel 24-Core i9-14900HX - GeForce RTX 4060 - Wi-Fi 6E- RGB Backlit Keyboard - W/Hoouwrd Accessories(32GB RAM, 1TB SSD)","$1,699.99",4.5,46.0,https://www.amazon.com/sspa/click?ie=UTF8&spc=MTo2Mzk1NDI3NzY2NDM3MzY3OjE3MzM2ODYyNjg6c3BfbXRmOjMwMDU2OTUwODg5NDIwMjo6MDo6&url=%2FLenovo-Legion-5i-Gaming-Laptop%2Fdp%2FB0DP4F74JV%2Fref%3Dsr_1_140_sspa%3Fdib%3DeyJ2IjoiMSJ9.iUFXkZm5p87DHb7ThaTuCuvCAgLAQhFf5Nfrvd3aC1XQ43dcNEAI3A7pm2I71KxR_OqqezMPc9SLYo8Mhtp8FMIcrPVXK5pzUGoFu14MPnxoq1TVK3GvkqCFuYX-LhINeF0-6BitfB0KV-n0aO0Qre0Z1nxNkeoG_Gucf-Ubv4AR2HivCiVp2JDZqif_H8uO_MBEn05grAfUgpZqYApvIWke-m0uQ7uQfmFsOIhQoYo.N6ZEhFQV72uxBmI9pN_vxPjMYzEALmwNIDmNYa5KNNc%26dib_tag%3Dse%26keywords%3Dgaming%2Blaptop%26qid%3D1733686268%26sr%3D8-140-spons%26sp_csd%3Dd2lkZ2V0TmFtZT1zcF9tdGY%26psc%3D1
"NIMO 17.3 FHD Laptop, Intel 6 Core i3-1215U, 32GB RAM, 1TB SSD, (Beat i5-1135G7, Up to 4.4GHz), 65W Type-C, Fingerprint, Backlit Keyboard, IPS Business Computer, Numpad, Win 11",$599.99,4.9,14.0,https://www.amazon.com/NIMO-i3-1215U-i5-1135G7-Fingerprint-Keyboard/dp/B0DK6VY4FG/ref=sr_1_141?dib=eyJ2IjoiMSJ9.iUFXkZm5p87DHb7ThaTuCuvCAgLAQhFf5Nfrvd3aC1XQ43dcNEAI3A7pm2I71KxR_OqqezMPc9SLYo8Mhtp8FMIcrPVXK5pzUGoFu14MPnxoq1TVK3GvkqCFuYX-LhINeF0-6BitfB0KV-n0aO0Qre0Z1nxNkeoG_Gucf-Ubv4AR2HivCiVp2JDZqif_H8uO_MBEn05grAfUgpZqYApvIWke-m0uQ7uQfmFsOIhQoYo.N6ZEhFQV72uxBmI9pN_vxPjMYzEALmwNIDmNYa5KNNc&dib_tag=se&keywords=gaming+laptop&qid=1733686268&sr=8-141
"ASUS TUF 15.6 i7 RTX 4070 Gaming Laptop, 15.6"" FHD 144Hz Display, Intel Core i7-13620H (Beats Intel i9-12900), NVIDIA GeForce RTX 4070, 32GB DDR5 RAM, 1TB SSD, RGB Backlit KB, Windows 11 Home","$1,265.00",4.6,17.0,https://www.amazon.com/ASUS-Display-i7-13620H-i9-12900-GeForce/dp/B0D6RF6K7G/ref=sr_1_142?dib=eyJ2IjoiMSJ9.iUFXkZm5p87DHb7ThaTuCuvCAgLAQhFf5Nfrvd3aC1XQ43dcNEAI3A7pm2I71KxR_OqqezMPc9SLYo8Mhtp8FMIcrPVXK5pzUGoFu14MPnxoq1TVK3GvkqCFuYX-LhINeF0-6BitfB0KV-n0aO0Qre0Z1nxNkeoG_Gucf-Ubv4AR2HivCiVp2JDZqif_H8uO_MBEn05grAfUgpZqYApvIWke-m0uQ7uQfmFsOIhQoYo.N6ZEhFQV72uxBmI9pN_vxPjMYzEALmwNIDmNYa5KNNc&dib_tag=se&keywords=gaming+laptop&qid=1733686268&sr=8-142
"Lenovo LOQ i7 Premium Gaming Laptop, 15.6"" FHD 144Hz, i7-13650HX (Beats i9-12900H), GeForce RTX 4060 (Boost Clock 2370MHz), 64GB DDR5 RAM, 2TB SSD, Backlit KB, RJ-45, Wi-Fi 6, Windows 11 Pro, Grey","$1,370.00",4.5,11.0,https://www.amazon.com/Lenovo-LOQ-Premium-i7-13650HX-i9-12900H/dp/B0D67J6QVT/ref=sr_1_143?dib=eyJ2IjoiMSJ9.iUFXkZm5p87DHb7ThaTuCuvCAgLAQhFf5Nfrvd3aC1XQ43dcNEAI3A7pm2I71KxR_OqqezMPc9SLYo8Mhtp8FMIcrPVXK5pzUGoFu14MPnxoq1TVK3GvkqCFuYX-LhINeF0-6BitfB0KV-n0aO0Qre0Z1nxNkeoG_Gucf-Ubv4AR2HivCiVp2JDZqif_H8uO_MBEn05grAfUgpZqYApvIWke-m0uQ7uQfmFsOIhQoYo.N6ZEhFQV72uxBmI9pN_vxPjMYzEALmwNIDmNYa5KNNc&dib_tag=se&keywords=gaming+laptop&qid=1733686268&sr=8-143
"Acer Nitro 5 AN515-58-725A Gaming Laptop | Intel Core i7-12700H | NVIDIA GeForce RTX 3060 GPU | 15.6"" FHD 144Hz 3ms IPS Display | 16GB DDR4 | 512GB Gen 4 SSD | Killer Wi-Fi 6 | RGB Keyboard",$869.00,4.6,60.0,https://www.amazon.com/Acer-AN515-58-725A-i7-12700H-GeForce-Keyboard/dp/B09TWYSVPM/ref=sr_1_144?dib=eyJ2IjoiMSJ9.iUFXkZm5p87DHb7ThaTuCuvCAgLAQhFf5Nfrvd3aC1XQ43dcNEAI3A7pm2I71KxR_OqqezMPc9SLYo8Mhtp8FMIcrPVXK5pzUGoFu14MPnxoq1TVK3GvkqCFuYX-LhINeF0-6BitfB0KV-n0aO0Qre0Z1nxNkeoG_Gucf-Ubv4AR2HivCiVp2JDZqif_H8uO_MBEn05grAfUgpZqYApvIWke-m0uQ7uQfmFsOIhQoYo.N6ZEhFQV72uxBmI9pN_vxPjMYzEALmwNIDmNYa5KNNc&dib_tag=se&keywords=gaming+laptop&qid=1733686268&sr=8-144
"HP Omen 16 Gaming Laptop 16.1"" FHD 165Hz (sRGB 100%, G-SYNC) Intel 24-core i9-13900HX 32GB RAM 1TB SSD GeForce RTX 4060 8GB RGB Backlit Thunderbolt FHD Privacy Camera Fast Charge Win11 w/ICP Accessory","$1,359.00",4.9,7.0,https://www.amazon.com/HP-24-core-i9-13900HX-Thunderbolt-Accessory/dp/B0DDPN7VTL/ref=sr_1_145?dib=eyJ2IjoiMSJ9.iUFXkZm5p87DHb7ThaTuCuvCAgLAQhFf5Nfrvd3aC1XQ43dcNEAI3A7pm2I71KxR_OqqezMPc9SLYo8Mhtp8FMIcrPVXK5pzUGoFu14MPnxoq1TVK3GvkqCFuYX-LhINeF0-6BitfB0KV-n0aO0Qre0Z1nxNkeoG_Gucf-Ubv4AR2HivCiVp2JDZqif_H8uO_MBEn05grAfUgpZqYApvIWke-m0uQ7uQfmFsOIhQoYo.N6ZEhFQV72uxBmI9pN_vxPjMYzEALmwNIDmNYa5KNNc&dib_tag=se&keywords=gaming+laptop&qid=1733686268&sr=8-145
"HP Victus 15 Gaming Laptop (15.6"" FHD 144Hz IPS, AMD Ryzen 5 7535HS, 16GB DDR5 RAM, 512GB PCle SSD, (Radeon RX 6550M 4GB Beat RTX3050)) Backlit KB, Wi-Fi 6, Webcam, Ethernet, Win 11 Home, 2024",$649.99,4.2,41.0,https://www.amazon.com/Victus-i5-12450H-GeForce-Backlit-Keyboard/dp/B0BY47SWLV/ref=sr_1_146?dib=eyJ2IjoiMSJ9.iUFXkZm5p87DHb7ThaTuCuvCAgLAQhFf5Nfrvd3aC1XQ43dcNEAI3A7pm2I71KxR_OqqezMPc9SLYo8Mhtp8FMIcrPVXK5pzUGoFu14MPnxoq1TVK3GvkqCFuYX-LhINeF0-6BitfB0KV-n0aO0Qre0Z1nxNkeoG_Gucf-Ubv4AR2HivCiVp2JDZqif_H8uO_MBEn05grAfUgpZqYApvIWke-m0uQ7uQfmFsOIhQoYo.N6ZEhFQV72uxBmI9pN_vxPjMYzEALmwNIDmNYa5KNNc&dib_tag=se&keywords=gaming+laptop&qid=1733686268&sr=8-146
"HP Victus 15.6 i5 Gaming Laptop, 15.6"" FHD 1920*1080 144Hz, Intel Core i5-12450H, NVIDIA GeForce RTX 3050, 16GB RAM, 1TB SSD, Backlit KB, Touchpad, SD Card Reader, Webcam, HDMI, Wi-Fi 6, W11 H, Blue",$617.63,4.1,12.0,https://www.amazon.com/HP-i5-12450H-GeForce-Backlit-Touchpad/dp/B0D841QS9D/ref=sr_1_147?dib=eyJ2IjoiMSJ9.iUFXkZm5p87DHb7ThaTuCuvCAgLAQhFf5Nfrvd3aC1XQ43dcNEAI3A7pm2I71KxR_OqqezMPc9SLYo8Mhtp8FMIcrPVXK5pzUGoFu14MPnxoq1TVK3GvkqCFuYX-LhINeF0-6BitfB0KV-n0aO0Qre0Z1nxNkeoG_Gucf-Ubv4AR2HivCiVp2JDZqif_H8uO_MBEn05grAfUgpZqYApvIWke-m0uQ7uQfmFsOIhQoYo.N6ZEhFQV72uxBmI9pN_vxPjMYzEALmwNIDmNYa5KNNc&dib_tag=se&keywords=gaming+laptop&qid=1733686268&sr=8-147
"Lenovo LOQ Gaming Laptop 15.6"" FHD IPS 144Hz (100% sRGB G-SYNC) AMD Octa-Core Ryzen 7 7435HS (Beats i7-12650H) 32GB RAM 1TB SSD GeForce RTX 4050 Backlit Nahimic Rapid Charge Win11 w/ICP Accessory",$979.00,4.7,5.0,https://www.amazon.com/Lenovo-Octa-Core-i7-12650H-GeForce-Accessory/dp/B0DFH59LQ8/ref=sr_1_148?dib=eyJ2IjoiMSJ9.iUFXkZm5p87DHb7ThaTuCuvCAgLAQhFf5Nfrvd3aC1XQ43dcNEAI3A7pm2I71KxR_OqqezMPc9SLYo8Mhtp8FMIcrPVXK5pzUGoFu14MPnxoq1TVK3GvkqCFuYX-LhINeF0-6BitfB0KV-n0aO0Qre0Z1nxNkeoG_Gucf-Ubv4AR2HivCiVp2JDZqif_H8uO_MBEn05grAfUgpZqYApvIWke-m0uQ7uQfmFsOIhQoYo.N6ZEhFQV72uxBmI9pN_vxPjMYzEALmwNIDmNYa5KNNc&dib_tag=se&keywords=gaming+laptop&qid=1733686268&sr=8-148
"ASUS ROG Strix G18 18"" Gaming Laptop, 2.5K 240Hz Display, Intel 24-Core i9-14900HX, NVIDIA GeForce RTX 4060, 64 GB DDR5 RAM, 2 TB SSD, Backlit Keyboard, Windows 11 Pro, with Office Lifetime License","$2,299.99",5.0,4.0,https://www.amazon.com/sspa/click?ie=UTF8&spc=MTo2Mzk1NDI3NzY2NDM3MzY3OjE3MzM2ODYyNjg6c3BfYnRmOjMwMDU2NzMzNjczNTUwMjo6MDo6&url=%2FASUS-ROG-Strix-G18-i9-14900HX%2Fdp%2FB0DFPXF8MZ%2Fref%3Dsr_1_149_sspa%3Fdib%3DeyJ2IjoiMSJ9.iUFXkZm5p87DHb7ThaTuCuvCAgLAQhFf5Nfrvd3aC1XQ43dcNEAI3A7pm2I71KxR_OqqezMPc9SLYo8Mhtp8FMIcrPVXK5pzUGoFu14MPnxoq1TVK3GvkqCFuYX-LhINeF0-6BitfB0KV-n0aO0Qre0Z1nxNkeoG_Gucf-Ubv4AR2HivCiVp2JDZqif_H8uO_MBEn05grAfUgpZqYApvIWke-m0uQ7uQfmFsOIhQoYo.N6ZEhFQV72uxBmI9pN_vxPjMYzEALmwNIDmNYa5KNNc%26dib_tag%3Dse%26keywords%3Dgaming%2Blaptop%26qid%3D1733686268%26sr%3D8-149-spons%26sp_csd%3Dd2lkZ2V0TmFtZT1zcF9idGY%26psc%3D1
"NIMO 17.3 FHD IPS Business Gaming Laptop, 8-Cores AMD Ryzen9 Pro 6950H 680M Video(Beat i9-10900, up to 4.9GHz), 32GB DDR5, 1TB SSD, 100W Type C, Fingerprint, 2 Years Warranty, WiFi 6, Win 11",$799.00,4.6,15.0,https://www.amazon.com/sspa/click?ie=UTF8&spc=MTo2Mzk1NDI3NzY2NDM3MzY3OjE3MzM2ODYyNjg6c3BfYnRmOjMwMDU2OTA2MjE4MDEwMjo6MDo6&url=%2FNIMO-Business-i9-10900-Fingerprint-Warranty%2Fdp%2FB0DFPBTC2L%2Fref%3Dsr_1_150_sspa%3Fdib%3DeyJ2IjoiMSJ9.iUFXkZm5p87DHb7ThaTuCuvCAgLAQhFf5Nfrvd3aC1XQ43dcNEAI3A7pm2I71KxR_OqqezMPc9SLYo8Mhtp8FMIcrPVXK5pzUGoFu14MPnxoq1TVK3GvkqCFuYX-LhINeF0-6BitfB0KV-n0aO0Qre0Z1nxNkeoG_Gucf-Ubv4AR2HivCiVp2JDZqif_H8uO_MBEn05grAfUgpZqYApvIWke-m0uQ7uQfmFsOIhQoYo.N6ZEhFQV72uxBmI9pN_vxPjMYzEALmwNIDmNYa5KNNc%26dib_tag%3Dse%26keywords%3Dgaming%2Blaptop%26qid%3D1733686268%26sr%3D8-150-spons%26sp_csd%3Dd2lkZ2V0TmFtZT1zcF9idGY%26psc%3D1
"Laptop 16"" 12GB+512GB SSD Celeron N5095 Up to 2.9 GHz Win 11 Laptop Support 512GB TF 1TB SSD Expand Notebook with 1920*1200 FHD 5G WiFi BT 4.2 Webcam Cooling Fan for Students and Business-Red",$459.99,4.3,14.0,https://www.amazon.com/sspa/click?ie=UTF8&spc=MToyMzg3NjUzMTQ2NDMyNTAxOjE3MzM2ODYyNzc6c3BfYXRmX25leHQ6MzAwNTIyOTY0ODI4MjAyOjowOjo&url=%2FCeleron-Support-Notebook-Students-Business-Red%2Fdp%2FB0DKBQBGFZ%2Fref%3Dsr_1_146_sspa%3Fdib%3DeyJ2IjoiMSJ9.50foidctM58icgH1mWpJi2SSaZpcWmcwZ6NqSvwvkOFL5jUwEnxjmHxj0tx-PQNCNFNGnM0-cEeBY5fjw7k_q9XB8JKA3HnJS15J0CyFlDJrPsz5RBjrXIPJ8Ktp2Kr5Uc4uGtZ409Lz1PF0ElnSUKIqp3NbrhlbS499wx7aaOSBm9L59lpiM5SmOJx--xYXlL9oqIu0AXcGfc0omnmrqQngkknte-moAwRortv_xEY.pFgDy3huut7w3V7MQ1yr9zZN-GlqveLEdwoRb1E2Kfg%26dib_tag%3Dse%26keywords%3Dgaming%2Blaptop%26qid%3D1733686277%26sr%3D8-146-spons%26sp_csd%3Dd2lkZ2V0TmFtZT1zcF9hdGZfbmV4dA%26psc%3D1
"ASUS X512DA-BTS2020RL 15.6"" Full HD Laptop – AMD Ryzen 5 - AMD Radeon Vega 8-512GB PCIe SSD – 8GB RAM",$349.00,4.3,286.0,https://www.amazon.com/Asus-X512DA-BTS2020RL-15-6-Full-Laptop/dp/B08G8SJZ2R/ref=sr_1_147?dib=eyJ2IjoiMSJ9.50foidctM58icgH1mWpJi2SSaZpcWmcwZ6NqSvwvkOFL5jUwEnxjmHxj0tx-PQNCNFNGnM0-cEeBY5fjw7k_q9XB8JKA3HnJS15J0CyFlDJrPsz5RBjrXIPJ8Ktp2Kr5Uc4uGtZ409Lz1PF0ElnSUKIqp3NbrhlbS499wx7aaOSBm9L59lpiM5SmOJx--xYXlL9oqIu0AXcGfc0omnmrqQngkknte-moAwRortv_xEY.pFgDy3huut7w3V7MQ1yr9zZN-GlqveLEdwoRb1E2Kfg&dib_tag=se&keywords=gaming+laptop&qid=1733686277&sr=8-147
GIGABYTE - G6X (2024) Gaming Laptop - 165Hz 1920x1200 WUXGA - NVIDIA GeForce RTX 4060 - Intel i7-13650HX - 1TB SSD with 16GB DDR5 RAM - Windows 11 Home AD (G6X 9KG-43US854SH),"$1,049.00",4.2,258.0,https://www.amazon.com/GIGABYTE-1920x1200-GeForce-i7-13650HX-9KG-43US854SH/dp/B0CW273Y8K/ref=sr_1_148?dib=eyJ2IjoiMSJ9.50foidctM58icgH1mWpJi2SSaZpcWmcwZ6NqSvwvkOFL5jUwEnxjmHxj0tx-PQNCNFNGnM0-cEeBY5fjw7k_q9XB8JKA3HnJS15J0CyFlDJrPsz5RBjrXIPJ8Ktp2Kr5Uc4uGtZ409Lz1PF0ElnSUKIqp3NbrhlbS499wx7aaOSBm9L59lpiM5SmOJx--xYXlL9oqIu0AXcGfc0omnmrqQngkknte-moAwRortv_xEY.pFgDy3huut7w3V7MQ1yr9zZN-GlqveLEdwoRb1E2Kfg&dib_tag=se&keywords=gaming+laptop&qid=1733686277&sr=8-148
Lenovo Legion 5i Gaming Laptop - NVIDIA GeForce RTX 4070 8G - 16” WQXGA Display - Intel Core i7-14650HX - 32GB RAM - 512GB SSD - Windows 11 Home - Luna Grey,"$1,344.99",3.9,53.0,https://www.amazon.com/Lenovo-GeForce-Display-i7-14650HX-2560x1600/dp/B0CVLFS7WP/ref=sr_1_149?dib=eyJ2IjoiMSJ9.50foidctM58icgH1mWpJi2SSaZpcWmcwZ6NqSvwvkOFL5jUwEnxjmHxj0tx-PQNCNFNGnM0-cEeBY5fjw7k_q9XB8JKA3HnJS15J0CyFlDJrPsz5RBjrXIPJ8Ktp2Kr5Uc4uGtZ409Lz1PF0ElnSUKIqp3NbrhlbS499wx7aaOSBm9L59lpiM5SmOJx--xYXlL9oqIu0AXcGfc0omnmrqQngkknte-moAwRortv_xEY.pFgDy3huut7w3V7MQ1yr9zZN-GlqveLEdwoRb1E2Kfg&dib_tag=se&keywords=gaming+laptop&qid=1733686277&sr=8-149
"MSI Katana 15 15.6"" 144Hz FHD Gaming Laptop: 13th Gen Intel Core i7, RTX 4070, 16GB DDR5, 1TB NVMe SSD, USB-Type C, Cooler Boost 5, Win11 Home: Black B13VGK-484US","$1,185.00",4.2,389.0,https://www.amazon.com/MSI-Katana-144Hz-Gaming-Laptop/dp/B0BT3FKZ3N/ref=sr_1_150?dib=eyJ2IjoiMSJ9.50foidctM58icgH1mWpJi2SSaZpcWmcwZ6NqSvwvkOFL5jUwEnxjmHxj0tx-PQNCNFNGnM0-cEeBY5fjw7k_q9XB8JKA3HnJS15J0CyFlDJrPsz5RBjrXIPJ8Ktp2Kr5Uc4uGtZ409Lz1PF0ElnSUKIqp3NbrhlbS499wx7aaOSBm9L59lpiM5SmOJx--xYXlL9oqIu0AXcGfc0omnmrqQngkknte-moAwRortv_xEY.pFgDy3huut7w3V7MQ1yr9zZN-GlqveLEdwoRb1E2Kfg&dib_tag=se&keywords=gaming+laptop&qid=1733686277&sr=8-150
"Lenovo 15.6"" Laptop with Intel i5-1235U, IdeaPad 1i, 15.6"" FHD Anti-Glare Display, 12th Gen Intel Core i5-1235U 10-core Processor, Intel Iris Xe Graphics, Windows 11 Home(16GB RAM | 1TB SSD)",$432.28,3.9,102.0,https://www.amazon.com/Lenovo-i5-1235U-IdeaPad-Anti-Glare-Processor/dp/B0BPTDRG9X/ref=sr_1_151?dib=eyJ2IjoiMSJ9.50foidctM58icgH1mWpJi2SSaZpcWmcwZ6NqSvwvkOFL5jUwEnxjmHxj0tx-PQNCNFNGnM0-cEeBY5fjw7k_q9XB8JKA3HnJS15J0CyFlDJrPsz5RBjrXIPJ8Ktp2Kr5Uc4uGtZ409Lz1PF0ElnSUKIqp3NbrhlbS499wx7aaOSBm9L59lpiM5SmOJx--xYXlL9oqIu0AXcGfc0omnmrqQngkknte-moAwRortv_xEY.pFgDy3huut7w3V7MQ1yr9zZN-GlqveLEdwoRb1E2Kfg&dib_tag=se&keywords=gaming+laptop&qid=1733686277&sr=8-151
"ASUS Vivobook Go 15.6” Laptop, AMD Ryzen 5 7520U, 8GB, 512GB, Windows 11 Home, Cool Silver, E1504FA-AS54",$395.97,4.3,216.0,https://www.amazon.com/ASUS-Vivobook-Laptop-Windows-E1504FA-AS54/dp/B0CWJB9ZC6/ref=sr_1_152?dib=eyJ2IjoiMSJ9.50foidctM58icgH1mWpJi2SSaZpcWmcwZ6NqSvwvkOFL5jUwEnxjmHxj0tx-PQNCNFNGnM0-cEeBY5fjw7k_q9XB8JKA3HnJS15J0CyFlDJrPsz5RBjrXIPJ8Ktp2Kr5Uc4uGtZ409Lz1PF0ElnSUKIqp3NbrhlbS499wx7aaOSBm9L59lpiM5SmOJx--xYXlL9oqIu0AXcGfc0omnmrqQngkknte-moAwRortv_xEY.pFgDy3huut7w3V7MQ1yr9zZN-GlqveLEdwoRb1E2Kfg&dib_tag=se&keywords=gaming+laptop&qid=1733686277&sr=8-152
"jumper Laptop, 12GB RAM 640GB ROM, 5305U Processor, 15.6 Inch Computer with Office 365 1-Year Subscription, HD Screen, 38Wh Battery, 2 Stereo Speakers, USB3.0 * 2, Bluetooth 4.2.","$1,199.99",5.0,2.0,https://www.amazon.com/jumper-Processor-Computer-Subscription-Bluetooth/dp/B0DHKJZZNV/ref=sr_1_153?dib=eyJ2IjoiMSJ9.50foidctM58icgH1mWpJi2SSaZpcWmcwZ6NqSvwvkOFL5jUwEnxjmHxj0tx-PQNCNFNGnM0-cEeBY5fjw7k_q9XB8JKA3HnJS15J0CyFlDJrPsz5RBjrXIPJ8Ktp2Kr5Uc4uGtZ409Lz1PF0ElnSUKIqp3NbrhlbS499wx7aaOSBm9L59lpiM5SmOJx--xYXlL9oqIu0AXcGfc0omnmrqQngkknte-moAwRortv_xEY.pFgDy3huut7w3V7MQ1yr9zZN-GlqveLEdwoRb1E2Kfg&dib_tag=se&keywords=gaming+laptop&qid=1733686277&sr=8-153
"jumper Laptop, 12th i5-12450H Gaming Laptop (4.4GHz), 16GB DDR4 512GB NVME SSD, 15.6 Inch Laptops with FHD IPS Screen, 62.7Wh Battery, Bluetooth5.1, USB3.2 * 3, 4 Stereo Speakers, 2 Memory Slots.","$1,499.99",2.5,4.0,https://www.amazon.com/jumper-i5-12450H-Laptops-Bluetooth5-1-Speakers/dp/B0DJ71PK1Q/ref=sr_1_154?dib=eyJ2IjoiMSJ9.50foidctM58icgH1mWpJi2SSaZpcWmcwZ6NqSvwvkOFL5jUwEnxjmHxj0tx-PQNCNFNGnM0-cEeBY5fjw7k_q9XB8JKA3HnJS15J0CyFlDJrPsz5RBjrXIPJ8Ktp2Kr5Uc4uGtZ409Lz1PF0ElnSUKIqp3NbrhlbS499wx7aaOSBm9L59lpiM5SmOJx--xYXlL9oqIu0AXcGfc0omnmrqQngkknte-moAwRortv_xEY.pFgDy3huut7w3V7MQ1yr9zZN-GlqveLEdwoRb1E2Kfg&dib_tag=se&keywords=gaming+laptop&qid=1733686277&sr=8-154
"acer Predator Helios Neo Gaming Laptop - Intel 24-Core i9-14900HX CPU | 16"" 165Hz WUXGA IPS Display | GeForce RTX 4060 | 16GB DDR5 | 1TB SSD | Backlit KB | Win 11 Pro | with Office Lifetime License","$1,629.00",5.0,1.0,https://www.amazon.com/sspa/click?ie=UTF8&spc=MToyMzg3NjUzMTQ2NDMyNTAxOjE3MzM2ODYyNzc6c3BfbXRmOjMwMDU3MzAxMjAwMTEwMjo6MDo6&url=%2Facer-Predator-Helios-Neo-Gaming%2Fdp%2FB0DKF3G2W3%2Fref%3Dsr_1_155_sspa%3Fdib%3DeyJ2IjoiMSJ9.50foidctM58icgH1mWpJi2SSaZpcWmcwZ6NqSvwvkOFL5jUwEnxjmHxj0tx-PQNCNFNGnM0-cEeBY5fjw7k_q9XB8JKA3HnJS15J0CyFlDJrPsz5RBjrXIPJ8Ktp2Kr5Uc4uGtZ409Lz1PF0ElnSUKIqp3NbrhlbS499wx7aaOSBm9L59lpiM5SmOJx--xYXlL9oqIu0AXcGfc0omnmrqQngkknte-moAwRortv_xEY.pFgDy3huut7w3V7MQ1yr9zZN-GlqveLEdwoRb1E2Kfg%26dib_tag%3Dse%26keywords%3Dgaming%2Blaptop%26qid%3D1733686277%26sr%3D8-155-spons%26sp_csd%3Dd2lkZ2V0TmFtZT1zcF9tdGY%26psc%3D1
"Lenovo Legion 5i Gaming Laptop - 16"" WQXGA 165Hz - Intel 24-Core i9-14900HX - GeForce RTX 4060 - Wi-Fi 6E- RGB Backlit Keyboard - W/Hoouwrd Accessories(64GB RAM, 2TB SSD)","$1,999.99",4.5,46.0,https://www.amazon.com/sspa/click?ie=UTF8&spc=MToyMzg3NjUzMTQ2NDMyNTAxOjE3MzM2ODYyNzc6c3BfbXRmOjMwMDU2OTUwODg5NDUwMjo6MDo6&url=%2FLenovo-Legion-5i-Gaming-Laptop%2Fdp%2FB0DP4FLWV9%2Fref%3Dsr_1_156_sspa%3Fdib%3DeyJ2IjoiMSJ9.50foidctM58icgH1mWpJi2SSaZpcWmcwZ6NqSvwvkOFL5jUwEnxjmHxj0tx-PQNCNFNGnM0-cEeBY5fjw7k_q9XB8JKA3HnJS15J0CyFlDJrPsz5RBjrXIPJ8Ktp2Kr5Uc4uGtZ409Lz1PF0ElnSUKIqp3NbrhlbS499wx7aaOSBm9L59lpiM5SmOJx--xYXlL9oqIu0AXcGfc0omnmrqQngkknte-moAwRortv_xEY.pFgDy3huut7w3V7MQ1yr9zZN-GlqveLEdwoRb1E2Kfg%26dib_tag%3Dse%26keywords%3Dgaming%2Blaptop%26qid%3D1733686277%26sr%3D8-156-spons%26sp_csd%3Dd2lkZ2V0TmFtZT1zcF9tdGY%26psc%3D1
"HP Victus 15.6 Ryzen 5 Premium Gaming Laptop, 15.6"" FHD 144Hz, Ryzen 5 7535HS (Beats i5-13420H), AMD Radeon RX 6550M (Beats GeForce RTX 3050), 16GB RAM, 1TB SSD, W11P, with 512GB External SSD Bundle",$637.00,5.0,1.0,https://www.amazon.com/HP-Premium-i5-13420H-GeForce-External/dp/B0DDTWXZN6/ref=sr_1_157?dib=eyJ2IjoiMSJ9.50foidctM58icgH1mWpJi2SSaZpcWmcwZ6NqSvwvkOFL5jUwEnxjmHxj0tx-PQNCNFNGnM0-cEeBY5fjw7k_q9XB8JKA3HnJS15J0CyFlDJrPsz5RBjrXIPJ8Ktp2Kr5Uc4uGtZ409Lz1PF0ElnSUKIqp3NbrhlbS499wx7aaOSBm9L59lpiM5SmOJx--xYXlL9oqIu0AXcGfc0omnmrqQngkknte-moAwRortv_xEY.pFgDy3huut7w3V7MQ1yr9zZN-GlqveLEdwoRb1E2Kfg&dib_tag=se&keywords=gaming+laptop&qid=1733686277&sr=8-157
"Lenovo LOQ 4060 Gaming Laptop 2024 - NVIDIA GeForce RTX 4060 - Ryzen 7 7435HS - 15.6"" FHD IPS Display - Backlit Keyboard - Windows 11 - G-SYNC - HDMI Cable (32GB RAM | 1TB PCIe SSD)",$949.00,4.0,1.0,https://www.amazon.com/Lenovo-IdeaPad-GeForce-Backlit-Keyboard/dp/B0B3QPYMC5/ref=sr_1_158?dib=eyJ2IjoiMSJ9.50foidctM58icgH1mWpJi2SSaZpcWmcwZ6NqSvwvkOFL5jUwEnxjmHxj0tx-PQNCNFNGnM0-cEeBY5fjw7k_q9XB8JKA3HnJS15J0CyFlDJrPsz5RBjrXIPJ8Ktp2Kr5Uc4uGtZ409Lz1PF0ElnSUKIqp3NbrhlbS499wx7aaOSBm9L59lpiM5SmOJx--xYXlL9oqIu0AXcGfc0omnmrqQngkknte-moAwRortv_xEY.pFgDy3huut7w3V7MQ1yr9zZN-GlqveLEdwoRb1E2Kfg&dib_tag=se&keywords=gaming+laptop&qid=1733686277&sr=8-158
"HP Stream 14"" HD BrightView Laptop, Intel Celeron N4120, 16GB RAM, 288GB Storage (128GB eMMC + 160GB Docking Station Set), Intel UHD Graphics, 720p Webcam, Wi-Fi, 1 Year Office 365, Win 11 S, Black",$309.00,4.3,2034.0,https://www.amazon.com/HP-Stream-BrightView-N4120-Graphics/dp/B0CZKS6XHB/ref=sr_1_159?dib=eyJ2IjoiMSJ9.50foidctM58icgH1mWpJi2SSaZpcWmcwZ6NqSvwvkOFL5jUwEnxjmHxj0tx-PQNCNFNGnM0-cEeBY5fjw7k_q9XB8JKA3HnJS15J0CyFlDJrPsz5RBjrXIPJ8Ktp2Kr5Uc4uGtZ409Lz1PF0ElnSUKIqp3NbrhlbS499wx7aaOSBm9L59lpiM5SmOJx--xYXlL9oqIu0AXcGfc0omnmrqQngkknte-moAwRortv_xEY.pFgDy3huut7w3V7MQ1yr9zZN-GlqveLEdwoRb1E2Kfg&dib_tag=se&keywords=gaming+laptop&qid=1733686277&sr=8-159
"ASUS TUF Gaming F17 (2023) Gaming Laptop, 17.3” FHD 144Hz Display, GeForce RTX 3050, Intel Core i5-12500H, 16GB DDR4, 512GB PCIe SSD, Wi-Fi 6, Windows 11, FX707ZC-ES53,Mecha Gray",$849.99,4.5,402.0,https://www.amazon.com/ASUS-Display-GeForce-i5-12500H-FX707ZC-ES53/dp/B0BWHLQ5HN/ref=sr_1_160?dib=eyJ2IjoiMSJ9.50foidctM58icgH1mWpJi2SSaZpcWmcwZ6NqSvwvkOFL5jUwEnxjmHxj0tx-PQNCNFNGnM0-cEeBY5fjw7k_q9XB8JKA3HnJS15J0CyFlDJrPsz5RBjrXIPJ8Ktp2Kr5Uc4uGtZ409Lz1PF0ElnSUKIqp3NbrhlbS499wx7aaOSBm9L59lpiM5SmOJx--xYXlL9oqIu0AXcGfc0omnmrqQngkknte-moAwRortv_xEY.pFgDy3huut7w3V7MQ1yr9zZN-GlqveLEdwoRb1E2Kfg&dib_tag=se&keywords=gaming+laptop&qid=1733686277&sr=8-160
"HP Victus 15.6"" FHD IPS 144Hz Gaming Laptop - Mica Silver - AMD Ryzen 7 8845HS 3.8GHz; NVIDIA GeForce RTX 4060 8GB GDDR6; 16GB DDR5-5600 RAM; 1TB NVMe M.2 SSD; Wi-Fi 6E; Windows 11 Home",$858.98,4.5,2.0,https://www.amazon.com/HP-Victus-144Hz-Gaming-Laptop/dp/B0DB2SVS68/ref=sr_1_161?dib=eyJ2IjoiMSJ9.50foidctM58icgH1mWpJi2SSaZpcWmcwZ6NqSvwvkOFL5jUwEnxjmHxj0tx-PQNCNFNGnM0-cEeBY5fjw7k_q9XB8JKA3HnJS15J0CyFlDJrPsz5RBjrXIPJ8Ktp2Kr5Uc4uGtZ409Lz1PF0ElnSUKIqp3NbrhlbS499wx7aaOSBm9L59lpiM5SmOJx--xYXlL9oqIu0AXcGfc0omnmrqQngkknte-moAwRortv_xEY.pFgDy3huut7w3V7MQ1yr9zZN-GlqveLEdwoRb1E2Kfg&dib_tag=se&keywords=gaming+laptop&qid=1733686277&sr=8-161
"HP Victus Gaming Laptop, 15.6"" FHD 144Hz Display, Ryzen 5-8645HS (Beats i7-12650H), GeForce RTX 4050, 16GB DDR5, 2TB PCIe 4.0, WiFi 6, Backlit, HDMI, RJ45, Keypad, 3-in-1 RGB Gaming Bundle, Win 11",$849.99,3.0,1.0,https://www.amazon.com/HP-Display-5-8645HS-i7-12650H-GeForce/dp/B0DHYR1TQC/ref=sr_1_162?dib=eyJ2IjoiMSJ9.50foidctM58icgH1mWpJi2SSaZpcWmcwZ6NqSvwvkOFL5jUwEnxjmHxj0tx-PQNCNFNGnM0-cEeBY5fjw7k_q9XB8JKA3HnJS15J0CyFlDJrPsz5RBjrXIPJ8Ktp2Kr5Uc4uGtZ409Lz1PF0ElnSUKIqp3NbrhlbS499wx7aaOSBm9L59lpiM5SmOJx--xYXlL9oqIu0AXcGfc0omnmrqQngkknte-moAwRortv_xEY.pFgDy3huut7w3V7MQ1yr9zZN-GlqveLEdwoRb1E2Kfg&dib_tag=se&keywords=gaming+laptop&qid=1733686277&sr=8-162
"acer Gateway Chromebook 311 CBO311-1H-C1MX Laptop | Intel Celeron N4500 | 11.6"" HD (1366 x 768) Display | 4GB LPDDR4X | 64GB eMMC | Wi-Fi 5 802.11ac | Chrome OS | Star Black",$147.00,4.5,10290.0,https://www.amazon.com/acer-Gateway-Chromebook-CBO311-1H-C1MX-802-11ac/dp/B0D33NC672/ref=sr_1_163_mod_primary_new?dib=eyJ2IjoiMSJ9.50foidctM58icgH1mWpJi2SSaZpcWmcwZ6NqSvwvkOFL5jUwEnxjmHxj0tx-PQNCNFNGnM0-cEeBY5fjw7k_q9XB8JKA3HnJS15J0CyFlDJrPsz5RBjrXIPJ8Ktp2Kr5Uc4uGtZ409Lz1PF0ElnSUKIqp3NbrhlbS499wx7aaOSBm9L59lpiM5SmOJx--xYXlL9oqIu0AXcGfc0omnmrqQngkknte-moAwRortv_xEY.pFgDy3huut7w3V7MQ1yr9zZN-GlqveLEdwoRb1E2Kfg&dib_tag=se&keywords=gaming+laptop&qid=1733686277&sbo=RZvfv%2F%2FHxDF%2BO5021pAnSA%3D%3D&sr=8-163
HP Victus 15 Gaming Laptop 15.6” FHD IPS Anti-Glare 144Hz Intel 8-core i5-12450H (Beat i7-11800H) 16GB RAM 512GB SSD GeForce RTX 3050 Backlit B&O Fast Charging Win11 Blue w/ICP Accessory,$599.00,5.0,2.0,https://www.amazon.com/HP-Anti-Glare-i5-12450H-i7-11800H-Accessory/dp/B0DMZZQ7QM/ref=sr_1_164?dib=eyJ2IjoiMSJ9.50foidctM58icgH1mWpJi2SSaZpcWmcwZ6NqSvwvkOFL5jUwEnxjmHxj0tx-PQNCNFNGnM0-cEeBY5fjw7k_q9XB8JKA3HnJS15J0CyFlDJrPsz5RBjrXIPJ8Ktp2Kr5Uc4uGtZ409Lz1PF0ElnSUKIqp3NbrhlbS499wx7aaOSBm9L59lpiM5SmOJx--xYXlL9oqIu0AXcGfc0omnmrqQngkknte-moAwRortv_xEY.pFgDy3huut7w3V7MQ1yr9zZN-GlqveLEdwoRb1E2Kfg&dib_tag=se&keywords=gaming+laptop&qid=1733686277&sr=8-164
"NIMO 15.6 FHD IPS Business Gaming Laptop,6-Cores AMD Ryzen 5 6600H 660M 6 nm, 32GB RAM DDR5, 1TB SSD (Beat i5-12450H, up to 4.5GHz),100W Type-C, Fingerprint, Backlit Keyboard, WiFi 5, Win 11",$619.00,5.0,14.0,https://www.amazon.com/sspa/click?ie=UTF8&spc=MToyMzg3NjUzMTQ2NDMyNTAxOjE3MzM2ODYyNzc6c3BfYnRmOjMwMDU3MDMwNzY2OTkwMjo6MDo6&url=%2FNIMO-AMD-6600H-i5-12450H-Fingerprint%2Fdp%2FB0DFP7857T%2Fref%3Dsr_1_165_sspa%3Fdib%3DeyJ2IjoiMSJ9.50foidctM58icgH1mWpJi2SSaZpcWmcwZ6NqSvwvkOFL5jUwEnxjmHxj0tx-PQNCNFNGnM0-cEeBY5fjw7k_q9XB8JKA3HnJS15J0CyFlDJrPsz5RBjrXIPJ8Ktp2Kr5Uc4uGtZ409Lz1PF0ElnSUKIqp3NbrhlbS499wx7aaOSBm9L59lpiM5SmOJx--xYXlL9oqIu0AXcGfc0omnmrqQngkknte-moAwRortv_xEY.pFgDy3huut7w3V7MQ1yr9zZN-GlqveLEdwoRb1E2Kfg%26dib_tag%3Dse%26keywords%3Dgaming%2Blaptop%26qid%3D1733686277%26sr%3D8-165-spons%26sp_csd%3Dd2lkZ2V0TmFtZT1zcF9idGY%26psc%3D1
"15.6'' Laptop Computer,16GB DDR4 1TB SSD,Quad-Core Intel N5095 CPU(Up to 2.9GHz),Student/Business Laptop with 1080P FHD Display,44WH Battery,2.4/5G WiFi,BT 4.2,Webcam,USB 3.0,Backlit Keyboard (Silver)",$349.99,3.8,10.0,https://www.amazon.com/sspa/click?ie=UTF8&spc=MToyMzg3NjUzMTQ2NDMyNTAxOjE3MzM2ODYyNzc6c3BfYnRmOjMwMDU2MjcwNjM5ODMwMjo6MDo6&url=%2FComputer-Quad-Core-Student-Business-Keyboard%2Fdp%2FB0D8KFJC2L%2Fref%3Dsr_1_166_sspa%3Fdib%3DeyJ2IjoiMSJ9.50foidctM58icgH1mWpJi2SSaZpcWmcwZ6NqSvwvkOFL5jUwEnxjmHxj0tx-PQNCNFNGnM0-cEeBY5fjw7k_q9XB8JKA3HnJS15J0CyFlDJrPsz5RBjrXIPJ8Ktp2Kr5Uc4uGtZ409Lz1PF0ElnSUKIqp3NbrhlbS499wx7aaOSBm9L59lpiM5SmOJx--xYXlL9oqIu0AXcGfc0omnmrqQngkknte-moAwRortv_xEY.pFgDy3huut7w3V7MQ1yr9zZN-GlqveLEdwoRb1E2Kfg%26dib_tag%3Dse%26keywords%3Dgaming%2Blaptop%26qid%3D1733686277%26sr%3D8-166-spons%26sp_csd%3Dd2lkZ2V0TmFtZT1zcF9idGY%26psc%3D1
"Lenovo ThinkBook 16 G6 Laptop, 16"" FHD+ Computer, AMD Octa-Core Ryzen 7 7730U (Beat i7-1355U), 32GB DDR4 RAM, 1TB PCIe SSD, WiFi 6, Bluetooth 5.3, Fingerprint Reader, Grey, Windows 11 Pro, Befectoy",$749.00,5.0,3.0,https://www.amazon.com/sspa/click?ie=UTF8&spc=MTo3MjYwMDIzMjY0NDkwMzg5OjE3MzM2ODYyOTI6c3BfYXRmX25leHQ6MzAwNTI1MDc5ODQ0NDAyOjowOjo&url=%2FLenovo-ThinkBook-16-G6-Fingerprint%2Fdp%2FB0DLFG52KT%2Fref%3Dsr_1_162_sspa%3Fdib%3DeyJ2IjoiMSJ9.IK0ZUqvxMQs1Jr_bqQXAgGophl4aIzkgyprkXPfByKzVbNOOcqKbnDdUuFdMtUZRu40FgL-mZiOq7prHHYr9-63vsAhxx0Ms7Krm6r6DL2K4yXD66AcCMdDqED1dkt-lBc-hukz7JZicHIDpbiOc0v6BqGV0jUag8mDRifpOT4W3_f6S0UTZHS8fxBy_iE0c4HfqQw7DWIkHuASGmBYyqWez08sQj2KwQbCcgmRdKSE.leb68cKvoekTGjTs3bihkGPxUAPfwKaui94J5WSwg0E%26dib_tag%3Dse%26keywords%3Dgaming%2Blaptop%26qid%3D1733686292%26sr%3D8-162-spons%26sp_csd%3Dd2lkZ2V0TmFtZT1zcF9hdGZfbmV4dA%26psc%3D1
GIGABYTE - AORUS 16X (2024) Gaming Laptop - 165Hz 2560x1600 WQXGA - NVIDIA GeForce RTX 4060 - Intel i7-14650HX - 1TB SSD with 32GB DDR5 RAM - Windows 11 Home AD (AORUS 16X AKG-53USC64SH),"$1,299.00",4.1,99.0,https://www.amazon.com/GIGABYTE-2560x1600-GeForce-i7-14650HX-AKG-53USC64SH/dp/B0CW2BM5MV/ref=sr_1_163?dib=eyJ2IjoiMSJ9.IK0ZUqvxMQs1Jr_bqQXAgGophl4aIzkgyprkXPfByKzVbNOOcqKbnDdUuFdMtUZRu40FgL-mZiOq7prHHYr9-63vsAhxx0Ms7Krm6r6DL2K4yXD66AcCMdDqED1dkt-lBc-hukz7JZicHIDpbiOc0v6BqGV0jUag8mDRifpOT4W3_f6S0UTZHS8fxBy_iE0c4HfqQw7DWIkHuASGmBYyqWez08sQj2KwQbCcgmRdKSE.leb68cKvoekTGjTs3bihkGPxUAPfwKaui94J5WSwg0E&dib_tag=se&keywords=gaming+laptop&qid=1733686292&sr=8-163
"Alienware M18 Gaming Laptop - 18-inch QHD+ 165Hz 3ms Display, Intel Core i7-14700HX, 16GB DDR5 RAM, 1TB SSD, NVIDIA GeForce RTX 4070 8GB GDDR6, Windows 11 Home, Onsite Service - Dark Metallic Moon","$2,298.99",3.7,65.0,https://www.amazon.com/Alienware-M18-Gaming-Laptop-i7-14700HX/dp/B0CXVSRY56/ref=sr_1_164?dib=eyJ2IjoiMSJ9.IK0ZUqvxMQs1Jr_bqQXAgGophl4aIzkgyprkXPfByKzVbNOOcqKbnDdUuFdMtUZRu40FgL-mZiOq7prHHYr9-63vsAhxx0Ms7Krm6r6DL2K4yXD66AcCMdDqED1dkt-lBc-hukz7JZicHIDpbiOc0v6BqGV0jUag8mDRifpOT4W3_f6S0UTZHS8fxBy_iE0c4HfqQw7DWIkHuASGmBYyqWez08sQj2KwQbCcgmRdKSE.leb68cKvoekTGjTs3bihkGPxUAPfwKaui94J5WSwg0E&dib_tag=se&keywords=gaming+laptop&qid=1733686292&sr=8-164
"MSI Cyborg 15 Gaming Laptop: Intel Core i5-12450H GeForce RTX 2050, 15.6"" FHD, 144Hz, 16GB DDR5, 512GB NVMe SSD, Type-C USB 3.2 Gen 1, Cooler Boost 5, Win 11 Home: Black A12UCX-276US",$699.00,4.2,34.0,https://www.amazon.com/MSI-Cyborg-Gaming-Laptop-A12UCX-276US/dp/B0C5JQZ8L8/ref=sr_1_165?dib=eyJ2IjoiMSJ9.IK0ZUqvxMQs1Jr_bqQXAgGophl4aIzkgyprkXPfByKzVbNOOcqKbnDdUuFdMtUZRu40FgL-mZiOq7prHHYr9-63vsAhxx0Ms7Krm6r6DL2K4yXD66AcCMdDqED1dkt-lBc-hukz7JZicHIDpbiOc0v6BqGV0jUag8mDRifpOT4W3_f6S0UTZHS8fxBy_iE0c4HfqQw7DWIkHuASGmBYyqWez08sQj2KwQbCcgmRdKSE.leb68cKvoekTGjTs3bihkGPxUAPfwKaui94J5WSwg0E&dib_tag=se&keywords=gaming+laptop&qid=1733686292&sr=8-165
"Acer Predator Triton Neo 16 Gaming Creator Laptop | 16"" WQXGA+ 165Hz Calman Verified | AI-Powered | Intel Core Ultra 9 processor 185H | NVIDIA GeForce RTX 4070 | 32GB LPDDR5X | 1TB SSD | PTN16-51-932N","$1,575.00",4.2,43.0,https://www.amazon.com/Predator-Verified-AI-Powered-processor-PTN16-51-932N/dp/B0CZBVRSXT/ref=sr_1_166?dib=eyJ2IjoiMSJ9.IK0ZUqvxMQs1Jr_bqQXAgGophl4aIzkgyprkXPfByKzVbNOOcqKbnDdUuFdMtUZRu40FgL-mZiOq7prHHYr9-63vsAhxx0Ms7Krm6r6DL2K4yXD66AcCMdDqED1dkt-lBc-hukz7JZicHIDpbiOc0v6BqGV0jUag8mDRifpOT4W3_f6S0UTZHS8fxBy_iE0c4HfqQw7DWIkHuASGmBYyqWez08sQj2KwQbCcgmRdKSE.leb68cKvoekTGjTs3bihkGPxUAPfwKaui94J5WSwg0E&dib_tag=se&keywords=gaming+laptop&qid=1733686292&sr=8-166
"HP 17 Laptop, 17.3” HD+ Display, 11th Gen Intel Core i3-1125G4 Processor, 32GB RAM, 1TB SSD, Wi-Fi, HDMI, Webcam, Windows 11 Home, Silver",$490.00,4.2,1678.0,https://www.amazon.com/HP-Display-i3-1125G4-Processor-Windows/dp/B0C3RNRB8W/ref=sr_1_167?dib=eyJ2IjoiMSJ9.IK0ZUqvxMQs1Jr_bqQXAgGophl4aIzkgyprkXPfByKzVbNOOcqKbnDdUuFdMtUZRu40FgL-mZiOq7prHHYr9-63vsAhxx0Ms7Krm6r6DL2K4yXD66AcCMdDqED1dkt-lBc-hukz7JZicHIDpbiOc0v6BqGV0jUag8mDRifpOT4W3_f6S0UTZHS8fxBy_iE0c4HfqQw7DWIkHuASGmBYyqWez08sQj2KwQbCcgmRdKSE.leb68cKvoekTGjTs3bihkGPxUAPfwKaui94J5WSwg0E&dib_tag=se&keywords=gaming+laptop&qid=1733686292&sr=8-167
"Apple 2022 MacBook Air Laptop with M2 chip: Built for Apple Intelligence, 13.6-inch Liquid Retina Display, 16GB RAM, 256GB SSD Storage, Backlit Keyboard, 1080p FaceTime HD Camera; Midnight",$949.99,4.7,3369.0,https://www.amazon.com/Apple-2022-MacBook-Laptop-chip/dp/B0DLHCWH55/ref=sr_1_168?dib=eyJ2IjoiMSJ9.IK0ZUqvxMQs1Jr_bqQXAgGophl4aIzkgyprkXPfByKzVbNOOcqKbnDdUuFdMtUZRu40FgL-mZiOq7prHHYr9-63vsAhxx0Ms7Krm6r6DL2K4yXD66AcCMdDqED1dkt-lBc-hukz7JZicHIDpbiOc0v6BqGV0jUag8mDRifpOT4W3_f6S0UTZHS8fxBy_iE0c4HfqQw7DWIkHuASGmBYyqWez08sQj2KwQbCcgmRdKSE.leb68cKvoekTGjTs3bihkGPxUAPfwKaui94J5WSwg0E&dib_tag=se&keywords=gaming+laptop&qid=1733686292&sr=8-168
"acer Aspire Premium Laptop | 32GB RAM | 1TB SSD |15.6"""" FHD Display | AMD Ryzen 5 5500U (Beats i7-1250U) | Long Battery Life | Sleek Design | Ethernet Port | Windows 11 Pro | w/WOWPC Bundle, Silver",$599.00,4.1,41.0,https://www.amazon.com/acer-Aspire-Premium-i7-1250U-Ethernet/dp/B0D6X8T4QS/ref=sr_1_169?dib=eyJ2IjoiMSJ9.IK0ZUqvxMQs1Jr_bqQXAgGophl4aIzkgyprkXPfByKzVbNOOcqKbnDdUuFdMtUZRu40FgL-mZiOq7prHHYr9-63vsAhxx0Ms7Krm6r6DL2K4yXD66AcCMdDqED1dkt-lBc-hukz7JZicHIDpbiOc0v6BqGV0jUag8mDRifpOT4W3_f6S0UTZHS8fxBy_iE0c4HfqQw7DWIkHuASGmBYyqWez08sQj2KwQbCcgmRdKSE.leb68cKvoekTGjTs3bihkGPxUAPfwKaui94J5WSwg0E&dib_tag=se&keywords=gaming+laptop&qid=1733686292&sr=8-169
"GIGABYTE AORUS 17H: 17.3"" Thin Bezel FHD1920x1080 360Hz Display, NVIDIA GeForce RTX 4080 Laptop GPU 12GB GDDR6, Intel Core i7-13700H,16GB DDR5 RAM, 1TB SSD,Win11 Home AD(AORUS 17H BXF-74US554SH),Black","$1,815.43",4.0,37.0,https://www.amazon.com/Gigabyte-AORUS-17H-1920x1080-BXF-74US554SH/dp/B0BSR8959Z/ref=sr_1_170?dib=eyJ2IjoiMSJ9.IK0ZUqvxMQs1Jr_bqQXAgGophl4aIzkgyprkXPfByKzVbNOOcqKbnDdUuFdMtUZRu40FgL-mZiOq7prHHYr9-63vsAhxx0Ms7Krm6r6DL2K4yXD66AcCMdDqED1dkt-lBc-hukz7JZicHIDpbiOc0v6BqGV0jUag8mDRifpOT4W3_f6S0UTZHS8fxBy_iE0c4HfqQw7DWIkHuASGmBYyqWez08sQj2KwQbCcgmRdKSE.leb68cKvoekTGjTs3bihkGPxUAPfwKaui94J5WSwg0E&dib_tag=se&keywords=gaming+laptop&qid=1733686292&sr=8-170
"acer Predator Helios Neo Gaming Laptop - Intel 24-Core i9-14900HX CPU | 16"" 165Hz WUXGA IPS Display | GeForce RTX 4060 | 64GB DDR5 | 2TB SSD | Backlit KB | Win 11 Pro | with Office Lifetime License","$1,899.00",5.0,1.0,https://www.amazon.com/sspa/click?ie=UTF8&spc=MTo3MjYwMDIzMjY0NDkwMzg5OjE3MzM2ODYyOTI6c3BfbXRmOjMwMDU3MzAxMjAwMDcwMjo6MDo6&url=%2Facer-Predator-Helios-Neo-Gaming%2Fdp%2FB0DKF3BD6B%2Fref%3Dsr_1_172_sspa%3Fdib%3DeyJ2IjoiMSJ9.IK0ZUqvxMQs1Jr_bqQXAgGophl4aIzkgyprkXPfByKzVbNOOcqKbnDdUuFdMtUZRu40FgL-mZiOq7prHHYr9-63vsAhxx0Ms7Krm6r6DL2K4yXD66AcCMdDqED1dkt-lBc-hukz7JZicHIDpbiOc0v6BqGV0jUag8mDRifpOT4W3_f6S0UTZHS8fxBy_iE0c4HfqQw7DWIkHuASGmBYyqWez08sQj2KwQbCcgmRdKSE.leb68cKvoekTGjTs3bihkGPxUAPfwKaui94J5WSwg0E%26dib_tag%3Dse%26keywords%3Dgaming%2Blaptop%26qid%3D1733686292%26sr%3D8-172-spons%26sp_csd%3Dd2lkZ2V0TmFtZT1zcF9tdGY%26psc%3D1
"acer Nitro V 16 Gaming Laptop 16"" WUXGA IPS 165Hz AMD Zen 4 Octa-Core Ryzen 7 8845HS (Beats i7-12700H) 32GB RAM 1TB SSD GeForce RTX 4060 8GB Backlit Win11 w/ICP Accessory","$1,099.00",5.0,1.0,https://www.amazon.com/acer-Octa-Core-i7-12700H-GeForce-Accessory/dp/B0DFHBXG9T/ref=sr_1_175?dib=eyJ2IjoiMSJ9.IK0ZUqvxMQs1Jr_bqQXAgGophl4aIzkgyprkXPfByKzVbNOOcqKbnDdUuFdMtUZRu40FgL-mZiOq7prHHYr9-63vsAhxx0Ms7Krm6r6DL2K4yXD66AcCMdDqED1dkt-lBc-hukz7JZicHIDpbiOc0v6BqGV0jUag8mDRifpOT4W3_f6S0UTZHS8fxBy_iE0c4HfqQw7DWIkHuASGmBYyqWez08sQj2KwQbCcgmRdKSE.leb68cKvoekTGjTs3bihkGPxUAPfwKaui94J5WSwg0E&dib_tag=se&keywords=gaming+laptop&qid=1733686292&sr=8-175
"ASUS Vivobook Go 15.6” FHD Slim Laptop, AMD Ryzen 3 7320U Quad Core Processor, 8GB DDR5 RAM, 128GB SSD, Windows 11 Home, Fast Charging, Webcam Sheild, Mixed Black, E1504FA-AS33",$278.70,4.2,280.0,https://www.amazon.com/ASUS-Vivobook-Laptop-Windows-E1504FA-AS33/dp/B0CWHYV27D/ref=sr_1_176?dib=eyJ2IjoiMSJ9.IK0ZUqvxMQs1Jr_bqQXAgGophl4aIzkgyprkXPfByKzVbNOOcqKbnDdUuFdMtUZRu40FgL-mZiOq7prHHYr9-63vsAhxx0Ms7Krm6r6DL2K4yXD66AcCMdDqED1dkt-lBc-hukz7JZicHIDpbiOc0v6BqGV0jUag8mDRifpOT4W3_f6S0UTZHS8fxBy_iE0c4HfqQw7DWIkHuASGmBYyqWez08sQj2KwQbCcgmRdKSE.leb68cKvoekTGjTs3bihkGPxUAPfwKaui94J5WSwg0E&dib_tag=se&keywords=gaming+laptop&qid=1733686292&sr=8-176
"HP Victus Gaming Laptop, 15.6"" FHD Display, 12th Gen 8-Core i5 12450H (Up to 4.40 GHz), GeForce RTX 3050, 32GB RAM, 1TB PCle 4.0, Backlit KB, Keypad, WiFi 6, RJ45, USB-C, PDG HDMI Cable, Win 11 Pro",$659.99,4.7,4.0,https://www.amazon.com/HP-Victus-Display-GeForce-Backlit/dp/B0D856NHF5/ref=sr_1_177?dib=eyJ2IjoiMSJ9.IK0ZUqvxMQs1Jr_bqQXAgGophl4aIzkgyprkXPfByKzVbNOOcqKbnDdUuFdMtUZRu40FgL-mZiOq7prHHYr9-63vsAhxx0Ms7Krm6r6DL2K4yXD66AcCMdDqED1dkt-lBc-hukz7JZicHIDpbiOc0v6BqGV0jUag8mDRifpOT4W3_f6S0UTZHS8fxBy_iE0c4HfqQw7DWIkHuASGmBYyqWez08sQj2KwQbCcgmRdKSE.leb68cKvoekTGjTs3bihkGPxUAPfwKaui94J5WSwg0E&dib_tag=se&keywords=gaming+laptop&qid=1733686292&sr=8-177
"MSI GE76 Raider Gaming Laptop 2021 (1TB SSD, 16GB RAM) 17.3"" FHD 144 Hz, Intel Core i7-1180H (11th Gen), NVIDIA GeForce RTX 3060, Windows 10 64bit (Titanium Blue) 11UE-046 US Model","$1,265.90",4.5,137.0,https://www.amazon.com/MSI-GE76-i7-1180H-Titanium-11UE-046/dp/B097NHS4P1/ref=sr_1_178?dib=eyJ2IjoiMSJ9.IK0ZUqvxMQs1Jr_bqQXAgGophl4aIzkgyprkXPfByKzVbNOOcqKbnDdUuFdMtUZRu40FgL-mZiOq7prHHYr9-63vsAhxx0Ms7Krm6r6DL2K4yXD66AcCMdDqED1dkt-lBc-hukz7JZicHIDpbiOc0v6BqGV0jUag8mDRifpOT4W3_f6S0UTZHS8fxBy_iE0c4HfqQw7DWIkHuASGmBYyqWez08sQj2KwQbCcgmRdKSE.leb68cKvoekTGjTs3bihkGPxUAPfwKaui94J5WSwg0E&dib_tag=se&keywords=gaming+laptop&qid=1733686292&sr=8-178
"Dell 2023 Newest Inspiron 15 3525 Laptop, 15.6"" FHD Display, AMD Ryzen 5 5500U Processor up to 4GHz, 16GB RAM, 512GB SSD, AMD Radeon Graphics, Wi-Fi, Bluetooth, Windows 11 Home",$448.00,4.2,259.0,https://www.amazon.com/Dell-Inspiron-15-3525-Laptop/dp/B0CKMZ1DMH/ref=sr_1_179?dib=eyJ2IjoiMSJ9.IK0ZUqvxMQs1Jr_bqQXAgGophl4aIzkgyprkXPfByKzVbNOOcqKbnDdUuFdMtUZRu40FgL-mZiOq7prHHYr9-63vsAhxx0Ms7Krm6r6DL2K4yXD66AcCMdDqED1dkt-lBc-hukz7JZicHIDpbiOc0v6BqGV0jUag8mDRifpOT4W3_f6S0UTZHS8fxBy_iE0c4HfqQw7DWIkHuASGmBYyqWez08sQj2KwQbCcgmRdKSE.leb68cKvoekTGjTs3bihkGPxUAPfwKaui94J5WSwg0E&dib_tag=se&keywords=gaming+laptop&qid=1733686292&sr=8-179
"15.6 FHD IPS Student Laptop Computer, 16GB RAM 1TB SSD, 4-Cores Pentium N100 (Beat i3-1115G4, Up to 3.4GHz), Backlit Keyboard, Fingerprint,2 Years Warranty, WiFi 6, Win 11 H",$379.00,4.5,99.0,https://www.amazon.com/Computer-i3-1115G4-Keyboard-Fingerprint-Warranty/dp/B0DFP7PY78/ref=sr_1_180?dib=eyJ2IjoiMSJ9.IK0ZUqvxMQs1Jr_bqQXAgGophl4aIzkgyprkXPfByKzVbNOOcqKbnDdUuFdMtUZRu40FgL-mZiOq7prHHYr9-63vsAhxx0Ms7Krm6r6DL2K4yXD66AcCMdDqED1dkt-lBc-hukz7JZicHIDpbiOc0v6BqGV0jUag8mDRifpOT4W3_f6S0UTZHS8fxBy_iE0c4HfqQw7DWIkHuASGmBYyqWez08sQj2KwQbCcgmRdKSE.leb68cKvoekTGjTs3bihkGPxUAPfwKaui94J5WSwg0E&dib_tag=se&keywords=gaming+laptop&qid=1733686292&sr=8-180
"Acer Nitro V Gaming Laptop | Intel Core i9-13900H Processor | NVIDIA GeForce RTX 4060 Laptop GPU | 15.6"" FHD IPS 144Hz Display | 16GB DDR5 | 512GB Gen 4 SSD | WiFi 6 | Backlit KB | ANV15-51-99DR",$949.99,4.4,398.0,https://www.amazon.com/sspa/click?ie=UTF8&spc=MTo3MjYwMDIzMjY0NDkwMzg5OjE3MzM2ODYyOTI6c3BfYnRmOjMwMDQ5NjgzNzkwODIwMjo6MDo6&url=%2Fi9-13900H-Processor-GeForce-Display-ANV15-51-99DR%2Fdp%2FB0D8JXHZTH%2Fref%3Dsr_1_181_sspa%3Fdib%3DeyJ2IjoiMSJ9.IK0ZUqvxMQs1Jr_bqQXAgGophl4aIzkgyprkXPfByKzVbNOOcqKbnDdUuFdMtUZRu40FgL-mZiOq7prHHYr9-63vsAhxx0Ms7Krm6r6DL2K4yXD66AcCMdDqED1dkt-lBc-hukz7JZicHIDpbiOc0v6BqGV0jUag8mDRifpOT4W3_f6S0UTZHS8fxBy_iE0c4HfqQw7DWIkHuASGmBYyqWez08sQj2KwQbCcgmRdKSE.leb68cKvoekTGjTs3bihkGPxUAPfwKaui94J5WSwg0E%26dib_tag%3Dse%26keywords%3Dgaming%2Blaptop%26qid%3D1733686292%26sr%3D8-181-spons%26sp_csd%3Dd2lkZ2V0TmFtZT1zcF9idGY%26psc%3D1
"Lenovo V15 Business Laptop | Intel 4-core Processor | 15.6"" FHD (1920 x 1080) | 32GB RAM | 1TB SSD | Ethernet RJ-45 | Military Durability | Windows 11 Pro | w/WOWPC 500GB External Storage",$549.00,4.3,45.0,https://www.amazon.com/sspa/click?ie=UTF8&spc=MTo3MjYwMDIzMjY0NDkwMzg5OjE3MzM2ODYyOTI6c3BfYnRmOjMwMDMwNDk3OTE4NTMwMjo6MDo6&url=%2FLenovo-V15-Business-Processor-Durability%2Fdp%2FB0D9R244KS%2Fref%3Dsr_1_182_sspa%3Fdib%3DeyJ2IjoiMSJ9.IK0ZUqvxMQs1Jr_bqQXAgGophl4aIzkgyprkXPfByKzVbNOOcqKbnDdUuFdMtUZRu40FgL-mZiOq7prHHYr9-63vsAhxx0Ms7Krm6r6DL2K4yXD66AcCMdDqED1dkt-lBc-hukz7JZicHIDpbiOc0v6BqGV0jUag8mDRifpOT4W3_f6S0UTZHS8fxBy_iE0c4HfqQw7DWIkHuASGmBYyqWez08sQj2KwQbCcgmRdKSE.leb68cKvoekTGjTs3bihkGPxUAPfwKaui94J5WSwg0E%26dib_tag%3Dse%26keywords%3Dgaming%2Blaptop%26qid%3D1733686292%26sr%3D8-182-spons%26sp_csd%3Dd2lkZ2V0TmFtZT1zcF9idGY%26psc%3D1
"HP 17.3"" Full HD Laptop, AMD Ryzen 5 5500U (Beat i5-10500), 6-Core up to 4.0GHz, 16GB RAM, 512GB NVMe SSD, USB-C, Fingerprint, HDMI, Webcam, WiFi, Windows 11 Home, Natural Silver, EAT Mouse pad",$449.00,5.0,1.0,https://www.amazon.com/sspa/click?ie=UTF8&spc=MToxNzk2NDY3MjkwODczNDc0OjE3MzM2ODYzMTQ6c3BfYXRmX25leHQ6MzAwNTc4NzY0MzMwNTAyOjowOjo&url=%2FHP-AMD-i5-10500-Fingerprint-Windows%2Fdp%2FB0CYBS2R3Z%2Fref%3Dsr_1_177_sspa%3Fdib%3DeyJ2IjoiMSJ9.9vxXL74PQTuVIbOkT3yzwFd4B7fhVzW9H3-DeiBL_SglVbE7b0a6EzPn4kS2yJmSclubgDMJPVlVqGkDxzfO4xa4l5LCUCsB5ti6VaEkF28R4Bfc6x7eF9wGu30mqpd5hQzs9nXxaE8y1nMeds9q_y7elZ7_YYjxiyh51AT26LRuomjjx5GiE6rfhQNjYoas_yhrEhXxCTRy8Ht1oTiOnKB-ElNoCiD2aQP9RMsZeX8.AH-xT8-5b0hrmlQY_coJDceDjGnJW53owLoUw-9Cbrs%26dib_tag%3Dse%26keywords%3Dgaming%2Blaptop%26qid%3D1733686314%26sr%3D8-177-spons%26sp_csd%3Dd2lkZ2V0TmFtZT1zcF9hdGZfbmV4dA%26psc%3D1
"Apple 2024 MacBook Air 15-inch Laptop with M3 chip: Built for Apple Intelligence, 15.3-inch Liquid Retina Display, 16GB Unified Memory, 256GB SSD Storage, Backlit Keyboard, Touch ID; Midnight","$1,199.00",4.8,330.0,https://www.amazon.com/sspa/click?ie=UTF8&spc=MToxNzk2NDY3MjkwODczNDc0OjE3MzM2ODYzMTQ6c3BfYXRmX25leHQ6MzAwNTExMDMzMDE3NzAyOjowOjo&url=%2FApple-2024-MacBook-15-inch-Laptop%2Fdp%2FB0DLJ4J78G%2Fref%3Dsr_1_178_sspa%3Fdib%3DeyJ2IjoiMSJ9.9vxXL74PQTuVIbOkT3yzwFd4B7fhVzW9H3-DeiBL_SglVbE7b0a6EzPn4kS2yJmSclubgDMJPVlVqGkDxzfO4xa4l5LCUCsB5ti6VaEkF28R4Bfc6x7eF9wGu30mqpd5hQzs9nXxaE8y1nMeds9q_y7elZ7_YYjxiyh51AT26LRuomjjx5GiE6rfhQNjYoas_yhrEhXxCTRy8Ht1oTiOnKB-ElNoCiD2aQP9RMsZeX8.AH-xT8-5b0hrmlQY_coJDceDjGnJW53owLoUw-9Cbrs%26dib_tag%3Dse%26keywords%3Dgaming%2Blaptop%26qid%3D1733686314%26sr%3D8-178-spons%26sp_csd%3Dd2lkZ2V0TmFtZT1zcF9hdGZfbmV4dA%26psc%3D1
"Acer Chromebook 516 GE Cloud Gaming Laptop | 16.0"" WQXGA 2560x1600 100% sRGB 120Hz IPS | Intel Core i5-1240P | 16GB LPDDR4X | 256GB Gen 4 SSD | Wi-Fi 6E | RGB Backlit KB | Chrome OS | CBG516-1H-53TD",$599.99,4.1,55.0,https://www.amazon.com/Chromebook-2560x1600-i5-1240P-LPDDR4X-CBG516-1H-53TD/dp/B0CV61RWHF/ref=sr_1_179?dib=eyJ2IjoiMSJ9.9vxXL74PQTuVIbOkT3yzwFd4B7fhVzW9H3-DeiBL_SglVbE7b0a6EzPn4kS2yJmSclubgDMJPVlVqGkDxzfO4xa4l5LCUCsB5ti6VaEkF28R4Bfc6x7eF9wGu30mqpd5hQzs9nXxaE8y1nMeds9q_y7elZ7_YYjxiyh51AT26LRuomjjx5GiE6rfhQNjYoas_yhrEhXxCTRy8Ht1oTiOnKB-ElNoCiD2aQP9RMsZeX8.AH-xT8-5b0hrmlQY_coJDceDjGnJW53owLoUw-9Cbrs&dib_tag=se&keywords=gaming+laptop&qid=1733686314&sr=8-179
"HP 17.3 inch Laptop, FHD Display, AMD Ryzen 5 7520U, 16 GB RAM, 512 GB SSD, AMD Radeon Graphics, Windows 11 Home, 17-cp2099nr (2024)",$484.00,4.5,65.0,https://www.amazon.com/HP-AMD-7520U-Graphics-17-cp2099nr/dp/B0CVNH95DX/ref=sr_1_180?dib=eyJ2IjoiMSJ9.9vxXL74PQTuVIbOkT3yzwFd4B7fhVzW9H3-DeiBL_SglVbE7b0a6EzPn4kS2yJmSclubgDMJPVlVqGkDxzfO4xa4l5LCUCsB5ti6VaEkF28R4Bfc6x7eF9wGu30mqpd5hQzs9nXxaE8y1nMeds9q_y7elZ7_YYjxiyh51AT26LRuomjjx5GiE6rfhQNjYoas_yhrEhXxCTRy8Ht1oTiOnKB-ElNoCiD2aQP9RMsZeX8.AH-xT8-5b0hrmlQY_coJDceDjGnJW53owLoUw-9Cbrs&dib_tag=se&keywords=gaming+laptop&qid=1733686314&sr=8-180
"Dell Inspiron 5645 Laptop - 16.0 16:10 FHD+ (1920 x 1200) Display, AMD Ryzen 7-8840U, 16GB DDR5 RAM, 1TB SSD, AMD Radeon Graphics, Windows 11 Home, Onsite & Migrate Services - Midnight Blue",$673.00,4.1,90.0,https://www.amazon.com/Dell-Inspiron-5645-Laptop-Graphics/dp/B0CZ59B6MH/ref=sr_1_181?dib=eyJ2IjoiMSJ9.9vxXL74PQTuVIbOkT3yzwFd4B7fhVzW9H3-DeiBL_SglVbE7b0a6EzPn4kS2yJmSclubgDMJPVlVqGkDxzfO4xa4l5LCUCsB5ti6VaEkF28R4Bfc6x7eF9wGu30mqpd5hQzs9nXxaE8y1nMeds9q_y7elZ7_YYjxiyh51AT26LRuomjjx5GiE6rfhQNjYoas_yhrEhXxCTRy8Ht1oTiOnKB-ElNoCiD2aQP9RMsZeX8.AH-xT8-5b0hrmlQY_coJDceDjGnJW53owLoUw-9Cbrs&dib_tag=se&keywords=gaming+laptop&qid=1733686314&sr=8-181
ASUS TUF A16 Gaming Laptop – 16inch QHD+ IPS Display 240Hz 3ms – Ryzen 9 7940HS - RX7700S Beat RTX 4060 - RGB Backlit Keyboard - 2024 Computadora Gamer - HDMI Cable (64GB RAM |2TB PCIe SSD),"$1,459.99",5.0,1.0,https://www.amazon.com/ASUS-TUF-A16-Gaming-Laptop/dp/B0D7ZV467Y/ref=sr_1_182?dib=eyJ2IjoiMSJ9.9vxXL74PQTuVIbOkT3yzwFd4B7fhVzW9H3-DeiBL_SglVbE7b0a6EzPn4kS2yJmSclubgDMJPVlVqGkDxzfO4xa4l5LCUCsB5ti6VaEkF28R4Bfc6x7eF9wGu30mqpd5hQzs9nXxaE8y1nMeds9q_y7elZ7_YYjxiyh51AT26LRuomjjx5GiE6rfhQNjYoas_yhrEhXxCTRy8Ht1oTiOnKB-ElNoCiD2aQP9RMsZeX8.AH-xT8-5b0hrmlQY_coJDceDjGnJW53owLoUw-9Cbrs&dib_tag=se&keywords=gaming+laptop&qid=1733686314&sr=8-182
"Lenovo V15 Gen 4 Business Laptop, 15.6"" FHD Screen, AMD Ryzen 5 5500U, 24GB RAM, 1TB SSD, Webcam, HDMI, Wi-Fi, Windows 11 Pro, Black",$559.00,4.2,164.0,https://www.amazon.com/Lenovo-Business-Display-i7-1165G7-Windows/dp/B0BVBXKHL7/ref=sr_1_183?dib=eyJ2IjoiMSJ9.9vxXL74PQTuVIbOkT3yzwFd4B7fhVzW9H3-DeiBL_SglVbE7b0a6EzPn4kS2yJmSclubgDMJPVlVqGkDxzfO4xa4l5LCUCsB5ti6VaEkF28R4Bfc6x7eF9wGu30mqpd5hQzs9nXxaE8y1nMeds9q_y7elZ7_YYjxiyh51AT26LRuomjjx5GiE6rfhQNjYoas_yhrEhXxCTRy8Ht1oTiOnKB-ElNoCiD2aQP9RMsZeX8.AH-xT8-5b0hrmlQY_coJDceDjGnJW53owLoUw-9Cbrs&dib_tag=se&keywords=gaming+laptop&qid=1733686314&sr=8-183
"HP Victus Gaming Laptop, 15.6"" FHD 144Hz Display, AMD Ryzen 5 8645HS, 32GB DDR5 RAM, 1TB SSD, NVIDIA GeForce RTX 4050 (6GB GDDR6), HDMI, Webcam, Backlit Keyboard, Wi-Fi 6, Windows 11 Home, Mica Silver",$792.98,4.9,10.0,https://www.amazon.com/HP-Display-AMD-GeForce-Keyboard/dp/B0D9B53VR1/ref=sr_1_184?dib=eyJ2IjoiMSJ9.9vxXL74PQTuVIbOkT3yzwFd4B7fhVzW9H3-DeiBL_SglVbE7b0a6EzPn4kS2yJmSclubgDMJPVlVqGkDxzfO4xa4l5LCUCsB5ti6VaEkF28R4Bfc6x7eF9wGu30mqpd5hQzs9nXxaE8y1nMeds9q_y7elZ7_YYjxiyh51AT26LRuomjjx5GiE6rfhQNjYoas_yhrEhXxCTRy8Ht1oTiOnKB-ElNoCiD2aQP9RMsZeX8.AH-xT8-5b0hrmlQY_coJDceDjGnJW53owLoUw-9Cbrs&dib_tag=se&keywords=gaming+laptop&qid=1733686314&sr=8-184
"HP Newest 255 G10 Business Laptop, 15.6"" FHD Display, AMD Ryzen 5 7530U, 16GB RAM, 1TB PCIe SSD, Numeric Keypad, Webcam, HDMI, Wi-Fi 6, Windows 11 Pro, Grey",$479.00,4.2,32.0,https://www.amazon.com/HP-Business-Display-Numeric-Windows/dp/B0DFQLZGMQ/ref=sr_1_185?dib=eyJ2IjoiMSJ9.9vxXL74PQTuVIbOkT3yzwFd4B7fhVzW9H3-DeiBL_SglVbE7b0a6EzPn4kS2yJmSclubgDMJPVlVqGkDxzfO4xa4l5LCUCsB5ti6VaEkF28R4Bfc6x7eF9wGu30mqpd5hQzs9nXxaE8y1nMeds9q_y7elZ7_YYjxiyh51AT26LRuomjjx5GiE6rfhQNjYoas_yhrEhXxCTRy8Ht1oTiOnKB-ElNoCiD2aQP9RMsZeX8.AH-xT8-5b0hrmlQY_coJDceDjGnJW53owLoUw-9Cbrs&dib_tag=se&keywords=gaming+laptop&qid=1733686314&sr=8-185
"Acer Nitro 5 AN515-55-53E5 Gaming Laptop | Intel Core i5-10300H | NVIDIA GeForce RTX 3050 GPU | 15.6"" FHD 144Hz IPS Display | 8GB DDR4 | 256GB NVMe SSD | Intel Wi-Fi 6 | Backlit Keyboard",$684.00,4.5,3632.0,https://www.amazon.com/Acer-AN515-55-53E5-i5-10300H-GeForce-Keyboard/dp/B092YHJGMN/ref=sr_1_186?dib=eyJ2IjoiMSJ9.9vxXL74PQTuVIbOkT3yzwFd4B7fhVzW9H3-DeiBL_SglVbE7b0a6EzPn4kS2yJmSclubgDMJPVlVqGkDxzfO4xa4l5LCUCsB5ti6VaEkF28R4Bfc6x7eF9wGu30mqpd5hQzs9nXxaE8y1nMeds9q_y7elZ7_YYjxiyh51AT26LRuomjjx5GiE6rfhQNjYoas_yhrEhXxCTRy8Ht1oTiOnKB-ElNoCiD2aQP9RMsZeX8.AH-xT8-5b0hrmlQY_coJDceDjGnJW53owLoUw-9Cbrs&dib_tag=se&keywords=gaming+laptop&qid=1733686314&sr=8-186
"HP Victus 15.6"" 144Hz FHD IPS Premium Gaming Laptop, RTX 4050 Graphics, 13th Intel 8-Core i5-13420H Up to 4.6 GHz, Backlit KB, Bluetooth 5.3, W/512GB PSD, Windows 11 PRO(16GB |1TB SSD)",$802.99,4.2,40.0,https://www.amazon.com/sspa/click?ie=UTF8&spc=MToxNzk2NDY3MjkwODczNDc0OjE3MzM2ODYzMTQ6c3BfbXRmOjMwMDU2Nzc2NjE4MDkwMjo6MDo6&url=%2FHP-Victus-Graphics-i5-13420H-Bluetooth%2Fdp%2FB0DNMK2DLY%2Fref%3Dsr_1_187_sspa%3Fdib%3DeyJ2IjoiMSJ9.9vxXL74PQTuVIbOkT3yzwFd4B7fhVzW9H3-DeiBL_SglVbE7b0a6EzPn4kS2yJmSclubgDMJPVlVqGkDxzfO4xa4l5LCUCsB5ti6VaEkF28R4Bfc6x7eF9wGu30mqpd5hQzs9nXxaE8y1nMeds9q_y7elZ7_YYjxiyh51AT26LRuomjjx5GiE6rfhQNjYoas_yhrEhXxCTRy8Ht1oTiOnKB-ElNoCiD2aQP9RMsZeX8.AH-xT8-5b0hrmlQY_coJDceDjGnJW53owLoUw-9Cbrs%26dib_tag%3Dse%26keywords%3Dgaming%2Blaptop%26qid%3D1733686314%26sr%3D8-187-spons%26sp_csd%3Dd2lkZ2V0TmFtZT1zcF9tdGY%26psc%3D1
"15.6'' FHD IPS Business Gaming Laptop, 6-Cores AMD Ryzen 5 6600H, 32GB DDR5 RAM 1TB SSD(Beat i5-12450H, Up to 4.5GHz), 100W Type-C, 6-Cores 660M GPU, Fingerprint, Backlit Keyboard, Numpad",$599.99,4.6,31.0,https://www.amazon.com/sspa/click?ie=UTF8&spc=MToxNzk2NDY3MjkwODczNDc0OjE3MzM2ODYzMTQ6c3BfbXRmOjMwMDU1NDY4MTA1NzAwMjo6MDo6&url=%2FBusiness-6-Cores-i5-12450H-Fingerprint-Keyboard%2Fdp%2FB0DLT2B36C%2Fref%3Dsr_1_188_sspa%3Fdib%3DeyJ2IjoiMSJ9.9vxXL74PQTuVIbOkT3yzwFd4B7fhVzW9H3-DeiBL_SglVbE7b0a6EzPn4kS2yJmSclubgDMJPVlVqGkDxzfO4xa4l5LCUCsB5ti6VaEkF28R4Bfc6x7eF9wGu30mqpd5hQzs9nXxaE8y1nMeds9q_y7elZ7_YYjxiyh51AT26LRuomjjx5GiE6rfhQNjYoas_yhrEhXxCTRy8Ht1oTiOnKB-ElNoCiD2aQP9RMsZeX8.AH-xT8-5b0hrmlQY_coJDceDjGnJW53owLoUw-9Cbrs%26dib_tag%3Dse%26keywords%3Dgaming%2Blaptop%26qid%3D1733686314%26sr%3D8-188-spons%26sp_csd%3Dd2lkZ2V0TmFtZT1zcF9tdGY%26psc%3D1
"ASUS 15.6” Vivobook Go Laptop, Intel Dual Core N4500, 4GB RAM, 128GB SSD, Windows 11 in S Mode, Star Black, L510KA-ES04",$223.61,4.1,1183.0,https://www.amazon.com/ASUS-Vivobook-Celeron-Windows-L510KA-ES04/dp/B0CRDCW3Q3/ref=sr_1_189?dib=eyJ2IjoiMSJ9.9vxXL74PQTuVIbOkT3yzwFd4B7fhVzW9H3-DeiBL_SglVbE7b0a6EzPn4kS2yJmSclubgDMJPVlVqGkDxzfO4xa4l5LCUCsB5ti6VaEkF28R4Bfc6x7eF9wGu30mqpd5hQzs9nXxaE8y1nMeds9q_y7elZ7_YYjxiyh51AT26LRuomjjx5GiE6rfhQNjYoas_yhrEhXxCTRy8Ht1oTiOnKB-ElNoCiD2aQP9RMsZeX8.AH-xT8-5b0hrmlQY_coJDceDjGnJW53owLoUw-9Cbrs&dib_tag=se&keywords=gaming+laptop&qid=1733686314&sr=8-189
"ASUS TUF Dash 15 (2022) Gaming Laptop, 15.6"" 144Hz FHD Display, Intel Core i7-12650H, GeForce RTX 3060, 16GB DDR5, 512GB SSD, Thunderbolt 4, Windows 11 Home, Off Black, FX517ZM-AS73","$1,089.00",4.5,1487.0,https://www.amazon.com/ASUS-Display-i7-12650H-Thunderbolt-FX517ZM-AS73/dp/B09RMH9B6F/ref=sr_1_190?dib=eyJ2IjoiMSJ9.9vxXL74PQTuVIbOkT3yzwFd4B7fhVzW9H3-DeiBL_SglVbE7b0a6EzPn4kS2yJmSclubgDMJPVlVqGkDxzfO4xa4l5LCUCsB5ti6VaEkF28R4Bfc6x7eF9wGu30mqpd5hQzs9nXxaE8y1nMeds9q_y7elZ7_YYjxiyh51AT26LRuomjjx5GiE6rfhQNjYoas_yhrEhXxCTRy8Ht1oTiOnKB-ElNoCiD2aQP9RMsZeX8.AH-xT8-5b0hrmlQY_coJDceDjGnJW53owLoUw-9Cbrs&dib_tag=se&keywords=gaming+laptop&qid=1733686314&sr=8-190
"15.6 FHD IPS Laptop Computer Student, 16GB RAM 1TB SSD, 4-Cores Pentium N100 (Up to 3.4GHz), Backlit Keyboard, Fingerprint, 2 Years Warranty, Win 11",$379.00,4.0,1.0,https://www.amazon.com/Computer-Student-Keyboard-Fingerprint-Warranty/dp/B0DK1L146W/ref=sr_1_191?dib=eyJ2IjoiMSJ9.9vxXL74PQTuVIbOkT3yzwFd4B7fhVzW9H3-DeiBL_SglVbE7b0a6EzPn4kS2yJmSclubgDMJPVlVqGkDxzfO4xa4l5LCUCsB5ti6VaEkF28R4Bfc6x7eF9wGu30mqpd5hQzs9nXxaE8y1nMeds9q_y7elZ7_YYjxiyh51AT26LRuomjjx5GiE6rfhQNjYoas_yhrEhXxCTRy8Ht1oTiOnKB-ElNoCiD2aQP9RMsZeX8.AH-xT8-5b0hrmlQY_coJDceDjGnJW53owLoUw-9Cbrs&dib_tag=se&keywords=gaming+laptop&qid=1733686314&sr=8-191
"ASUS ROG Strix G17 G713 Gaming Laptop 17.3"" WQHD IPS 240Hz AMD 12-Core Ryzen 9 7845HX (Beat i9-12900H) 64GB DDR5 4TB SSD GeForce RTX 4060 8GB USB-C RGB Backlit Fast Charging Win11 Black + HDMI Cable","$1,879.00",4.4,6.0,https://www.amazon.com/ASUS-12-Core-i9-12900H-GeForce-Charging/dp/B0DM49WTC9/ref=sr_1_192?dib=eyJ2IjoiMSJ9.9vxXL74PQTuVIbOkT3yzwFd4B7fhVzW9H3-DeiBL_SglVbE7b0a6EzPn4kS2yJmSclubgDMJPVlVqGkDxzfO4xa4l5LCUCsB5ti6VaEkF28R4Bfc6x7eF9wGu30mqpd5hQzs9nXxaE8y1nMeds9q_y7elZ7_YYjxiyh51AT26LRuomjjx5GiE6rfhQNjYoas_yhrEhXxCTRy8Ht1oTiOnKB-ElNoCiD2aQP9RMsZeX8.AH-xT8-5b0hrmlQY_coJDceDjGnJW53owLoUw-9Cbrs&dib_tag=se&keywords=gaming+laptop&qid=1733686314&sr=8-192
"HP 14 inch Laptop, HD Display, 12th Generation Intel Core i3-1215U, 8 GB RAM, 256 GB SSD, Intel UHD Graphics, Windows 11 Home in S Mode, 14-dq5009nr (2024)",$331.86,4.2,316.0,https://www.amazon.com/HP-Generation-i3-1215U-Graphics-14-dq5009nr/dp/B0CS3XPZNH/ref=sr_1_193?dib=eyJ2IjoiMSJ9.9vxXL74PQTuVIbOkT3yzwFd4B7fhVzW9H3-DeiBL_SglVbE7b0a6EzPn4kS2yJmSclubgDMJPVlVqGkDxzfO4xa4l5LCUCsB5ti6VaEkF28R4Bfc6x7eF9wGu30mqpd5hQzs9nXxaE8y1nMeds9q_y7elZ7_YYjxiyh51AT26LRuomjjx5GiE6rfhQNjYoas_yhrEhXxCTRy8Ht1oTiOnKB-ElNoCiD2aQP9RMsZeX8.AH-xT8-5b0hrmlQY_coJDceDjGnJW53owLoUw-9Cbrs&dib_tag=se&keywords=gaming+laptop&qid=1733686314&sr=8-193
"Lenovo Newest V15 Business Laptop | Intel 4-core Processor | 15.6"" FHD (1920 x 1080) | 32GB RAM | 1TB SSD | Ethernet RJ-45 | Military Durability | Windows 11 Pro | w/WOWPC 500GB External Storage",$549.00,4.0,603.0,https://www.amazon.com/Lenovo-V15-Business-Processor-Durability/dp/B0D8CZ6JXZ/ref=sr_1_194?dib=eyJ2IjoiMSJ9.9vxXL74PQTuVIbOkT3yzwFd4B7fhVzW9H3-DeiBL_SglVbE7b0a6EzPn4kS2yJmSclubgDMJPVlVqGkDxzfO4xa4l5LCUCsB5ti6VaEkF28R4Bfc6x7eF9wGu30mqpd5hQzs9nXxaE8y1nMeds9q_y7elZ7_YYjxiyh51AT26LRuomjjx5GiE6rfhQNjYoas_yhrEhXxCTRy8Ht1oTiOnKB-ElNoCiD2aQP9RMsZeX8.AH-xT8-5b0hrmlQY_coJDceDjGnJW53owLoUw-9Cbrs&dib_tag=se&keywords=gaming+laptop&qid=1733686314&sr=8-194
"acer Nitro V 15 Gaming Laptop, Intel 13 Gen Core i9-13900H, GeForce RTX 4060, 15.6"" 144 Hz IPS Display, 64 GB DDR5, 1 TB SSD, Wi-Fi 6, Backlit Keyboard, Win 11 Pro, Gaming Mouse, Office Pro, 32GB UFD","$1,699.99",4.4,2749.0,https://www.amazon.com/acer-Nitro-Gaming-Laptop-i9-13900H/dp/B0DHVRNJCZ/ref=sr_1_195?dib=eyJ2IjoiMSJ9.9vxXL74PQTuVIbOkT3yzwFd4B7fhVzW9H3-DeiBL_SglVbE7b0a6EzPn4kS2yJmSclubgDMJPVlVqGkDxzfO4xa4l5LCUCsB5ti6VaEkF28R4Bfc6x7eF9wGu30mqpd5hQzs9nXxaE8y1nMeds9q_y7elZ7_YYjxiyh51AT26LRuomjjx5GiE6rfhQNjYoas_yhrEhXxCTRy8Ht1oTiOnKB-ElNoCiD2aQP9RMsZeX8.AH-xT8-5b0hrmlQY_coJDceDjGnJW53owLoUw-9Cbrs&dib_tag=se&keywords=gaming+laptop&qid=1733686314&sr=8-195
"MSI Raider GE66-15 Gaming & Entertainment Laptop (Intel i7-12700H 14-Core, 64GB DDR5 4800MHz RAM, 2x8TB PCIe SSD RAID 0 (16TB), GeForce RTX 3080 Ti, 15.6"" Win 11 Pro) with G2 Universal Dock","$9,539.00",5.0,4.0,https://www.amazon.com/MSI-GE66-15-Entertainment-i7-12700H-Universal/dp/B0C4TT5RRQ/ref=sr_1_196?dib=eyJ2IjoiMSJ9.9vxXL74PQTuVIbOkT3yzwFd4B7fhVzW9H3-DeiBL_SglVbE7b0a6EzPn4kS2yJmSclubgDMJPVlVqGkDxzfO4xa4l5LCUCsB5ti6VaEkF28R4Bfc6x7eF9wGu30mqpd5hQzs9nXxaE8y1nMeds9q_y7elZ7_YYjxiyh51AT26LRuomjjx5GiE6rfhQNjYoas_yhrEhXxCTRy8Ht1oTiOnKB-ElNoCiD2aQP9RMsZeX8.AH-xT8-5b0hrmlQY_coJDceDjGnJW53owLoUw-9Cbrs&dib_tag=se&keywords=gaming+laptop&qid=1733686314&sr=8-196
"Alienware M18 Gaming Laptop - 18-inch QHD+ 165Hz 3ms Display, Intel Core i7-14700HX, 16GB DDR5 RAM, 1TB SSD, NVIDIA GeForce RTX 4070 8GB GDDR6, Windows 11 Home, Onsite Service - Dark Metallic Moon","$2,298.99",3.7,65.0,https://www.amazon.com/sspa/click?ie=UTF8&spc=MToxNzk2NDY3MjkwODczNDc0OjE3MzM2ODYzMTQ6c3BfYnRmOjMwMDE4NTI2NDc3NjcwMjo6MDo6&url=%2FAlienware-M18-Gaming-Laptop-i7-14700HX%2Fdp%2FB0CXVSRY56%2Fref%3Dsr_1_197_sspa%3Fdib%3DeyJ2IjoiMSJ9.9vxXL74PQTuVIbOkT3yzwFd4B7fhVzW9H3-DeiBL_SglVbE7b0a6EzPn4kS2yJmSclubgDMJPVlVqGkDxzfO4xa4l5LCUCsB5ti6VaEkF28R4Bfc6x7eF9wGu30mqpd5hQzs9nXxaE8y1nMeds9q_y7elZ7_YYjxiyh51AT26LRuomjjx5GiE6rfhQNjYoas_yhrEhXxCTRy8Ht1oTiOnKB-ElNoCiD2aQP9RMsZeX8.AH-xT8-5b0hrmlQY_coJDceDjGnJW53owLoUw-9Cbrs%26dib_tag%3Dse%26keywords%3Dgaming%2Blaptop%26qid%3D1733686314%26sr%3D8-197-spons%26sp_csd%3Dd2lkZ2V0TmFtZT1zcF9idGY%26psc%3D1
"Acer Predator Triton 500 SE Gaming/Creator Laptop | 12th Gen Intel i9-12900H | GeForce RTX 3080 Ti | 16"" WQXGA 240Hz G-SYNC Display | 32GB LPDDR5 | 1TB Gen 4x4 SSD | Killer Wi-Fi 6E | PT516-52s-99EL","$1,999.95",4.0,122.0,https://www.amazon.com/Acer-Predator-Creator-i9-12900H-PT516-52s-99EL/dp/B09TBPWQ34/ref=sr_1_195?dib=eyJ2IjoiMSJ9.VD7QqVss5JRU_OpjIGzO2246Arqti8HG79YyeKQt6DWVn3mmjR0ycxn4PlQJ8SlVpj0Q_Y8O7Z1mR-gYZpq1V-CYy9QSILHTeZ-PZcR6M0tatRWVypOFoJRSXKU2jsSOY_9kNZ3tht8krBEBdH90vGkqKnyRPL4BMuJb-GXSRagDxd7CECKawCzggSbfeix7giMjcFyOoyytltX1wyEtduN-E_sbuZYU5rrB1MtFDJM.YlJX_o5gzlSZL0nOxlsy877dHwv88Tl2yJRbFFYTHXA&dib_tag=se&keywords=gaming+laptop&qid=1733686329&sr=8-195
"jumper Laptop, 12th i5-12450H Gaming Laptop (4.4GHz), 16GB DDR4 512GB NVME SSD Expandable 4TB, 15.6 Inch Laptops with FHD IPS Screen, 62.7Wh Battery, BT5.1, USB3.2, 4 Stereo Speakers, HDMI, WiFi-6.",$969.99,3.5,5.0,https://www.amazon.com/jumper-i5-12450H-Expandable-Laptops-Speakers/dp/B0DDPZ5V9H/ref=sr_1_196?dib=eyJ2IjoiMSJ9.VD7QqVss5JRU_OpjIGzO2246Arqti8HG79YyeKQt6DWVn3mmjR0ycxn4PlQJ8SlVpj0Q_Y8O7Z1mR-gYZpq1V-CYy9QSILHTeZ-PZcR6M0tatRWVypOFoJRSXKU2jsSOY_9kNZ3tht8krBEBdH90vGkqKnyRPL4BMuJb-GXSRagDxd7CECKawCzggSbfeix7giMjcFyOoyytltX1wyEtduN-E_sbuZYU5rrB1MtFDJM.YlJX_o5gzlSZL0nOxlsy877dHwv88Tl2yJRbFFYTHXA&dib_tag=se&keywords=gaming+laptop&qid=1733686329&sr=8-196
"ASUS ROG Strix Scar 17 (2023) Gaming Laptop, 17.3” QHD 240Hz/3ms, 100% DCI-P3 Display, GeForce RTX 4080, AMD Ryzen 9 7945HX, 32GB DDR5, 2TB PCIe SSD, Wi-Fi 6E, Windows 11 Pro, G733PZ-XS97","$2,948.00",3.9,75.0,https://www.amazon.com/ASUS-Display-GeForce-Windows-G733PZ-XS97/dp/B0CWJR3HJ5/ref=sr_1_197?dib=eyJ2IjoiMSJ9.VD7QqVss5JRU_OpjIGzO2246Arqti8HG79YyeKQt6DWVn3mmjR0ycxn4PlQJ8SlVpj0Q_Y8O7Z1mR-gYZpq1V-CYy9QSILHTeZ-PZcR6M0tatRWVypOFoJRSXKU2jsSOY_9kNZ3tht8krBEBdH90vGkqKnyRPL4BMuJb-GXSRagDxd7CECKawCzggSbfeix7giMjcFyOoyytltX1wyEtduN-E_sbuZYU5rrB1MtFDJM.YlJX_o5gzlSZL0nOxlsy877dHwv88Tl2yJRbFFYTHXA&dib_tag=se&keywords=gaming+laptop&qid=1733686329&sr=8-197
"ASUS ROG Strix G18 Gaming Laptop, GeForce RTX 4080, Intel i9-14900HX, 18"" 240Hz 16:10 WQXGA QHD+, 64 GB DDR5, 4 TB SSD, Backlit Keyboard, Wi-Fi 6E, Windows 11 Pro, Gaming Mouse, 32G UFD","$3,479.99",4.4,166.0,https://www.amazon.com/ASUS-Gaming-Laptop-GeForce-i9-14900HX/dp/B0DP7SG3YF/ref=sr_1_198?dib=eyJ2IjoiMSJ9.VD7QqVss5JRU_OpjIGzO2246Arqti8HG79YyeKQt6DWVn3mmjR0ycxn4PlQJ8SlVpj0Q_Y8O7Z1mR-gYZpq1V-CYy9QSILHTeZ-PZcR6M0tatRWVypOFoJRSXKU2jsSOY_9kNZ3tht8krBEBdH90vGkqKnyRPL4BMuJb-GXSRagDxd7CECKawCzggSbfeix7giMjcFyOoyytltX1wyEtduN-E_sbuZYU5rrB1MtFDJM.YlJX_o5gzlSZL0nOxlsy877dHwv88Tl2yJRbFFYTHXA&dib_tag=se&keywords=gaming+laptop&qid=1733686329&sr=8-198
"HP Newest Pavilion 15.6"" HD Touchscreen Anti-Glare Laptop, 16GB RAM, 1TB SSD Storage, Intel Core Processor up to 4.1GHz, Up to 11 Hours Long Battery Life, Type-C, HDMI, Windows 11 Home, Silver",$405.99,4.1,766.0,https://www.amazon.com/HP-Pavilion-Touchscreen-Anti-Glare-Processor/dp/B0C4G4L53W/ref=sr_1_199?dib=eyJ2IjoiMSJ9.VD7QqVss5JRU_OpjIGzO2246Arqti8HG79YyeKQt6DWVn3mmjR0ycxn4PlQJ8SlVpj0Q_Y8O7Z1mR-gYZpq1V-CYy9QSILHTeZ-PZcR6M0tatRWVypOFoJRSXKU2jsSOY_9kNZ3tht8krBEBdH90vGkqKnyRPL4BMuJb-GXSRagDxd7CECKawCzggSbfeix7giMjcFyOoyytltX1wyEtduN-E_sbuZYU5rrB1MtFDJM.YlJX_o5gzlSZL0nOxlsy877dHwv88Tl2yJRbFFYTHXA&dib_tag=se&keywords=gaming+laptop&qid=1733686329&sr=8-199
"ASUS 2024 TUF 15.6 i7 RTX 4070 Premium Gaming Laptop, 13th Generation Intel 10-Core i7-13620H, 64GB DDR5 RAM, 2TB PCIe 4.0 SSD, RGB Backlit Keyboard, Thunderblot 4, Win11 PRO, W/Portable SSD","$1,534.00",5.0,6.0,https://www.amazon.com/ASUS-Generation-i7-13620H-Keyboard-Thunderblot/dp/B0D6YYSF7R/ref=sr_1_200?dib=eyJ2IjoiMSJ9.VD7QqVss5JRU_OpjIGzO2246Arqti8HG79YyeKQt6DWVn3mmjR0ycxn4PlQJ8SlVpj0Q_Y8O7Z1mR-gYZpq1V-CYy9QSILHTeZ-PZcR6M0tatRWVypOFoJRSXKU2jsSOY_9kNZ3tht8krBEBdH90vGkqKnyRPL4BMuJb-GXSRagDxd7CECKawCzggSbfeix7giMjcFyOoyytltX1wyEtduN-E_sbuZYU5rrB1MtFDJM.YlJX_o5gzlSZL0nOxlsy877dHwv88Tl2yJRbFFYTHXA&dib_tag=se&keywords=gaming+laptop&qid=1733686329&sr=8-200
"ASUS TUF Newest 16"" AMD Ryzen 9 RTX 4060 Ultimate Gaming Laptop, 16"" FHD+1920 x 1200 165Hz, NVIDIA RTX 4060, 64GB DDR5 RAM, 4TB SSD, Wi-Fi 6, RJ45, Windows 11 P, with Targus Universal Docking Station","$1,888.88",5.0,6.0,https://www.amazon.com/ASUS-Ultimate-Windows-Universal-Docking/dp/B0DKHV78BT/ref=sr_1_201?dib=eyJ2IjoiMSJ9.VD7QqVss5JRU_OpjIGzO2246Arqti8HG79YyeKQt6DWVn3mmjR0ycxn4PlQJ8SlVpj0Q_Y8O7Z1mR-gYZpq1V-CYy9QSILHTeZ-PZcR6M0tatRWVypOFoJRSXKU2jsSOY_9kNZ3tht8krBEBdH90vGkqKnyRPL4BMuJb-GXSRagDxd7CECKawCzggSbfeix7giMjcFyOoyytltX1wyEtduN-E_sbuZYU5rrB1MtFDJM.YlJX_o5gzlSZL0nOxlsy877dHwv88Tl2yJRbFFYTHXA&dib_tag=se&keywords=gaming+laptop&qid=1733686329&sr=8-201
"Dell Alienware m16 R2 Gaming Laptop, 16"" QHD 240Hz Display, Core Ultra 7-155H, GeForce RTX 4070, 64GB DDR5, 1TB PCIe 4.0, WiFi 7, RGB Backlit KB, TB 4, RJ45, Webcam, HDMI, PDG HDMI Cable, Win 11 Pro","$1,819.99",3.0,2.0,https://www.amazon.com/sspa/click?ie=UTF8&spc=MTo0NjMxMDg1NTc4NTgyMDM6MTczMzY4NjMyOTpzcF9tdGY6MzAwNTY0ODM0NzUzMDAyOjowOjo&url=%2FDell-Alienware-Display-GeForce-Backlit%2Fdp%2FB0743XVH1H%2Fref%3Dsr_1_203_sspa%3Fdib%3DeyJ2IjoiMSJ9.VD7QqVss5JRU_OpjIGzO2246Arqti8HG79YyeKQt6DWVn3mmjR0ycxn4PlQJ8SlVpj0Q_Y8O7Z1mR-gYZpq1V-CYy9QSILHTeZ-PZcR6M0tatRWVypOFoJRSXKU2jsSOY_9kNZ3tht8krBEBdH90vGkqKnyRPL4BMuJb-GXSRagDxd7CECKawCzggSbfeix7giMjcFyOoyytltX1wyEtduN-E_sbuZYU5rrB1MtFDJM.YlJX_o5gzlSZL0nOxlsy877dHwv88Tl2yJRbFFYTHXA%26dib_tag%3Dse%26keywords%3Dgaming%2Blaptop%26qid%3D1733686329%26sr%3D8-203-spons%26sp_csd%3Dd2lkZ2V0TmFtZT1zcF9tdGY%26psc%3D1
"ASUS ROG Strix G18 Gaming & Entertainment Laptop (Intel i9-14900HX 24-Core, 64GB DDR5 5600MHz RAM, 4TB PCIe SSD, GeForce RTX 4060, 18"" 240 Hz Wide QXGA (2560x1600), Win 11 Pro) with Dockztorm Hub","$2,219.99",5.0,3.0,https://www.amazon.com/ASUS-Entertainment-i9-14900HX-2560x1600-Dockztorm/dp/B0D94ZHZPR/ref=sr_1_205?dib=eyJ2IjoiMSJ9.VD7QqVss5JRU_OpjIGzO2246Arqti8HG79YyeKQt6DWVn3mmjR0ycxn4PlQJ8SlVpj0Q_Y8O7Z1mR-gYZpq1V-CYy9QSILHTeZ-PZcR6M0tatRWVypOFoJRSXKU2jsSOY_9kNZ3tht8krBEBdH90vGkqKnyRPL4BMuJb-GXSRagDxd7CECKawCzggSbfeix7giMjcFyOoyytltX1wyEtduN-E_sbuZYU5rrB1MtFDJM.YlJX_o5gzlSZL0nOxlsy877dHwv88Tl2yJRbFFYTHXA&dib_tag=se&keywords=gaming+laptop&qid=1733686329&sr=8-205
"MSI Raider GE68HX Gaming Laptop | 16"" FHD+ IPS 144Hz | Intel 24-core i9-14900HX | 64GB DDR5 4TB SSD | GeForce RTX 4070 | RGB Backlit Thunderbolt4 Dynaudio FHD IR Privacy Camera Win11Pro + HDMI Cable","$2,179.00",4.8,5.0,https://www.amazon.com/MSI-i9-14900HX-Thunderbolt4-Dynaudio-Win11Pro/dp/B0DC9RWDQ8/ref=sr_1_207?dib=eyJ2IjoiMSJ9.VD7QqVss5JRU_OpjIGzO2246Arqti8HG79YyeKQt6DWVn3mmjR0ycxn4PlQJ8SlVpj0Q_Y8O7Z1mR-gYZpq1V-CYy9QSILHTeZ-PZcR6M0tatRWVypOFoJRSXKU2jsSOY_9kNZ3tht8krBEBdH90vGkqKnyRPL4BMuJb-GXSRagDxd7CECKawCzggSbfeix7giMjcFyOoyytltX1wyEtduN-E_sbuZYU5rrB1MtFDJM.YlJX_o5gzlSZL0nOxlsy877dHwv88Tl2yJRbFFYTHXA&dib_tag=se&keywords=gaming+laptop&qid=1733686329&sr=8-207
"MSI Pulse GL66 Gaming Laptop: 15.6"" 144Hz FHD 1080p Display, Intel Core i7-11800H, NVIDIA GeForce RTX 3070, 16GB, 512GB SSD, Win10, Black (11UGK-001)","$1,089.99",4.4,892.0,https://www.amazon.com/MSI-GL66-Gaming-Laptop-i7-11800H/dp/B09127DDVT/ref=sr_1_208?dib=eyJ2IjoiMSJ9.VD7QqVss5JRU_OpjIGzO2246Arqti8HG79YyeKQt6DWVn3mmjR0ycxn4PlQJ8SlVpj0Q_Y8O7Z1mR-gYZpq1V-CYy9QSILHTeZ-PZcR6M0tatRWVypOFoJRSXKU2jsSOY_9kNZ3tht8krBEBdH90vGkqKnyRPL4BMuJb-GXSRagDxd7CECKawCzggSbfeix7giMjcFyOoyytltX1wyEtduN-E_sbuZYU5rrB1MtFDJM.YlJX_o5gzlSZL0nOxlsy877dHwv88Tl2yJRbFFYTHXA&dib_tag=se&keywords=gaming+laptop&qid=1733686329&sr=8-208
"Dell Alienware m16 R2 Gaming Laptop, 16"" QHD+ 240Hz Display, 16-Cores Ultra 9-185H, GeForce RTX 4070, 64GB DDR5, 1TB PCIe 4.0, WiFi 7, RGB Backlit KB, USB-C, BT, HDMI, RJ45, PDG HDMI Cable, Win 11 Pro","$2,349.99",5.0,2.0,https://www.amazon.com/Dell-Alienware-Display-16-Cores-GeForce/dp/B0B3QW41BX/ref=sr_1_209?dib=eyJ2IjoiMSJ9.VD7QqVss5JRU_OpjIGzO2246Arqti8HG79YyeKQt6DWVn3mmjR0ycxn4PlQJ8SlVpj0Q_Y8O7Z1mR-gYZpq1V-CYy9QSILHTeZ-PZcR6M0tatRWVypOFoJRSXKU2jsSOY_9kNZ3tht8krBEBdH90vGkqKnyRPL4BMuJb-GXSRagDxd7CECKawCzggSbfeix7giMjcFyOoyytltX1wyEtduN-E_sbuZYU5rrB1MtFDJM.YlJX_o5gzlSZL0nOxlsy877dHwv88Tl2yJRbFFYTHXA&dib_tag=se&keywords=gaming+laptop&qid=1733686329&sr=8-209
"HP Newest Pavilion 15.6"" FHD (1920 x 1080) Laptop • Intel Core 8-Core CPU • 32GB RAM • 1TB Storage (512GB SSD + withHP P500 512GB External SSD) • Fast Wi-Fi 6 • Fingerprint Reader • Windows 11",$599.00,5.0,9.0,https://www.amazon.com/HP-Pavilion-Storage-External-Fingerprint/dp/B0DN7YC7R8/ref=sr_1_211?dib=eyJ2IjoiMSJ9.VD7QqVss5JRU_OpjIGzO2246Arqti8HG79YyeKQt6DWVn3mmjR0ycxn4PlQJ8SlVpj0Q_Y8O7Z1mR-gYZpq1V-CYy9QSILHTeZ-PZcR6M0tatRWVypOFoJRSXKU2jsSOY_9kNZ3tht8krBEBdH90vGkqKnyRPL4BMuJb-GXSRagDxd7CECKawCzggSbfeix7giMjcFyOoyytltX1wyEtduN-E_sbuZYU5rrB1MtFDJM.YlJX_o5gzlSZL0nOxlsy877dHwv88Tl2yJRbFFYTHXA&dib_tag=se&keywords=gaming+laptop&qid=1733686329&sr=8-211
"Lenovo Legion Pro 7i Gen 9 Gaming Laptop, NVIDIA RTX 4080, Intel 24-Core i9-14900HX, 16"" 240Hz 2K WQXGA IPS, 64 GB DDR5, 4 TB SSD, Bluetooth 5, Wi-Fi 6E, Win 11 Pro, Office 2024, Gaming Mouse, 32G UFD","$3,299.99",4.5,2179.0,https://www.amazon.com/Lenovo-Legion-24-Core-i9-14900HX-Bluetooth/dp/B0DMS8QVYT/ref=sr_1_212?dib=eyJ2IjoiMSJ9.VD7QqVss5JRU_OpjIGzO2246Arqti8HG79YyeKQt6DWVn3mmjR0ycxn4PlQJ8SlVpj0Q_Y8O7Z1mR-gYZpq1V-CYy9QSILHTeZ-PZcR6M0tatRWVypOFoJRSXKU2jsSOY_9kNZ3tht8krBEBdH90vGkqKnyRPL4BMuJb-GXSRagDxd7CECKawCzggSbfeix7giMjcFyOoyytltX1wyEtduN-E_sbuZYU5rrB1MtFDJM.YlJX_o5gzlSZL0nOxlsy877dHwv88Tl2yJRbFFYTHXA&dib_tag=se&keywords=gaming+laptop&qid=1733686329&sr=8-212
"Lenovo Legion 7i Gen 9 Gaming Laptop, with Office Lifetime License, 16"" 3.2K WQXGA 240Hz Display, Intel 14900HX Processors, GeForce RTX 4070, 64 GB DDR5 RAM 4 TB SSD, Windows 11 Pro & Designed Mouse","$2,659.99",4.3,423.0,https://www.amazon.com/sspa/click?ie=UTF8&spc=MTo0NjMxMDg1NTc4NTgyMDM6MTczMzY4NjMyOTpzcF9idGY6MzAwNTQ3OTA3NzQwNzAyOjowOjo&url=%2FLenovo-Legion-7i-Gen-Processors%2Fdp%2FB0DN6CCD71%2Fref%3Dsr_1_213_sspa%3Fdib%3DeyJ2IjoiMSJ9.VD7QqVss5JRU_OpjIGzO2246Arqti8HG79YyeKQt6DWVn3mmjR0ycxn4PlQJ8SlVpj0Q_Y8O7Z1mR-gYZpq1V-CYy9QSILHTeZ-PZcR6M0tatRWVypOFoJRSXKU2jsSOY_9kNZ3tht8krBEBdH90vGkqKnyRPL4BMuJb-GXSRagDxd7CECKawCzggSbfeix7giMjcFyOoyytltX1wyEtduN-E_sbuZYU5rrB1MtFDJM.YlJX_o5gzlSZL0nOxlsy877dHwv88Tl2yJRbFFYTHXA%26dib_tag%3Dse%26keywords%3Dgaming%2Blaptop%26qid%3D1733686329%26sr%3D8-213-spons%26sp_csd%3Dd2lkZ2V0TmFtZT1zcF9idGY%26psc%3D1
"Lenovo ThinkBook 16 G6 Laptop, 16"" FHD+ Computer, AMD Octa-Core Ryzen 7 7730U (Beat i7-1355U), 16GB DDR4 RAM, 1TB PCIe SSD, WiFi 6, Bluetooth 5.3, Fingerprint Reader, Grey, Windows 11 Pro, Befectoy",$719.00,5.0,3.0,https://www.amazon.com/sspa/click?ie=UTF8&spc=MTo0NjMxMDg1NTc4NTgyMDM6MTczMzY4NjMyOTpzcF9idGY6MzAwNTI1MDc5ODQ0MjAyOjowOjo&url=%2FLenovo-ThinkBook-16-G6-Fingerprint%2Fdp%2FB0DLFYHJ5G%2Fref%3Dsr_1_214_sspa%3Fdib%3DeyJ2IjoiMSJ9.VD7QqVss5JRU_OpjIGzO2246Arqti8HG79YyeKQt6DWVn3mmjR0ycxn4PlQJ8SlVpj0Q_Y8O7Z1mR-gYZpq1V-CYy9QSILHTeZ-PZcR6M0tatRWVypOFoJRSXKU2jsSOY_9kNZ3tht8krBEBdH90vGkqKnyRPL4BMuJb-GXSRagDxd7CECKawCzggSbfeix7giMjcFyOoyytltX1wyEtduN-E_sbuZYU5rrB1MtFDJM.YlJX_o5gzlSZL0nOxlsy877dHwv88Tl2yJRbFFYTHXA%26dib_tag%3Dse%26keywords%3Dgaming%2Blaptop%26qid%3D1733686329%26sr%3D8-214-spons%26sp_csd%3Dd2lkZ2V0TmFtZT1zcF9idGY%26psc%3D1
"ASUS NUC 14 Pro: w/96GB! RAM & 4TB! NVMe SSD NUC14RVHU7 AI Mini PC with Intel’s New Ultra, 7-155H Processor+ ARC GPU, DDR5-5600 (16C/22T/24M Cache, Up to 4.8GHz) TOP-Tier 4TB NVMe & 96GB RAM","$1,499.00",1.0,1.0,https://www.amazon.com/sspa/click?ie=UTF8&spc=MToyMDYwNDA5MTI1NDMzMTY4OjE3MzM2ODYzNDI6c3BfYXRmX25leHQ6MzAwNTQyOTMzNDY4MDAyOjowOjo&url=%2FASUS-NUC-Pro-NUC14RVHU7-Processor%2Fdp%2FB0DGVXPD6J%2Fref%3Dsr_1_209_sspa%3Fdib%3DeyJ2IjoiMSJ9.3OqZX3qAVgsK5UpuQYkVk9rfiuh8lB1FJb51xMHXgw9Jx-r4O6MXK-CLQ4xNnOMtB8bmCUEfoUiWcTFcjHRD0oSbSDoPH85YigojPhKRJsZmgSNGfF9Piti0GlddyhIw3wq8LkjfwWHVR03D0Lsf7IgWxOEtovaDa0-SVdaFNoLcVyIsAt8SGnROH8e7pa9II13dGo9xszhy4kUfH0r81dAyGEN0bh-SFJ-dLZY7Z84.93qctolHoXsHgQ_t4JTRuhpt3t4lDHQFi6SO9UyjJ_8%26dib_tag%3Dse%26keywords%3Dgaming%2Blaptop%26qid%3D1733686342%26sr%3D8-209-spons%26sp_csd%3Dd2lkZ2V0TmFtZT1zcF9hdGZfbmV4dA%26psc%3D1
"Lenovo ThinkBook 16 G6 Laptop, 16"" FHD+ Computer, AMD Octa-Core Ryzen 7 7730U (Beat i7-1355U), 64GB DDR4 RAM, 2TB PCIe SSD, WiFi 6, Bluetooth 5.3, Fingerprint Reader, Grey, Windows 11 Pro, Befectoy",$879.00,5.0,3.0,https://www.amazon.com/sspa/click?ie=UTF8&spc=MToyMDYwNDA5MTI1NDMzMTY4OjE3MzM2ODYzNDI6c3BfYXRmX25leHQ6MzAwNTI1MDc5ODQ0MzAyOjowOjo&url=%2FLenovo-ThinkBook-16-G6-Fingerprint%2Fdp%2FB0DLFD9KJX%2Fref%3Dsr_1_210_sspa%3Fdib%3DeyJ2IjoiMSJ9.3OqZX3qAVgsK5UpuQYkVk9rfiuh8lB1FJb51xMHXgw9Jx-r4O6MXK-CLQ4xNnOMtB8bmCUEfoUiWcTFcjHRD0oSbSDoPH85YigojPhKRJsZmgSNGfF9Piti0GlddyhIw3wq8LkjfwWHVR03D0Lsf7IgWxOEtovaDa0-SVdaFNoLcVyIsAt8SGnROH8e7pa9II13dGo9xszhy4kUfH0r81dAyGEN0bh-SFJ-dLZY7Z84.93qctolHoXsHgQ_t4JTRuhpt3t4lDHQFi6SO9UyjJ_8%26dib_tag%3Dse%26keywords%3Dgaming%2Blaptop%26qid%3D1733686342%26sr%3D8-210-spons%26sp_csd%3Dd2lkZ2V0TmFtZT1zcF9hdGZfbmV4dA%26psc%3D1
"Asus TUF Dash F15 Gaming Laptop (15.6"" 144Hz, Geforce RTX 3070 8GB (Beat RTX 4060), 64GB DDR5 RAM, 2TB PCle SSD, Intel 12th Gen i7-12650H), Thunderbolt 4, Backlit KB, IST Hub, Win 11 Home, Black","$1,249.99",4.0,15.0,https://www.amazon.com/ASUS-TUF-Dash-F15-Thunderbolt/dp/B0CDPBWWY6/ref=sr_1_211?dib=eyJ2IjoiMSJ9.3OqZX3qAVgsK5UpuQYkVk9rfiuh8lB1FJb51xMHXgw9Jx-r4O6MXK-CLQ4xNnOMtB8bmCUEfoUiWcTFcjHRD0oSbSDoPH85YigojPhKRJsZmgSNGfF9Piti0GlddyhIw3wq8LkjfwWHVR03D0Lsf7IgWxOEtovaDa0-SVdaFNoLcVyIsAt8SGnROH8e7pa9II13dGo9xszhy4kUfH0r81dAyGEN0bh-SFJ-dLZY7Z84.93qctolHoXsHgQ_t4JTRuhpt3t4lDHQFi6SO9UyjJ_8&dib_tag=se&keywords=gaming+laptop&qid=1733686342&sr=8-211
"Lenovo IdeaPad 1 Student Laptop, 15.6"" FHD Display, Intel Dual Core Processor, 12GB RAM, 512GB SSD + 128GB eMMC, 1 Year Office 365, Wi-Fi 6, Webcam, Bluetooth, SD Card Reader, Windows 11 Home, Grey",$339.00,4.2,349.0,https://www.amazon.com/Lenovo-IdeaPad-Student-Processor-Bluetooth/dp/B0CF62H34N/ref=sr_1_214?dib=eyJ2IjoiMSJ9.3OqZX3qAVgsK5UpuQYkVk9rfiuh8lB1FJb51xMHXgw9Jx-r4O6MXK-CLQ4xNnOMtB8bmCUEfoUiWcTFcjHRD0oSbSDoPH85YigojPhKRJsZmgSNGfF9Piti0GlddyhIw3wq8LkjfwWHVR03D0Lsf7IgWxOEtovaDa0-SVdaFNoLcVyIsAt8SGnROH8e7pa9II13dGo9xszhy4kUfH0r81dAyGEN0bh-SFJ-dLZY7Z84.93qctolHoXsHgQ_t4JTRuhpt3t4lDHQFi6SO9UyjJ_8&dib_tag=se&keywords=gaming+laptop&qid=1733686342&sr=8-214
HP Victus 15.6-inch FHD 144Hz Gaming Laptop， Intel Core i5-13420H， NVIDIA GeForce RTX 4050 6GB，Wi-Fi 6，Bluetooth 5.3 ，Win11 Home，w/Cloth (64GB RAM | 2TB PCIe SSD),$879.99,4.4,72.0,https://www.amazon.com/HP-15-6-inch-i5-13420H%EF%BC%8C-6GB%EF%BC%8CWi-Fi-6%EF%BC%8CBluetooth/dp/B0DNYGZ561/ref=sr_1_215?dib=eyJ2IjoiMSJ9.3OqZX3qAVgsK5UpuQYkVk9rfiuh8lB1FJb51xMHXgw9Jx-r4O6MXK-CLQ4xNnOMtB8bmCUEfoUiWcTFcjHRD0oSbSDoPH85YigojPhKRJsZmgSNGfF9Piti0GlddyhIw3wq8LkjfwWHVR03D0Lsf7IgWxOEtovaDa0-SVdaFNoLcVyIsAt8SGnROH8e7pa9II13dGo9xszhy4kUfH0r81dAyGEN0bh-SFJ-dLZY7Z84.93qctolHoXsHgQ_t4JTRuhpt3t4lDHQFi6SO9UyjJ_8&dib_tag=se&keywords=gaming+laptop&qid=1733686342&sr=8-215
"ASUS ROG Strix G18 18"" Gaming Laptop, 2.5K 240Hz Display, Intel 24-Core i9-14900HX, NVIDIA GeForce RTX 4060, 64 GB DDR5 RAM, 1 TB SSD, Backlit Keyboard, Windows 11 Pro, with Office Lifetime License","$2,199.99",5.0,4.0,https://www.amazon.com/ASUS-ROG-Strix-G18-i9-14900HX/dp/B0DFP9K837/ref=sr_1_216?dib=eyJ2IjoiMSJ9.3OqZX3qAVgsK5UpuQYkVk9rfiuh8lB1FJb51xMHXgw9Jx-r4O6MXK-CLQ4xNnOMtB8bmCUEfoUiWcTFcjHRD0oSbSDoPH85YigojPhKRJsZmgSNGfF9Piti0GlddyhIw3wq8LkjfwWHVR03D0Lsf7IgWxOEtovaDa0-SVdaFNoLcVyIsAt8SGnROH8e7pa9II13dGo9xszhy4kUfH0r81dAyGEN0bh-SFJ-dLZY7Z84.93qctolHoXsHgQ_t4JTRuhpt3t4lDHQFi6SO9UyjJ_8&dib_tag=se&keywords=gaming+laptop&qid=1733686342&sr=8-216
"Alienware M18 R2 Gaming Laptop - 18"" QHD+ 165Hz Display, Intel i9-14900HX, GeForce RTX 4080, 64GB DDR5, 4TB SSD, WiFi6, Backlit Keyboard, Windows 11 Pro, Microsoft Office 2021 Lifetime","$3,299.99",5.0,1.0,https://www.amazon.com/Alienware-M18-R2-Gaming-Laptop/dp/B0DBYV87J3/ref=sr_1_217?dib=eyJ2IjoiMSJ9.3OqZX3qAVgsK5UpuQYkVk9rfiuh8lB1FJb51xMHXgw9Jx-r4O6MXK-CLQ4xNnOMtB8bmCUEfoUiWcTFcjHRD0oSbSDoPH85YigojPhKRJsZmgSNGfF9Piti0GlddyhIw3wq8LkjfwWHVR03D0Lsf7IgWxOEtovaDa0-SVdaFNoLcVyIsAt8SGnROH8e7pa9II13dGo9xszhy4kUfH0r81dAyGEN0bh-SFJ-dLZY7Z84.93qctolHoXsHgQ_t4JTRuhpt3t4lDHQFi6SO9UyjJ_8&dib_tag=se&keywords=gaming+laptop&qid=1733686342&sr=8-217
"MSI Cyborg 15 Thin GF63 15.6"""" FHD 144Hz (Intel 16-core i7-12650H, 64GB DDR5 RAM, 2TB SSD, GeForce RTX 4060 8GB) Gaming Laptop,Webcam, Backlit, WiFi 6, Ethernet, HDMI Cable, Win 11 Home - 2023, Black","$1,299.99",4.3,39.0,https://www.amazon.com/MSI-Crosshair-15-i7-11800H-Computers/dp/B09R1VWSQL/ref=sr_1_218?dib=eyJ2IjoiMSJ9.3OqZX3qAVgsK5UpuQYkVk9rfiuh8lB1FJb51xMHXgw9Jx-r4O6MXK-CLQ4xNnOMtB8bmCUEfoUiWcTFcjHRD0oSbSDoPH85YigojPhKRJsZmgSNGfF9Piti0GlddyhIw3wq8LkjfwWHVR03D0Lsf7IgWxOEtovaDa0-SVdaFNoLcVyIsAt8SGnROH8e7pa9II13dGo9xszhy4kUfH0r81dAyGEN0bh-SFJ-dLZY7Z84.93qctolHoXsHgQ_t4JTRuhpt3t4lDHQFi6SO9UyjJ_8&dib_tag=se&keywords=gaming+laptop&qid=1733686342&sr=8-218
"NIMO 17.3 FHD IPS Gaming Laptop Computer, 8 Cores AMD Ryzen 9 Pro 6950H 680M DDR5(Up to 4.9GHz, Beatsi9-10900), 32GB RAM 1TB SSD, 100W Type C, Backlit Keyboard, WiFi 6, Long Battery Life, Win 11",$799.00,5.0,4.0,https://www.amazon.com/sspa/click?ie=UTF8&spc=MToyMDYwNDA5MTI1NDMzMTY4OjE3MzM2ODYzNDI6c3BfbXRmOjMwMDU0MTM0MDg1ODIwMjo6MDo6&url=%2FNIMO-Computer-Beatsi9-10900-Backlit-Keyboard%2Fdp%2FB0DHRCC9NV%2Fref%3Dsr_1_220_sspa%3Fdib%3DeyJ2IjoiMSJ9.3OqZX3qAVgsK5UpuQYkVk9rfiuh8lB1FJb51xMHXgw9Jx-r4O6MXK-CLQ4xNnOMtB8bmCUEfoUiWcTFcjHRD0oSbSDoPH85YigojPhKRJsZmgSNGfF9Piti0GlddyhIw3wq8LkjfwWHVR03D0Lsf7IgWxOEtovaDa0-SVdaFNoLcVyIsAt8SGnROH8e7pa9II13dGo9xszhy4kUfH0r81dAyGEN0bh-SFJ-dLZY7Z84.93qctolHoXsHgQ_t4JTRuhpt3t4lDHQFi6SO9UyjJ_8%26dib_tag%3Dse%26keywords%3Dgaming%2Blaptop%26qid%3D1733686342%26sr%3D8-220-spons%26sp_csd%3Dd2lkZ2V0TmFtZT1zcF9tdGY%26psc%3D1
"Lenovo Newest Legion 5i Gaming Laptop, 14th Gen Intel 24-Core i9-14900HX, 16"" WQXGA(2560x1600) 165Hz, 64GB DDR5 RAM, 2TB SSD, GeForce RTX 4060(TGP 140W), RGB Backlit KB, W/ 128GB PSD, Windows 11 Home","$1,569.00",5.0,3.0,https://www.amazon.com/Lenovo-Legion-24-Core-i9-14900HX-2560x1600/dp/B0D9PRSW9Q/ref=sr_1_221?dib=eyJ2IjoiMSJ9.3OqZX3qAVgsK5UpuQYkVk9rfiuh8lB1FJb51xMHXgw9Jx-r4O6MXK-CLQ4xNnOMtB8bmCUEfoUiWcTFcjHRD0oSbSDoPH85YigojPhKRJsZmgSNGfF9Piti0GlddyhIw3wq8LkjfwWHVR03D0Lsf7IgWxOEtovaDa0-SVdaFNoLcVyIsAt8SGnROH8e7pa9II13dGo9xszhy4kUfH0r81dAyGEN0bh-SFJ-dLZY7Z84.93qctolHoXsHgQ_t4JTRuhpt3t4lDHQFi6SO9UyjJ_8&dib_tag=se&keywords=gaming+laptop&qid=1733686342&sr=8-221
"HP Newest Pavilion 15.6"" Touchscreen Laptop with 12 Months Microsoft • 40GB RAM • 1TB Storage (512GB SSD + 512GB External HD) • Intel Core 6-Core CPU • Upto 12 Hours Battery • w/WOWPC Bundle • Win 11",$599.00,4.3,19.0,https://www.amazon.com/HP-Pavilion-Touchscreen-Microsoft-External/dp/B0DJWHW9SK/ref=sr_1_223?dib=eyJ2IjoiMSJ9.3OqZX3qAVgsK5UpuQYkVk9rfiuh8lB1FJb51xMHXgw9Jx-r4O6MXK-CLQ4xNnOMtB8bmCUEfoUiWcTFcjHRD0oSbSDoPH85YigojPhKRJsZmgSNGfF9Piti0GlddyhIw3wq8LkjfwWHVR03D0Lsf7IgWxOEtovaDa0-SVdaFNoLcVyIsAt8SGnROH8e7pa9II13dGo9xszhy4kUfH0r81dAyGEN0bh-SFJ-dLZY7Z84.93qctolHoXsHgQ_t4JTRuhpt3t4lDHQFi6SO9UyjJ_8&dib_tag=se&keywords=gaming+laptop&qid=1733686342&sr=8-223
"ASUS TUF Gaming A16 Laptop 16"" QHD+ 240Hz (500nits DCI-P3 100% 3ms) AMD 8-core Zen 4 Ryzen 9 7940HS (>i7-13700H) 64GB RAM 1TB SSD Radeon RX 7700S Graphic (>RTX4060) Backlit USB4 Win11 + HDMI Cable","$1,429.00",4.5,2.0,https://www.amazon.com/ASUS-500nits-7940HS-i7-13700H-Graphic/dp/B0D7LN9ZVP/ref=sr_1_224?dib=eyJ2IjoiMSJ9.3OqZX3qAVgsK5UpuQYkVk9rfiuh8lB1FJb51xMHXgw9Jx-r4O6MXK-CLQ4xNnOMtB8bmCUEfoUiWcTFcjHRD0oSbSDoPH85YigojPhKRJsZmgSNGfF9Piti0GlddyhIw3wq8LkjfwWHVR03D0Lsf7IgWxOEtovaDa0-SVdaFNoLcVyIsAt8SGnROH8e7pa9II13dGo9xszhy4kUfH0r81dAyGEN0bh-SFJ-dLZY7Z84.93qctolHoXsHgQ_t4JTRuhpt3t4lDHQFi6SO9UyjJ_8&dib_tag=se&keywords=gaming+laptop&qid=1733686342&sr=8-224
"Lenovo 2024 Newest Legion 7i Gaming Laptop, 16"" WQXGA 240Hz Display, i9-14900HX, RTX 4070, 32GB DDR5, 2TB SSD, WiFi 6E, Backlit Keyboard, Windows 11 Pro, with Microsoft Office Lifetime License","$2,459.99",5.0,2.0,https://www.amazon.com/Lenovo-Legion-7i-i9-14900HX-Microsoft/dp/B0DCJB3QMC/ref=sr_1_226?dib=eyJ2IjoiMSJ9.3OqZX3qAVgsK5UpuQYkVk9rfiuh8lB1FJb51xMHXgw9Jx-r4O6MXK-CLQ4xNnOMtB8bmCUEfoUiWcTFcjHRD0oSbSDoPH85YigojPhKRJsZmgSNGfF9Piti0GlddyhIw3wq8LkjfwWHVR03D0Lsf7IgWxOEtovaDa0-SVdaFNoLcVyIsAt8SGnROH8e7pa9II13dGo9xszhy4kUfH0r81dAyGEN0bh-SFJ-dLZY7Z84.93qctolHoXsHgQ_t4JTRuhpt3t4lDHQFi6SO9UyjJ_8&dib_tag=se&keywords=gaming+laptop&qid=1733686342&sr=8-226
"Lenovo Legion Slim 5 Gaming Laptop 16"" WQXGA IPS 165Hz 100% sRGB AMD Zen4 Octa-core Ryzen 7 7840HS 32GB RAM 1TB SSD GeForce RTX 4060 8GB Graphic RGB Backlit Rapid Charge Pro Win11 w/ICP Accessory","$1,199.00",4.8,11.0,https://www.amazon.com/Lenovo-Octa-core-GeForce-Graphic-Backlit/dp/B0CQ2LTMMH/ref=sr_1_227?dib=eyJ2IjoiMSJ9.3OqZX3qAVgsK5UpuQYkVk9rfiuh8lB1FJb51xMHXgw9Jx-r4O6MXK-CLQ4xNnOMtB8bmCUEfoUiWcTFcjHRD0oSbSDoPH85YigojPhKRJsZmgSNGfF9Piti0GlddyhIw3wq8LkjfwWHVR03D0Lsf7IgWxOEtovaDa0-SVdaFNoLcVyIsAt8SGnROH8e7pa9II13dGo9xszhy4kUfH0r81dAyGEN0bh-SFJ-dLZY7Z84.93qctolHoXsHgQ_t4JTRuhpt3t4lDHQFi6SO9UyjJ_8&dib_tag=se&keywords=gaming+laptop&qid=1733686342&sr=8-227
"ASUS 2024 TUF 15.6"" FHD 144Hz Gaming Laptop with Microsoft Office Lifetime License, Intel 10-Core i7-13620H(Beats i9-12900), GeForce RTX 4070, 64GB DDR5, 2TB SSD, Backlit Keyboard, Wi-Fi 6, Win11 Pro","$1,899.00",4.9,25.0,https://www.amazon.com/ASUS-TUF-Gaming-Laptop-Microsoft/dp/B0D72W934X/ref=sr_1_228?dib=eyJ2IjoiMSJ9.3OqZX3qAVgsK5UpuQYkVk9rfiuh8lB1FJb51xMHXgw9Jx-r4O6MXK-CLQ4xNnOMtB8bmCUEfoUiWcTFcjHRD0oSbSDoPH85YigojPhKRJsZmgSNGfF9Piti0GlddyhIw3wq8LkjfwWHVR03D0Lsf7IgWxOEtovaDa0-SVdaFNoLcVyIsAt8SGnROH8e7pa9II13dGo9xszhy4kUfH0r81dAyGEN0bh-SFJ-dLZY7Z84.93qctolHoXsHgQ_t4JTRuhpt3t4lDHQFi6SO9UyjJ_8&dib_tag=se&keywords=gaming+laptop&qid=1733686342&sr=8-228
"16 Inch Laptop Computer, Gaming Laptop, 16GB RAM 512GB SSD, N95 Processor, FHD 1920 * 1200, 180 Angle Open, Backlit Keyboard, Windows 11 Pro, Fingerprint Unlock, BT 4.2, WiFi 5",$349.99,5.0,1.0,https://www.amazon.com/sspa/click?ie=UTF8&spc=MToyMDYwNDA5MTI1NDMzMTY4OjE3MzM2ODYzNDI6c3BfYnRmOjMwMDMxOTcwNjI1MjMwMjo6MDo6&url=%2FNIAKUN-Computer-Processor-Keyboard-Fingerprint%2Fdp%2FB0DLGY1YB3%2Fref%3Dsr_1_230_sspa%3Fdib%3DeyJ2IjoiMSJ9.3OqZX3qAVgsK5UpuQYkVk9rfiuh8lB1FJb51xMHXgw9Jx-r4O6MXK-CLQ4xNnOMtB8bmCUEfoUiWcTFcjHRD0oSbSDoPH85YigojPhKRJsZmgSNGfF9Piti0GlddyhIw3wq8LkjfwWHVR03D0Lsf7IgWxOEtovaDa0-SVdaFNoLcVyIsAt8SGnROH8e7pa9II13dGo9xszhy4kUfH0r81dAyGEN0bh-SFJ-dLZY7Z84.93qctolHoXsHgQ_t4JTRuhpt3t4lDHQFi6SO9UyjJ_8%26dib_tag%3Dse%26keywords%3Dgaming%2Blaptop%26qid%3D1733686342%26sr%3D8-230-spons%26sp_csd%3Dd2lkZ2V0TmFtZT1zcF9idGY%26psc%3D1
"Lenovo ThinkBook 16 G6 Laptop, 16"" FHD+ Computer, AMD Octa-Core Ryzen 7 7730U (Beat i7-1355U), 32GB DDR4 RAM, 2TB PCIe SSD, WiFi 6, Bluetooth 5.3, Fingerprint Reader, Grey, Windows 11 Pro, Befectoy",$809.00,5.0,3.0,https://www.amazon.com/sspa/click?ie=UTF8&spc=MTo3NjY3MTMwMzg4OTQwNDk6MTczMzY4NjM1MjpzcF9hdGZfbmV4dDozMDA1MjUwNzk4NDQ2MDI6OjA6Og&url=%2FLenovo-ThinkBook-16-G6-Fingerprint%2Fdp%2FB0DLFCX4MN%2Fref%3Dsr_1_225_sspa%3Fdib%3DeyJ2IjoiMSJ9.BnZMbBUr7mBSWo_IvSsDxVnTNybwz4d8e68KkNlypFWftoY8iH0tn9TGHTcq_-IWfkM2RfecVMTNnt8U4vDHP8WZgDGz7jfZT2VDCjgjhmWURw3TwzwM56qBrE-r_8zdl7DgIAQov_M2wpBobRlxjTuD8DsP6IvKKgTEVAA-I_NMWUvDW6g7sTuMR4VJyhoPdzXt3DaifS0Tt5PdkKpQh3zj86PKscRddmQDU8jzqLI.CPmtOcKXPsJGBkgLf4p8km1ovG-2z5lz5DeMATjbGw0%26dib_tag%3Dse%26keywords%3Dgaming%2Blaptop%26qid%3D1733686352%26sr%3D8-225-spons%26sp_csd%3Dd2lkZ2V0TmFtZT1zcF9hdGZfbmV4dA%26psc%3D1
"HP Essential Business Laptop (2024), 17.3"" HD Display,Lifetime Office 2021, AMD Ryzen 5 7530U 6-core Processor (Up to 4.5GHz), 12GB RAM, 256GB SSD Windows 11 Pro, WiFi 6 Type C (12GB RAM | 256GB SSD)",$489.00,3.0,1.0,https://www.amazon.com/sspa/click?ie=UTF8&spc=MTo3NjY3MTMwMzg4OTQwNDk6MTczMzY4NjM1MjpzcF9hdGZfbmV4dDozMDAzMDU0MjUxNjQwMDI6OjA6Og&url=%2FHP-Essential-Business-Lifetime-Processor%2Fdp%2FB0D9RBPPKQ%2Fref%3Dsr_1_226_sspa%3Fdib%3DeyJ2IjoiMSJ9.BnZMbBUr7mBSWo_IvSsDxVnTNybwz4d8e68KkNlypFWftoY8iH0tn9TGHTcq_-IWfkM2RfecVMTNnt8U4vDHP8WZgDGz7jfZT2VDCjgjhmWURw3TwzwM56qBrE-r_8zdl7DgIAQov_M2wpBobRlxjTuD8DsP6IvKKgTEVAA-I_NMWUvDW6g7sTuMR4VJyhoPdzXt3DaifS0Tt5PdkKpQh3zj86PKscRddmQDU8jzqLI.CPmtOcKXPsJGBkgLf4p8km1ovG-2z5lz5DeMATjbGw0%26dib_tag%3Dse%26keywords%3Dgaming%2Blaptop%26qid%3D1733686352%26sr%3D8-226-spons%26sp_csd%3Dd2lkZ2V0TmFtZT1zcF9hdGZfbmV4dA%26psc%3D1
"MSI GE76 Raider Gaming Laptop 17.3"" FHD IPS 144Hz Intel 14-core i9-12900H 64GB RAM 1TB SSD GeForce RTX 3060 6GB RGB Backlit Thunderbolt USB-C MiniDP Dynaudio Nahimic Win11 Black + HDMI Cable","$1,476.99",4.0,10.0,https://www.amazon.com/MSI-GE76-Raider-i9-12900H-Thunderbolt/dp/B0CLG73PYY/ref=sr_1_230?dib=eyJ2IjoiMSJ9.BnZMbBUr7mBSWo_IvSsDxVnTNybwz4d8e68KkNlypFWftoY8iH0tn9TGHTcq_-IWfkM2RfecVMTNnt8U4vDHP8WZgDGz7jfZT2VDCjgjhmWURw3TwzwM56qBrE-r_8zdl7DgIAQov_M2wpBobRlxjTuD8DsP6IvKKgTEVAA-I_NMWUvDW6g7sTuMR4VJyhoPdzXt3DaifS0Tt5PdkKpQh3zj86PKscRddmQDU8jzqLI.CPmtOcKXPsJGBkgLf4p8km1ovG-2z5lz5DeMATjbGw0&dib_tag=se&keywords=gaming+laptop&qid=1733686352&sr=8-230
"HP 17 Laptop (17.3"" FHD Anti-glare, Intel 12th Gen 10-Core i7-1255U, 32GB RAM, 2TB SSD) Home & Business Laptop, Long Battery Life, Numpad, Fast Charge, Webcam, Wi-Fi, IST Hub, Win 11 Home, Black",$881.99,4.0,8.0,https://www.amazon.com/HP-17-Laptop-Anti-glare-i7-1255U/dp/B0CCP3TV4Z/ref=sr_1_231?dib=eyJ2IjoiMSJ9.BnZMbBUr7mBSWo_IvSsDxVnTNybwz4d8e68KkNlypFWftoY8iH0tn9TGHTcq_-IWfkM2RfecVMTNnt8U4vDHP8WZgDGz7jfZT2VDCjgjhmWURw3TwzwM56qBrE-r_8zdl7DgIAQov_M2wpBobRlxjTuD8DsP6IvKKgTEVAA-I_NMWUvDW6g7sTuMR4VJyhoPdzXt3DaifS0Tt5PdkKpQh3zj86PKscRddmQDU8jzqLI.CPmtOcKXPsJGBkgLf4p8km1ovG-2z5lz5DeMATjbGw0&dib_tag=se&keywords=gaming+laptop&qid=1733686352&sr=8-231
"HP Envy 17.3"""" FHD Touchscreen Laptop | Intel Core i7-1355U | GeForce RTX 3050 | Backlit Keyboard | Bang & Olufsen Audio | Long Battery Life | Wi-Fi 6 | Windows 11 (64GB RAM | 2TB PCIe SSD), Silver","$1,344.99",4.3,16.0,https://www.amazon.com/HP-Envy-Touchscreen-i7-1355U-Keyboard/dp/B0D1HJB5S5/ref=sr_1_233?dib=eyJ2IjoiMSJ9.BnZMbBUr7mBSWo_IvSsDxVnTNybwz4d8e68KkNlypFWftoY8iH0tn9TGHTcq_-IWfkM2RfecVMTNnt8U4vDHP8WZgDGz7jfZT2VDCjgjhmWURw3TwzwM56qBrE-r_8zdl7DgIAQov_M2wpBobRlxjTuD8DsP6IvKKgTEVAA-I_NMWUvDW6g7sTuMR4VJyhoPdzXt3DaifS0Tt5PdkKpQh3zj86PKscRddmQDU8jzqLI.CPmtOcKXPsJGBkgLf4p8km1ovG-2z5lz5DeMATjbGw0&dib_tag=se&keywords=gaming+laptop&qid=1733686352&sr=8-233
"ASUS ROG Strix Scar 16 Gaming Laptop 16.0"" Nebula HDR 240 Hz 1100 nits WQXGA Mini LED (Intel i9-14900HX, GeForce RTX 4090, 64GB DDR5, 2x2TB SSD RAID 0 (4TB), Per Key RGB KYB, Win 11 Pro) w/DKZ Hub","$4,215.99",5.0,1.0,https://www.amazon.com/ASUS-Gaming-Laptop-i9-14900HX-GeForce/dp/B0CTWQZRP8/ref=sr_1_234?dib=eyJ2IjoiMSJ9.BnZMbBUr7mBSWo_IvSsDxVnTNybwz4d8e68KkNlypFWftoY8iH0tn9TGHTcq_-IWfkM2RfecVMTNnt8U4vDHP8WZgDGz7jfZT2VDCjgjhmWURw3TwzwM56qBrE-r_8zdl7DgIAQov_M2wpBobRlxjTuD8DsP6IvKKgTEVAA-I_NMWUvDW6g7sTuMR4VJyhoPdzXt3DaifS0Tt5PdkKpQh3zj86PKscRddmQDU8jzqLI.CPmtOcKXPsJGBkgLf4p8km1ovG-2z5lz5DeMATjbGw0&dib_tag=se&keywords=gaming+laptop&qid=1733686352&sr=8-234
"acer Predator Helios Neo 16 Gaming Laptop 16"" WUXGA IPS 165Hz (100% sRGB) Intel 14-Core i7-13650HX 32GB RAM 1TB SSD GeForce RTX 4060 8GB Graphic RGB Backlit Killer AX1650i Win11 w/ICP Accessory","$1,298.00",5.0,4.0,https://www.amazon.com/sspa/click?ie=UTF8&spc=MTo3NjY3MTMwMzg4OTQwNDk6MTczMzY4NjM1MjpzcF9tdGY6MzAwMzA0NjUwODQ0OTAyOjowOjo&url=%2Facer-Predator-14-Core-i7-13650HX-Accessory%2Fdp%2FB0D9Q67Q11%2Fref%3Dsr_1_235_sspa%3Fdib%3DeyJ2IjoiMSJ9.BnZMbBUr7mBSWo_IvSsDxVnTNybwz4d8e68KkNlypFWftoY8iH0tn9TGHTcq_-IWfkM2RfecVMTNnt8U4vDHP8WZgDGz7jfZT2VDCjgjhmWURw3TwzwM56qBrE-r_8zdl7DgIAQov_M2wpBobRlxjTuD8DsP6IvKKgTEVAA-I_NMWUvDW6g7sTuMR4VJyhoPdzXt3DaifS0Tt5PdkKpQh3zj86PKscRddmQDU8jzqLI.CPmtOcKXPsJGBkgLf4p8km1ovG-2z5lz5DeMATjbGw0%26dib_tag%3Dse%26keywords%3Dgaming%2Blaptop%26qid%3D1733686352%26sr%3D8-235-spons%26sp_csd%3Dd2lkZ2V0TmFtZT1zcF9tdGY%26psc%3D1
"HP Victus 15.6"" 144Hz FHD IPS Premium Gaming Laptop, RTX 4050 Graphics, 13th Intel 8-Core i5-13420H Up to 4.6 GHz, Backlit KB, Bluetooth 5.3, W/512GB PSD, Windows 11 Home(32GB |1TB SSD)",$799.99,4.2,40.0,https://www.amazon.com/sspa/click?ie=UTF8&spc=MTo3NjY3MTMwMzg4OTQwNDk6MTczMzY4NjM1MjpzcF9tdGY6MzAwNTY3NzY2MTgxMzAyOjowOjo&url=%2FHP-Victus-Graphics-i5-13420H-Bluetooth%2Fdp%2FB0DNMCQ9W1%2Fref%3Dsr_1_236_sspa%3Fdib%3DeyJ2IjoiMSJ9.BnZMbBUr7mBSWo_IvSsDxVnTNybwz4d8e68KkNlypFWftoY8iH0tn9TGHTcq_-IWfkM2RfecVMTNnt8U4vDHP8WZgDGz7jfZT2VDCjgjhmWURw3TwzwM56qBrE-r_8zdl7DgIAQov_M2wpBobRlxjTuD8DsP6IvKKgTEVAA-I_NMWUvDW6g7sTuMR4VJyhoPdzXt3DaifS0Tt5PdkKpQh3zj86PKscRddmQDU8jzqLI.CPmtOcKXPsJGBkgLf4p8km1ovG-2z5lz5DeMATjbGw0%26dib_tag%3Dse%26keywords%3Dgaming%2Blaptop%26qid%3D1733686352%26sr%3D8-236-spons%26sp_csd%3Dd2lkZ2V0TmFtZT1zcF9tdGY%26psc%3D1
"KYY Portable Monitor 15.6inch 1080P FHD USB-C, HDMI Computer Display HDR IPS Gaming Monitor w/Premium Smart Cover & Screen Protector, Speakers, for Laptop PC MAC Phone PS4 Xbox Switch",$99.99,4.4,9347.0,https://www.amazon.com/Portable-Monitor-15-6inch-Computer-Protector/dp/B088D8JG3L/ref=sr_1_237?dib=eyJ2IjoiMSJ9.BnZMbBUr7mBSWo_IvSsDxVnTNybwz4d8e68KkNlypFWftoY8iH0tn9TGHTcq_-IWfkM2RfecVMTNnt8U4vDHP8WZgDGz7jfZT2VDCjgjhmWURw3TwzwM56qBrE-r_8zdl7DgIAQov_M2wpBobRlxjTuD8DsP6IvKKgTEVAA-I_NMWUvDW6g7sTuMR4VJyhoPdzXt3DaifS0Tt5PdkKpQh3zj86PKscRddmQDU8jzqLI.CPmtOcKXPsJGBkgLf4p8km1ovG-2z5lz5DeMATjbGw0&dib_tag=se&keywords=gaming+laptop&qid=1733686352&sr=8-237
"Lenovo Legion Slim 5 Gaming Laptop 16"" WUXGA IPS 144Hz AMD Zen 4 Hexa-Core Ryzen 5 7640HS 16GB RAM 1TB SSD GeForce RTX 4060 8GB Graphic RGB Backlit Rapid Charge Pro Win11 w/ICP Accessory","$1,079.00",4.0,13.0,https://www.amazon.com/Lenovo-Hexa-Core-GeForce-Graphic-Accessory/dp/B0D4M3JPSD/ref=sr_1_239?dib=eyJ2IjoiMSJ9.BnZMbBUr7mBSWo_IvSsDxVnTNybwz4d8e68KkNlypFWftoY8iH0tn9TGHTcq_-IWfkM2RfecVMTNnt8U4vDHP8WZgDGz7jfZT2VDCjgjhmWURw3TwzwM56qBrE-r_8zdl7DgIAQov_M2wpBobRlxjTuD8DsP6IvKKgTEVAA-I_NMWUvDW6g7sTuMR4VJyhoPdzXt3DaifS0Tt5PdkKpQh3zj86PKscRddmQDU8jzqLI.CPmtOcKXPsJGBkgLf4p8km1ovG-2z5lz5DeMATjbGw0&dib_tag=se&keywords=gaming+laptop&qid=1733686352&sr=8-239
"HP Victus 15 Gaming Laptop 15.6"" FHD IPS 144Hz AMD Hexa-Core Zen 4 Ryzen 5 8645HS (Beats i7-11800H) 16GB RAM 1TB SSD GeForce RTX 4050 Graphic Backlit USB-C Win11 Black + HDMI Cable",$809.99,5.0,3.0,https://www.amazon.com/HP-Hexa-Core-Ryzen-8645HS-i7-11800H/dp/B0D9LL1M2K/ref=sr_1_241?dib=eyJ2IjoiMSJ9.BnZMbBUr7mBSWo_IvSsDxVnTNybwz4d8e68KkNlypFWftoY8iH0tn9TGHTcq_-IWfkM2RfecVMTNnt8U4vDHP8WZgDGz7jfZT2VDCjgjhmWURw3TwzwM56qBrE-r_8zdl7DgIAQov_M2wpBobRlxjTuD8DsP6IvKKgTEVAA-I_NMWUvDW6g7sTuMR4VJyhoPdzXt3DaifS0Tt5PdkKpQh3zj86PKscRddmQDU8jzqLI.CPmtOcKXPsJGBkgLf4p8km1ovG-2z5lz5DeMATjbGw0&dib_tag=se&keywords=gaming+laptop&qid=1733686352&sr=8-241
"ASUS ROG Strix 18"" QHD 240Hz Gaming Laptop, Intel i9-13980HX, 32GB DDR5, 1TB SSD, NVIDIA GeForce RTX 4070, Backlit Keyboard, HD Webcam, Wi-Fi 6, Win 11 Home, Gray, 256GB Docking Station Set","$2,349.00",5.0,2.0,https://www.amazon.com/ASUS-ROG-Strix-i9-13980HX-Keyboard/dp/B0D7H1WZWJ/ref=sr_1_243?dib=eyJ2IjoiMSJ9.BnZMbBUr7mBSWo_IvSsDxVnTNybwz4d8e68KkNlypFWftoY8iH0tn9TGHTcq_-IWfkM2RfecVMTNnt8U4vDHP8WZgDGz7jfZT2VDCjgjhmWURw3TwzwM56qBrE-r_8zdl7DgIAQov_M2wpBobRlxjTuD8DsP6IvKKgTEVAA-I_NMWUvDW6g7sTuMR4VJyhoPdzXt3DaifS0Tt5PdkKpQh3zj86PKscRddmQDU8jzqLI.CPmtOcKXPsJGBkgLf4p8km1ovG-2z5lz5DeMATjbGw0&dib_tag=se&keywords=gaming+laptop&qid=1733686352&sr=8-243
"ASUS ROG Strix G18 G814 Gaming Laptop | 18"" 2.5k 240Hz 500nits 100% DCI-P3 3ms | Intel 24-core i9-14900HX | 64GB DDR5 1TB SSD | GeForce RTX 4060 Graphic | Thunderbolt RGB Backlit Win11Pro + HDMI Cable","$1,899.00",3.8,4.0,https://www.amazon.com/ASUS-500nits-i9-14900HX-Thunderbolt-Win11Pro/dp/B0DBJ8G18N/ref=sr_1_244?dib=eyJ2IjoiMSJ9.BnZMbBUr7mBSWo_IvSsDxVnTNybwz4d8e68KkNlypFWftoY8iH0tn9TGHTcq_-IWfkM2RfecVMTNnt8U4vDHP8WZgDGz7jfZT2VDCjgjhmWURw3TwzwM56qBrE-r_8zdl7DgIAQov_M2wpBobRlxjTuD8DsP6IvKKgTEVAA-I_NMWUvDW6g7sTuMR4VJyhoPdzXt3DaifS0Tt5PdkKpQh3zj86PKscRddmQDU8jzqLI.CPmtOcKXPsJGBkgLf4p8km1ovG-2z5lz5DeMATjbGw0&dib_tag=se&keywords=gaming+laptop&qid=1733686352&sr=8-244
"HP Envy 16 Business Gaming Laptop, Office Lifetime License & Win 11 Pro, 16"" WQXGA Touchscreen, Intel 14-Core i7-13700H, 64GB DDR5, 4TB SSD, GeForce RTX 4060, WiFi 6E, Backlit KB, with Design Mouse","$1,699.99",4.3,10.0,https://www.amazon.com/sspa/click?ie=UTF8&spc=MTo3NjY3MTMwMzg4OTQwNDk6MTczMzY4NjM1MjpzcF9idGY6MzAwNDgyODU1OTA1NzAyOjowOjo&url=%2FHP-16-Business-Touchscreen-i7-13700H%2Fdp%2FB0DK1T69MJ%2Fref%3Dsr_1_245_sspa%3Fdib%3DeyJ2IjoiMSJ9.BnZMbBUr7mBSWo_IvSsDxVnTNybwz4d8e68KkNlypFWftoY8iH0tn9TGHTcq_-IWfkM2RfecVMTNnt8U4vDHP8WZgDGz7jfZT2VDCjgjhmWURw3TwzwM56qBrE-r_8zdl7DgIAQov_M2wpBobRlxjTuD8DsP6IvKKgTEVAA-I_NMWUvDW6g7sTuMR4VJyhoPdzXt3DaifS0Tt5PdkKpQh3zj86PKscRddmQDU8jzqLI.CPmtOcKXPsJGBkgLf4p8km1ovG-2z5lz5DeMATjbGw0%26dib_tag%3Dse%26keywords%3Dgaming%2Blaptop%26qid%3D1733686352%26sr%3D8-245-spons%26sp_csd%3Dd2lkZ2V0TmFtZT1zcF9idGY%26psc%3D1
"HP Victus 15.6"" FHD 144Hz RTX 4050 Gaming Laptop, 13th Intel 8-Core i5-13420H (Beats Intel i7-1260P), Backlit KB, WiFi 6, Bluetooth 5.3, W/512GB PSD, Windows 11 Home(32GB |2TB SSD)",$850.99,5.0,3.0,https://www.amazon.com/sspa/click?ie=UTF8&spc=MTo3NjY3MTMwMzg4OTQwNDk6MTczMzY4NjM1MjpzcF9idGY6MzAwNTY3NzY2MTgxNzAyOjowOjo&url=%2FHP-Victus-i5-13420H-i7-1260P-Bluetooth%2Fdp%2FB0DN5SYXR7%2Fref%3Dsr_1_246_sspa%3Fdib%3DeyJ2IjoiMSJ9.BnZMbBUr7mBSWo_IvSsDxVnTNybwz4d8e68KkNlypFWftoY8iH0tn9TGHTcq_-IWfkM2RfecVMTNnt8U4vDHP8WZgDGz7jfZT2VDCjgjhmWURw3TwzwM56qBrE-r_8zdl7DgIAQov_M2wpBobRlxjTuD8DsP6IvKKgTEVAA-I_NMWUvDW6g7sTuMR4VJyhoPdzXt3DaifS0Tt5PdkKpQh3zj86PKscRddmQDU8jzqLI.CPmtOcKXPsJGBkgLf4p8km1ovG-2z5lz5DeMATjbGw0%26dib_tag%3Dse%26keywords%3Dgaming%2Blaptop%26qid%3D1733686352%26sr%3D8-246-spons%26sp_csd%3Dd2lkZ2V0TmFtZT1zcF9idGY%26psc%3D1
"NIMO 15.6 FHD IPS Business Laptop, 6 Cores 12th Intel i3-1215U(up to 3.4 GHz),32GB RAM, 1TB SSD, 65W Type C, Backlit Keyboard, Fingerprint,2 Years Warranty, WiFi 6, Win 11",$549.00,5.0,9.0,https://www.amazon.com/sspa/click?ie=UTF8&spc=MTo4OTIwODY3ODAyOTk5NzcxOjE3MzM2ODYzNjQ6c3BfYXRmX25leHQ6MzAwNTY5MzQxOTc2OTAyOjowOjo&url=%2FNIMO-Business-i3-1215U-Keyboard-Fingerprint%2Fdp%2FB0DKT5CJTZ%2Fref%3Dsr_1_241_sspa%3Fdib%3DeyJ2IjoiMSJ9.1EnIsvJ002QGJDHITxQkuZA94zum-pE8zl-pEZB33ONiNzX-bKIfIt-tvytp4Qz9uu5a04EM_9nva4JCCAlFvcRf7fQNBeQa87btiH-zRnugN-tA8Tl9PEfxJYw9HelEeC10NH0Aga_x6FXVNtOpsjofrmCY46EqwVe9SMkg3LtBjtUYJDj3VGZBzr_rHl_pvnLsL-UPCEpFqWi81GF_N9GFnJ5wbgMGrz3LW84-DHQ.kmgWcpnlzOE5lgNkoOrFfIZ5J-5HGRmTid7zPVGqQ78%26dib_tag%3Dse%26keywords%3Dgaming%2Blaptop%26qid%3D1733686364%26sr%3D8-241-spons%26sp_csd%3Dd2lkZ2V0TmFtZT1zcF9hdGZfbmV4dA%26psc%3D1
"HP 15.6"" Touchscreen Newest Pavilion Laptop Business, Intel i3-1215U Upto 4.4GHz (6-Core, Beat i5-1135G7), 32GB RAM, 1TB SSD, UHD Graphics, Fast Charge, Long Battery, HubxcelAccessory, Win 11 Pro",$559.00,3.6,15.0,https://www.amazon.com/sspa/click?ie=UTF8&spc=MTo4OTIwODY3ODAyOTk5NzcxOjE3MzM2ODYzNjQ6c3BfYXRmX25leHQ6MzAwMjkyNjEzNTExMzAyOjowOjo&url=%2FHP-Touchscreen-Laptop-i5-1135G7-HubxcelAccessory%2Fdp%2FB0D1GXQMBP%2Fref%3Dsr_1_242_sspa%3Fdib%3DeyJ2IjoiMSJ9.1EnIsvJ002QGJDHITxQkuZA94zum-pE8zl-pEZB33ONiNzX-bKIfIt-tvytp4Qz9uu5a04EM_9nva4JCCAlFvcRf7fQNBeQa87btiH-zRnugN-tA8Tl9PEfxJYw9HelEeC10NH0Aga_x6FXVNtOpsjofrmCY46EqwVe9SMkg3LtBjtUYJDj3VGZBzr_rHl_pvnLsL-UPCEpFqWi81GF_N9GFnJ5wbgMGrz3LW84-DHQ.kmgWcpnlzOE5lgNkoOrFfIZ5J-5HGRmTid7zPVGqQ78%26dib_tag%3Dse%26keywords%3Dgaming%2Blaptop%26qid%3D1733686364%26sr%3D8-242-spons%26sp_csd%3Dd2lkZ2V0TmFtZT1zcF9hdGZfbmV4dA%26psc%3D1
"ASUS TUF A16 Gaming Laptop - 16"" 165Hz WUXGA Display, AMD Ryzen 7 7735HS(8-core), ‎64GB RAM, 4TB SSD, AMD Radeon RX 7700S, Wi-Fi 6, Windows 11 Pro & Lifetime Microsoft Office & External CD/DVD Drive","$1,569.99",4.2,90.0,https://www.amazon.com/ASUS-TUF-A16-Gaming-Laptop/dp/B0DNQ3QN5J/ref=sr_1_243?dib=eyJ2IjoiMSJ9.1EnIsvJ002QGJDHITxQkuZA94zum-pE8zl-pEZB33ONiNzX-bKIfIt-tvytp4Qz9uu5a04EM_9nva4JCCAlFvcRf7fQNBeQa87btiH-zRnugN-tA8Tl9PEfxJYw9HelEeC10NH0Aga_x6FXVNtOpsjofrmCY46EqwVe9SMkg3LtBjtUYJDj3VGZBzr_rHl_pvnLsL-UPCEpFqWi81GF_N9GFnJ5wbgMGrz3LW84-DHQ.kmgWcpnlzOE5lgNkoOrFfIZ5J-5HGRmTid7zPVGqQ78&dib_tag=se&keywords=gaming+laptop&qid=1733686364&sr=8-243
"ASUS ROG Strix G17 17.3"" QHD 240Hz Gaming Lapto, AMD Ryzen 9 7845HX, GeForce RTX 4060, 64GB DDR5, 4TB SSD, RGB Backlit Keyboard, HD Webcam, Wi-Fi 6E, Win 11, Gray, 128GB Hotface Extension Set","$2,099.00",4.1,14.0,https://www.amazon.com/ASUS-ROG-Strix-G17-Extension/dp/B0DJ8HB69N/ref=sr_1_246?dib=eyJ2IjoiMSJ9.1EnIsvJ002QGJDHITxQkuZA94zum-pE8zl-pEZB33ONiNzX-bKIfIt-tvytp4Qz9uu5a04EM_9nva4JCCAlFvcRf7fQNBeQa87btiH-zRnugN-tA8Tl9PEfxJYw9HelEeC10NH0Aga_x6FXVNtOpsjofrmCY46EqwVe9SMkg3LtBjtUYJDj3VGZBzr_rHl_pvnLsL-UPCEpFqWi81GF_N9GFnJ5wbgMGrz3LW84-DHQ.kmgWcpnlzOE5lgNkoOrFfIZ5J-5HGRmTid7zPVGqQ78&dib_tag=se&keywords=gaming+laptop&qid=1733686364&sr=8-246
"MSI Katana 15 Gaming Laptop, 15.6'' FHD IPS 144Hz, 12th Gen Intel 10-Core i7-12650H Up to 4.7Ghz, GeForce RTX 4070, 32GB DDR5, 2TB PCIe SSD, Wi-Fi 6, 4-Zone RGB Keyboard, Type-C, HDMI, Black (B12V)","$1,359.90",3.8,21.0,https://www.amazon.com/MSI-10-Core-i7-12650H-GeForce-Keyboard/dp/B0CMDJ9RZZ/ref=sr_1_248?dib=eyJ2IjoiMSJ9.1EnIsvJ002QGJDHITxQkuZA94zum-pE8zl-pEZB33ONiNzX-bKIfIt-tvytp4Qz9uu5a04EM_9nva4JCCAlFvcRf7fQNBeQa87btiH-zRnugN-tA8Tl9PEfxJYw9HelEeC10NH0Aga_x6FXVNtOpsjofrmCY46EqwVe9SMkg3LtBjtUYJDj3VGZBzr_rHl_pvnLsL-UPCEpFqWi81GF_N9GFnJ5wbgMGrz3LW84-DHQ.kmgWcpnlzOE5lgNkoOrFfIZ5J-5HGRmTid7zPVGqQ78&dib_tag=se&keywords=gaming+laptop&qid=1733686364&sr=8-248
"ASUS TUF Gaming A16 Laptop 16"" WUXGA 165Hz 100% sRGB AMD 8-core Ryzen 7 7735HS 16GB RAM 512GB SSD Radeon RX 7700S 8GB (>RTX4060) Backlit USB4 Fast Charge AI Noise Cancelation Win11 w/ICP Accessory",$899.00,5.0,1.0,https://www.amazon.com/sspa/click?ie=UTF8&spc=MTo4OTIwODY3ODAyOTk5NzcxOjE3MzM2ODYzNjQ6c3BfbXRmOjMwMDQ2NzE1MTc4MjAwMjo6MDo6&url=%2FASUS-RTX4060-Backlit-Cancelation-Accessory%2Fdp%2FB0DJQDT1MW%2Fref%3Dsr_1_251_sspa%3Fdib%3DeyJ2IjoiMSJ9.1EnIsvJ002QGJDHITxQkuZA94zum-pE8zl-pEZB33ONiNzX-bKIfIt-tvytp4Qz9uu5a04EM_9nva4JCCAlFvcRf7fQNBeQa87btiH-zRnugN-tA8Tl9PEfxJYw9HelEeC10NH0Aga_x6FXVNtOpsjofrmCY46EqwVe9SMkg3LtBjtUYJDj3VGZBzr_rHl_pvnLsL-UPCEpFqWi81GF_N9GFnJ5wbgMGrz3LW84-DHQ.kmgWcpnlzOE5lgNkoOrFfIZ5J-5HGRmTid7zPVGqQ78%26dib_tag%3Dse%26keywords%3Dgaming%2Blaptop%26qid%3D1733686364%26sr%3D8-251-spons%26sp_csd%3Dd2lkZ2V0TmFtZT1zcF9tdGY%26psc%3D1
"ASUS TUF Gaming A16 Laptop 16"" QHD+ 240Hz (500nits DCI-P3 100% 3ms) AMD 8-core Zen 4 Ryzen 9 7940HS (>i7-13700H) 32GB RAM 2TB SSD Radeon RX 7700S Graphic (>RTX4060) Backlit USB4 Win11 + HDMI Cable","$1,399.00",4.5,2.0,https://www.amazon.com/sspa/click?ie=UTF8&spc=MTo4OTIwODY3ODAyOTk5NzcxOjE3MzM2ODYzNjQ6c3BfbXRmOjMwMDI0ODU2MjYwODkwMjo6MDo6&url=%2FASUS-500nits-i7-13700H-Graphic-RTX4060%2Fdp%2FB0D7LPRLH5%2Fref%3Dsr_1_252_sspa%3Fdib%3DeyJ2IjoiMSJ9.1EnIsvJ002QGJDHITxQkuZA94zum-pE8zl-pEZB33ONiNzX-bKIfIt-tvytp4Qz9uu5a04EM_9nva4JCCAlFvcRf7fQNBeQa87btiH-zRnugN-tA8Tl9PEfxJYw9HelEeC10NH0Aga_x6FXVNtOpsjofrmCY46EqwVe9SMkg3LtBjtUYJDj3VGZBzr_rHl_pvnLsL-UPCEpFqWi81GF_N9GFnJ5wbgMGrz3LW84-DHQ.kmgWcpnlzOE5lgNkoOrFfIZ5J-5HGRmTid7zPVGqQ78%26dib_tag%3Dse%26keywords%3Dgaming%2Blaptop%26qid%3D1733686364%26sr%3D8-252-spons%26sp_csd%3Dd2lkZ2V0TmFtZT1zcF9tdGY%26psc%3D1
"Dell G16 7630 16"" QHD+ 240Hz Gaming Laptop, 13th Gen Intel i9-13900HX, NVIDIA GeForce RTX 4070 8GB GDDR6, 64GB DDR5, 4TB SSD, 1-Zone RGB Backlit Keyboard, Win 11 Pro, Gray, 256GB Docking Station Set","$2,199.00",4.3,46.0,https://www.amazon.com/Dell-G16-7630-i9-13900HX-Keyboard/dp/B0DMNZVN8C/ref=sr_1_253?dib=eyJ2IjoiMSJ9.1EnIsvJ002QGJDHITxQkuZA94zum-pE8zl-pEZB33ONiNzX-bKIfIt-tvytp4Qz9uu5a04EM_9nva4JCCAlFvcRf7fQNBeQa87btiH-zRnugN-tA8Tl9PEfxJYw9HelEeC10NH0Aga_x6FXVNtOpsjofrmCY46EqwVe9SMkg3LtBjtUYJDj3VGZBzr_rHl_pvnLsL-UPCEpFqWi81GF_N9GFnJ5wbgMGrz3LW84-DHQ.kmgWcpnlzOE5lgNkoOrFfIZ5J-5HGRmTid7zPVGqQ78&dib_tag=se&keywords=gaming+laptop&qid=1733686364&sr=8-253
"MNN Portable Monitor 15.6inch FHD 1080P USB C HDMI Gaming Ultra-Slim IPS Display w/Smart Cover & Speakers,HDR Plug&Play, External Monitor for Laptop PC Phone Mac (15.6'' 1080P)",$79.99,4.5,8113.0,https://www.amazon.com/MNN-Portable-15-6inch-Ultra-Slim-Speakers/dp/B0B9NNWXVP/ref=sr_1_254?dib=eyJ2IjoiMSJ9.1EnIsvJ002QGJDHITxQkuZA94zum-pE8zl-pEZB33ONiNzX-bKIfIt-tvytp4Qz9uu5a04EM_9nva4JCCAlFvcRf7fQNBeQa87btiH-zRnugN-tA8Tl9PEfxJYw9HelEeC10NH0Aga_x6FXVNtOpsjofrmCY46EqwVe9SMkg3LtBjtUYJDj3VGZBzr_rHl_pvnLsL-UPCEpFqWi81GF_N9GFnJ5wbgMGrz3LW84-DHQ.kmgWcpnlzOE5lgNkoOrFfIZ5J-5HGRmTid7zPVGqQ78&dib_tag=se&keywords=gaming+laptop&qid=1733686364&sr=8-254
"ASUS ROG Strix G18 2024-18"" 2.5K 240Hz Gaming Laptop, Intel 24-Core i9-14900HX, NVIDIA GeForce RTX 4060, 32GB DDR5, 2TB SSD, RGB Backlit Keyboard, WiFi6E, Windows 11 Pro & Lifetime Microsoft Office","$2,199.99",4.5,102.0,https://www.amazon.com/ASUS-ROG-Strix-G18-i9-14900HX/dp/B0D9VQ46L6/ref=sr_1_255?dib=eyJ2IjoiMSJ9.1EnIsvJ002QGJDHITxQkuZA94zum-pE8zl-pEZB33ONiNzX-bKIfIt-tvytp4Qz9uu5a04EM_9nva4JCCAlFvcRf7fQNBeQa87btiH-zRnugN-tA8Tl9PEfxJYw9HelEeC10NH0Aga_x6FXVNtOpsjofrmCY46EqwVe9SMkg3LtBjtUYJDj3VGZBzr_rHl_pvnLsL-UPCEpFqWi81GF_N9GFnJ5wbgMGrz3LW84-DHQ.kmgWcpnlzOE5lgNkoOrFfIZ5J-5HGRmTid7zPVGqQ78&dib_tag=se&keywords=gaming+laptop&qid=1733686364&sr=8-255
"HP Pavilion Gaming 15-Inch Laptop, Intel Core i5-9300H, NVIDIA GeForce GTX 1650, 12GB RAM, 256GB SSD, Windows 10 (15-dk0041nr, Black)",$759.00,4.5,244.0,https://www.amazon.com/HP-Pavilion-15-Inch-i5-9300H-15-dk0041nr/dp/B07SGG6HVB/ref=sr_1_256?dib=eyJ2IjoiMSJ9.1EnIsvJ002QGJDHITxQkuZA94zum-pE8zl-pEZB33ONiNzX-bKIfIt-tvytp4Qz9uu5a04EM_9nva4JCCAlFvcRf7fQNBeQa87btiH-zRnugN-tA8Tl9PEfxJYw9HelEeC10NH0Aga_x6FXVNtOpsjofrmCY46EqwVe9SMkg3LtBjtUYJDj3VGZBzr_rHl_pvnLsL-UPCEpFqWi81GF_N9GFnJ5wbgMGrz3LW84-DHQ.kmgWcpnlzOE5lgNkoOrFfIZ5J-5HGRmTid7zPVGqQ78&dib_tag=se&keywords=gaming+laptop&qid=1733686364&sr=8-256
"HP 2024 Lastest 255 G10 15.6"" FHD Business Laptop, AMD Ryzen 7 7730U (64GB RAM | 2T SSD), Numeric Keypad, Webcam, Window 11 Pro, MS Office Pro 2024","$1,799.98",3.6,29.0,https://www.amazon.com/HP-Lastest-255-G10-Business/dp/B0DLGYPF39/ref=sr_1_257?dib=eyJ2IjoiMSJ9.1EnIsvJ002QGJDHITxQkuZA94zum-pE8zl-pEZB33ONiNzX-bKIfIt-tvytp4Qz9uu5a04EM_9nva4JCCAlFvcRf7fQNBeQa87btiH-zRnugN-tA8Tl9PEfxJYw9HelEeC10NH0Aga_x6FXVNtOpsjofrmCY46EqwVe9SMkg3LtBjtUYJDj3VGZBzr_rHl_pvnLsL-UPCEpFqWi81GF_N9GFnJ5wbgMGrz3LW84-DHQ.kmgWcpnlzOE5lgNkoOrFfIZ5J-5HGRmTid7zPVGqQ78&dib_tag=se&keywords=gaming+laptop&qid=1733686364&sr=8-257
"16 Inch Laptop Computer, Gaming Laptop, 16GB RAM 512GB SSD, N95 Processor, FHD 1920 * 1200, 180 Angle Open, Backlit Keyboard, Windows 11 Pro, Fingerprint Unlock, WiFi 5, BT 4.2",$349.99,3.9,44.0,https://www.amazon.com/NIAKUN-Computer-Processor-Keyboard-Fingerprint/dp/B0D5D7S4LB/ref=sr_1_259?dib=eyJ2IjoiMSJ9.1EnIsvJ002QGJDHITxQkuZA94zum-pE8zl-pEZB33ONiNzX-bKIfIt-tvytp4Qz9uu5a04EM_9nva4JCCAlFvcRf7fQNBeQa87btiH-zRnugN-tA8Tl9PEfxJYw9HelEeC10NH0Aga_x6FXVNtOpsjofrmCY46EqwVe9SMkg3LtBjtUYJDj3VGZBzr_rHl_pvnLsL-UPCEpFqWi81GF_N9GFnJ5wbgMGrz3LW84-DHQ.kmgWcpnlzOE5lgNkoOrFfIZ5J-5HGRmTid7zPVGqQ78&dib_tag=se&keywords=gaming+laptop&qid=1733686364&sr=8-259
"jumper Laptop, 16GB RAM 128GB EMMC, 512GB SSD, Office 365 One Year, Laptop Computer with N95 CPU, 15.6 Inch FHD IPS 1080P Display, 2.4G+5G WiFi, BT4.2, 38WH Battery, 2 Speakers, Portable Laptops.","$1,099.99",3.3,6.0,https://www.amazon.com/jumper-Computer-Speakers-Portable-Laptops/dp/B0DHZXCVR8/ref=sr_1_260?dib=eyJ2IjoiMSJ9.1EnIsvJ002QGJDHITxQkuZA94zum-pE8zl-pEZB33ONiNzX-bKIfIt-tvytp4Qz9uu5a04EM_9nva4JCCAlFvcRf7fQNBeQa87btiH-zRnugN-tA8Tl9PEfxJYw9HelEeC10NH0Aga_x6FXVNtOpsjofrmCY46EqwVe9SMkg3LtBjtUYJDj3VGZBzr_rHl_pvnLsL-UPCEpFqWi81GF_N9GFnJ5wbgMGrz3LW84-DHQ.kmgWcpnlzOE5lgNkoOrFfIZ5J-5HGRmTid7zPVGqQ78&dib_tag=se&keywords=gaming+laptop&qid=1733686364&sr=8-260
"HP Newest Flagship 15.6"" Touchscreen Laptop, 6-Core Intel i3-1215U up to 4.4GHz, 16GB RAM, 1TB SSD, UHD Graphics, Webcam, HDMI, WiFi, 10+ Hrs Battery, Type-C, Windows 11 Pro +MarxsolAccessory",$447.09,3.6,11.0,https://www.amazon.com/sspa/click?ie=UTF8&spc=MTo4OTIwODY3ODAyOTk5NzcxOjE3MzM2ODYzNjQ6c3BfYnRmOjMwMDI5MjY2OTA5ODQwMjo6MDo6&url=%2FHP-Flagship-Touchscreen-Laptop-MarxsolAccessory%2Fdp%2FB0D1HBFHLH%2Fref%3Dsr_1_261_sspa%3Fdib%3DeyJ2IjoiMSJ9.1EnIsvJ002QGJDHITxQkuZA94zum-pE8zl-pEZB33ONiNzX-bKIfIt-tvytp4Qz9uu5a04EM_9nva4JCCAlFvcRf7fQNBeQa87btiH-zRnugN-tA8Tl9PEfxJYw9HelEeC10NH0Aga_x6FXVNtOpsjofrmCY46EqwVe9SMkg3LtBjtUYJDj3VGZBzr_rHl_pvnLsL-UPCEpFqWi81GF_N9GFnJ5wbgMGrz3LW84-DHQ.kmgWcpnlzOE5lgNkoOrFfIZ5J-5HGRmTid7zPVGqQ78%26dib_tag%3Dse%26keywords%3Dgaming%2Blaptop%26qid%3D1733686364%26sr%3D8-261-spons%26sp_csd%3Dd2lkZ2V0TmFtZT1zcF9idGY%26psc%3D1
"Lenovo IdeaPad 3i Business Laptop 2023, 15.6"" FHD IPS Touchscreen, Intel Core i3-1115G4 (Upto 4.10 GHz), 8GB RAM, 512GB SSD, UHD Graphics, Webcam, Wi-Fi 6, Long Battery, Win 11 Pro +MarxsolAccessory",$429.00,3.9,21.0,https://www.amazon.com/sspa/click?ie=UTF8&spc=MTo4OTIwODY3ODAyOTk5NzcxOjE3MzM2ODYzNjQ6c3BfYnRmOjMwMDE3MTQwNTgyNzYwMjo6MDo6&url=%2FLenovo-IdeaPad-2023-15-6-MarxsolAccessory%2Fdp%2FB0CMT314YT%2Fref%3Dsr_1_262_sspa%3Fdib%3DeyJ2IjoiMSJ9.1EnIsvJ002QGJDHITxQkuZA94zum-pE8zl-pEZB33ONiNzX-bKIfIt-tvytp4Qz9uu5a04EM_9nva4JCCAlFvcRf7fQNBeQa87btiH-zRnugN-tA8Tl9PEfxJYw9HelEeC10NH0Aga_x6FXVNtOpsjofrmCY46EqwVe9SMkg3LtBjtUYJDj3VGZBzr_rHl_pvnLsL-UPCEpFqWi81GF_N9GFnJ5wbgMGrz3LW84-DHQ.kmgWcpnlzOE5lgNkoOrFfIZ5J-5HGRmTid7zPVGqQ78%26dib_tag%3Dse%26keywords%3Dgaming%2Blaptop%26qid%3D1733686364%26sr%3D8-262-spons%26sp_csd%3Dd2lkZ2V0TmFtZT1zcF9idGY%26psc%3D1
"NIMO 15.6 FHD Laptop, Intel 6-Cores i3-1215U, 32GB RAM, 1TB SSD, (Beat i5-1135G7, Up to 4.4GHz), 65W Type-C, Fingerprint, Backlit Keyboard, IPS Business Laptop, Wi-Fi 6, Numpad, Win 11",$549.99,4.3,175.0,https://www.amazon.com/sspa/click?ie=UTF8&spc=MToyMjQzOTk5NTkzNDEzMTg0OjE3MzM2ODYzNzc6c3BfYXRmX25leHQ6MzAwNTM5NjA3MzExMDAyOjowOjo&url=%2FNIMO-i3-1215U-i5-1135G7-Fingerprint-Keyboard%2Fdp%2FB0DK7552NC%2Fref%3Dsr_1_257_sspa%3Fdib%3DeyJ2IjoiMSJ9.ueC_RFBU2XTUJoJPY6tXoybcezvgeQg1YoEg1WH8Ef1ioFLIHruN9if4cOx0oCViN95mSVAd3ZTfEMaF7854Rq2I3esEuARpkOHjInBLDbcYkMzRTp092O4BMplgrQ6BSjs2CP50mJcqTmSADo7BcYwfPp4vYuFnW0MzuNOY8gbKQR__qkDjZJpwl-jXJ2OQJrpPPf95dxZqyDFxY5piGqKGr1fgH-mp7xtJlalMh_A.ItDe_RhD7kwZrffGw-NAEMsnTAHnewcLkcr7mOGINAQ%26dib_tag%3Dse%26keywords%3Dgaming%2Blaptop%26qid%3D1733686377%26sr%3D8-257-spons%26sp_csd%3Dd2lkZ2V0TmFtZT1zcF9hdGZfbmV4dA%26psc%3D1
"Snpurdiri 60% Wired Mechanical Gaming Keyboard, LED Backlit 61 Keys Small Wired Office Keyboard for Windows Laptop PC Mac (Black-Red, Blue Switches)",$29.99,4.2,2193.0,https://www.amazon.com/sspa/click?ie=UTF8&spc=MToyMjQzOTk5NTkzNDEzMTg0OjE3MzM2ODYzNzc6c3BfYXRmX25leHQ6MzAwNDY4NDE1NzA0NDAyOjowOjo&url=%2FSnpurdiri-Mechanical-Keyboard-Black-Red-Switches%2Fdp%2FB0BXSPMTCG%2Fref%3Dsr_1_258_sspa%3Fdib%3DeyJ2IjoiMSJ9.ueC_RFBU2XTUJoJPY6tXoybcezvgeQg1YoEg1WH8Ef1ioFLIHruN9if4cOx0oCViN95mSVAd3ZTfEMaF7854Rq2I3esEuARpkOHjInBLDbcYkMzRTp092O4BMplgrQ6BSjs2CP50mJcqTmSADo7BcYwfPp4vYuFnW0MzuNOY8gbKQR__qkDjZJpwl-jXJ2OQJrpPPf95dxZqyDFxY5piGqKGr1fgH-mp7xtJlalMh_A.ItDe_RhD7kwZrffGw-NAEMsnTAHnewcLkcr7mOGINAQ%26dib_tag%3Dse%26keywords%3Dgaming%2Blaptop%26qid%3D1733686377%26sr%3D8-258-spons%26sp_csd%3Dd2lkZ2V0TmFtZT1zcF9hdGZfbmV4dA%26psc%3D1
"ASUS Chromebook CX1, 15.6"" FHD NanoEdge Display, Intel Celeron N4500 Processor, 64GB eMMC Storage, 8GB RAM, ChromeOS, Transparent Silver, CX1500CKA-AS84F",$249.99,4.3,164.0,https://www.amazon.com/ASUS-Chromebook-Processor-Transparent-CX1500CKA-AS84F/dp/B0CRD43GY6/ref=sr_1_260?dib=eyJ2IjoiMSJ9.ueC_RFBU2XTUJoJPY6tXoybcezvgeQg1YoEg1WH8Ef1ioFLIHruN9if4cOx0oCViN95mSVAd3ZTfEMaF7854Rq2I3esEuARpkOHjInBLDbcYkMzRTp092O4BMplgrQ6BSjs2CP50mJcqTmSADo7BcYwfPp4vYuFnW0MzuNOY8gbKQR__qkDjZJpwl-jXJ2OQJrpPPf95dxZqyDFxY5piGqKGr1fgH-mp7xtJlalMh_A.ItDe_RhD7kwZrffGw-NAEMsnTAHnewcLkcr7mOGINAQ&dib_tag=se&keywords=gaming+laptop&qid=1733686377&sr=8-260
Acer Nitro 5 Gaming Laptop | Intel 12th Gen i7-12650H | NVIDIA GeForce RTX 4060 Laptop GPU | 15.6” FHD 144Hz IPS Display | 16GB DDR5 | 1TB Gen 4 SSD | Killer Wi-Fi 6 | RGB Backlit KB | AN515-58-781P,"$1,139.00",4.5,862.0,https://www.amazon.com/i7-12650H-GeForce-Display-Backlit-AN515-58-781P/dp/B0C5RSZ6N2/ref=sr_1_262?dib=eyJ2IjoiMSJ9.ueC_RFBU2XTUJoJPY6tXoybcezvgeQg1YoEg1WH8Ef1ioFLIHruN9if4cOx0oCViN95mSVAd3ZTfEMaF7854Rq2I3esEuARpkOHjInBLDbcYkMzRTp092O4BMplgrQ6BSjs2CP50mJcqTmSADo7BcYwfPp4vYuFnW0MzuNOY8gbKQR__qkDjZJpwl-jXJ2OQJrpPPf95dxZqyDFxY5piGqKGr1fgH-mp7xtJlalMh_A.ItDe_RhD7kwZrffGw-NAEMsnTAHnewcLkcr7mOGINAQ&dib_tag=se&keywords=gaming+laptop&qid=1733686377&sr=8-262
"Lenovo V15 Gen 2 15.6"" FHD Portable Laptop, 16GB RAM, 1TB SSD, RJ-45, HDMI, Wi-Fi, Webcam, Numeric Keypad, Windows 11 Home, Black, with THUNDEROBOT White Wireless Mouse Bundle",$359.00,3.5,6.0,https://www.amazon.com/Lenovo-V15-Portable-THUNDEROBOT-Wireless/dp/B0DL6C9TNL/ref=sr_1_263?dib=eyJ2IjoiMSJ9.ueC_RFBU2XTUJoJPY6tXoybcezvgeQg1YoEg1WH8Ef1ioFLIHruN9if4cOx0oCViN95mSVAd3ZTfEMaF7854Rq2I3esEuARpkOHjInBLDbcYkMzRTp092O4BMplgrQ6BSjs2CP50mJcqTmSADo7BcYwfPp4vYuFnW0MzuNOY8gbKQR__qkDjZJpwl-jXJ2OQJrpPPf95dxZqyDFxY5piGqKGr1fgH-mp7xtJlalMh_A.ItDe_RhD7kwZrffGw-NAEMsnTAHnewcLkcr7mOGINAQ&dib_tag=se&keywords=gaming+laptop&qid=1733686377&sr=8-263
"acer Predator Helios Neo 16 Gaming Laptop 16"" WUXGA IPS 165Hz (100% sRGB) Intel 14-Core i7-13650HX 32GB RAM 1TB SSD GeForce RTX 4060 8GB Graphic RGB Backlit Killer AX1650i Win11 w/ICP Accessory","$1,298.00",5.0,4.0,https://www.amazon.com/acer-Predator-14-Core-i7-13650HX-Accessory/dp/B0D9Q67Q11/ref=sr_1_266?dib=eyJ2IjoiMSJ9.ueC_RFBU2XTUJoJPY6tXoybcezvgeQg1YoEg1WH8Ef1ioFLIHruN9if4cOx0oCViN95mSVAd3ZTfEMaF7854Rq2I3esEuARpkOHjInBLDbcYkMzRTp092O4BMplgrQ6BSjs2CP50mJcqTmSADo7BcYwfPp4vYuFnW0MzuNOY8gbKQR__qkDjZJpwl-jXJ2OQJrpPPf95dxZqyDFxY5piGqKGr1fgH-mp7xtJlalMh_A.ItDe_RhD7kwZrffGw-NAEMsnTAHnewcLkcr7mOGINAQ&dib_tag=se&keywords=gaming+laptop&qid=1733686377&sr=8-266
"NIMO 17.3 FHD IPS Business Gaming Laptop, 8-Cores AMD Ryzen9 Pro 6950H 680M Video(Beat i9-10900, up to 4.9GHz), 64GB DDR5, 1TB SSD, 100W Type C, Fingerprint, 2 Years Warranty, WiFi 6 Win 11","$1,099.00",4.6,15.0,https://www.amazon.com/sspa/click?ie=UTF8&spc=MToyMjQzOTk5NTkzNDEzMTg0OjE3MzM2ODYzNzc6c3BfbXRmOjMwMDU2NDE3NDM4NDAwMjo6MDo6&url=%2FNIMO-Business-i9-10900-Fingerprint-Warranty%2Fdp%2FB0DFPHVWCN%2Fref%3Dsr_1_267_sspa%3Fdib%3DeyJ2IjoiMSJ9.ueC_RFBU2XTUJoJPY6tXoybcezvgeQg1YoEg1WH8Ef1ioFLIHruN9if4cOx0oCViN95mSVAd3ZTfEMaF7854Rq2I3esEuARpkOHjInBLDbcYkMzRTp092O4BMplgrQ6BSjs2CP50mJcqTmSADo7BcYwfPp4vYuFnW0MzuNOY8gbKQR__qkDjZJpwl-jXJ2OQJrpPPf95dxZqyDFxY5piGqKGr1fgH-mp7xtJlalMh_A.ItDe_RhD7kwZrffGw-NAEMsnTAHnewcLkcr7mOGINAQ%26dib_tag%3Dse%26keywords%3Dgaming%2Blaptop%26qid%3D1733686377%26sr%3D8-267-spons%26sp_csd%3Dd2lkZ2V0TmFtZT1zcF9tdGY%26psc%3D1
"ASUS ROG Strix Scar 17 X3D (2023) Gaming Laptop, 17.3” QHD 240Hz/3ms, 100% DCI-P3 Display, GeForce RTX 4090, AMD Ryzen 9 7945HX3D, 32GB DDR5, 2TB PCIe SSD, Wi-Fi 6E, Windows 11 Pro, G733PYV-XH97","$3,689.98",3.5,6.0,https://www.amazon.com/ASUS-ROG-Strix-Scar-G733PYV-XH97/dp/B0CHNZ71GJ/ref=sr_1_269?dib=eyJ2IjoiMSJ9.ueC_RFBU2XTUJoJPY6tXoybcezvgeQg1YoEg1WH8Ef1ioFLIHruN9if4cOx0oCViN95mSVAd3ZTfEMaF7854Rq2I3esEuARpkOHjInBLDbcYkMzRTp092O4BMplgrQ6BSjs2CP50mJcqTmSADo7BcYwfPp4vYuFnW0MzuNOY8gbKQR__qkDjZJpwl-jXJ2OQJrpPPf95dxZqyDFxY5piGqKGr1fgH-mp7xtJlalMh_A.ItDe_RhD7kwZrffGw-NAEMsnTAHnewcLkcr7mOGINAQ&dib_tag=se&keywords=gaming+laptop&qid=1733686377&sr=8-269
"LENOVO IdeaPad 1 Laptop, 15.6” FHD Display, Intel Celeron N4500 Processor, 20GB RAM, 1TB SSD, SD Card Reader, Numeric Keypad, HDMI, Wi-Fi 6, Windows 11 Home, 1 Year Office 365, Grey",$419.00,4.2,470.0,https://www.amazon.com/LENOVO-IdeaPad-Display-Celeron-Processor/dp/B0CQN3FDH5/ref=sr_1_270?dib=eyJ2IjoiMSJ9.ueC_RFBU2XTUJoJPY6tXoybcezvgeQg1YoEg1WH8Ef1ioFLIHruN9if4cOx0oCViN95mSVAd3ZTfEMaF7854Rq2I3esEuARpkOHjInBLDbcYkMzRTp092O4BMplgrQ6BSjs2CP50mJcqTmSADo7BcYwfPp4vYuFnW0MzuNOY8gbKQR__qkDjZJpwl-jXJ2OQJrpPPf95dxZqyDFxY5piGqKGr1fgH-mp7xtJlalMh_A.ItDe_RhD7kwZrffGw-NAEMsnTAHnewcLkcr7mOGINAQ&dib_tag=se&keywords=gaming+laptop&qid=1733686377&sr=8-270
"HP Victus 15.6 Ryzen 5 RTX 4050 Premium Gaming Laptop, 15.6"" FHD 144Hz, AMD Ryzen 5 8645HS (Beats Intel i7-1355U & Intel i5-14400F), NVIDIA GeForce RTX 4050, 16GB DDR5 RAM, 1TB SSD, Backlit KB, W11P",$759.00,3.8,5.0,https://www.amazon.com/HP-Premium-i7-1355U-i5-14400F-GeForce/dp/B0D9KFVNRD/ref=sr_1_272?dib=eyJ2IjoiMSJ9.ueC_RFBU2XTUJoJPY6tXoybcezvgeQg1YoEg1WH8Ef1ioFLIHruN9if4cOx0oCViN95mSVAd3ZTfEMaF7854Rq2I3esEuARpkOHjInBLDbcYkMzRTp092O4BMplgrQ6BSjs2CP50mJcqTmSADo7BcYwfPp4vYuFnW0MzuNOY8gbKQR__qkDjZJpwl-jXJ2OQJrpPPf95dxZqyDFxY5piGqKGr1fgH-mp7xtJlalMh_A.ItDe_RhD7kwZrffGw-NAEMsnTAHnewcLkcr7mOGINAQ&dib_tag=se&keywords=gaming+laptop&qid=1733686377&sr=8-272
"Lenovo IdeaPad 1 Laptop, 15.6” FHD Display, AMD Ryzen 5 5500U, 8GB RAM, 512GB SSD, Windows 11 Home, 720p Camera w/Privacy Shutter, Smart Noise Cancelling, Cloud Grey",$379.00,4.4,650.0,https://www.amazon.com/Lenovo-IdeaPad-Ryzen5-5500U-1920x1080-Storage/dp/B0CJB5N9BQ/ref=sr_1_273?dib=eyJ2IjoiMSJ9.ueC_RFBU2XTUJoJPY6tXoybcezvgeQg1YoEg1WH8Ef1ioFLIHruN9if4cOx0oCViN95mSVAd3ZTfEMaF7854Rq2I3esEuARpkOHjInBLDbcYkMzRTp092O4BMplgrQ6BSjs2CP50mJcqTmSADo7BcYwfPp4vYuFnW0MzuNOY8gbKQR__qkDjZJpwl-jXJ2OQJrpPPf95dxZqyDFxY5piGqKGr1fgH-mp7xtJlalMh_A.ItDe_RhD7kwZrffGw-NAEMsnTAHnewcLkcr7mOGINAQ&dib_tag=se&keywords=gaming+laptop&qid=1733686377&sr=8-273
"Lenovo Legion 7i Gen 9 Gaming Laptop, with Office Lifetime License, 16"" 3.2K WQXGA 240Hz Display, Intel 14900HX Processors, GeForce RTX 4070, 64 GB DDR5 RAM 1 TB SSD, Windows 11 Pro & Designed Mouse","$2,399.99",4.3,423.0,https://www.amazon.com/sspa/click?ie=UTF8&spc=MToyMjQzOTk5NTkzNDEzMTg0OjE3MzM2ODYzNzc6c3BfYnRmOjMwMDU0NzkwNzc0MDkwMjo6MDo6&url=%2FLenovo-Legion-7i-Gen-Processors%2Fdp%2FB0DN6FGG26%2Fref%3Dsr_1_278_sspa%3Fdib%3DeyJ2IjoiMSJ9.ueC_RFBU2XTUJoJPY6tXoybcezvgeQg1YoEg1WH8Ef1ioFLIHruN9if4cOx0oCViN95mSVAd3ZTfEMaF7854Rq2I3esEuARpkOHjInBLDbcYkMzRTp092O4BMplgrQ6BSjs2CP50mJcqTmSADo7BcYwfPp4vYuFnW0MzuNOY8gbKQR__qkDjZJpwl-jXJ2OQJrpPPf95dxZqyDFxY5piGqKGr1fgH-mp7xtJlalMh_A.ItDe_RhD7kwZrffGw-NAEMsnTAHnewcLkcr7mOGINAQ%26dib_tag%3Dse%26keywords%3Dgaming%2Blaptop%26qid%3D1733686377%26sr%3D8-278-spons%26sp_csd%3Dd2lkZ2V0TmFtZT1zcF9idGY%26psc%3D1
"15.6 Inch Laptop,Laptop Computer, 8GB RAM, 256GB SSD,Win 11, Celeron Quad-Core Processor(Up to 2.9GHz), IPS Full HD Display with, Type-C, Wi-Fi, USB3.0",$408.86,4.0,10.0,https://www.amazon.com/sspa/click?ie=UTF8&spc=MTo3MjcxNjE4MDUyNzQyOTQ5OjE3MzM2ODYzOTI6c3BfYXRmX25leHQ6MzAwMjc0NDc4MzI0NDAyOjowOjo&url=%2FNBVCXSD-Computer-Celeron-Quad-Core-Processor%2Fdp%2FB0D14GKWD3%2Fref%3Dsr_1_274_sspa%3Fdib%3DeyJ2IjoiMSJ9.Z9C-WRePoGsGlf0kYgV5eUHiouOnXNcohGJkmUNL_v7oMXe6aiCMUR_Uk6pwaM_3_Sxdx0pvp-D4R2G7thYq1d6LuYqX6Ez_bbiQuHQlV_I5m_3gTMF8-IwiYH2y-PYuKqyt0NdkVc2kuRyHpke74Jy6BCxGGBZfSVLeKT7t4ntl2bKrLWpIDQF2vsh3qxj1BQ7j7T6nkqeqO3G2qBTOfN_2KvgwsrLdArd-IPUC4QE.x7b273Tq3HB9IRIqaF6uIw1y16qvu3o3j-1IeZyNOFo%26dib_tag%3Dse%26keywords%3Dgaming%2Blaptop%26qid%3D1733686392%26sr%3D8-274-spons%26sp_csd%3Dd2lkZ2V0TmFtZT1zcF9hdGZfbmV4dA%26psc%3D1
"HP Victus 15.6"" FHD 144Hz RTX 4050 Gaming Laptop, 13th Intel 8-Core i5-13420H (Beats Intel i7-1260P), Backlit KB, WiFi 6, Bluetooth 5.3, W/512GB PSD, Windows 11 Home(32GB |1TB SSD)",$798.99,5.0,3.0,https://www.amazon.com/HP-Victus-i5-13420H-i7-1260P-Bluetooth/dp/B0DN5TQ9VC/ref=sr_1_277?dib=eyJ2IjoiMSJ9.Z9C-WRePoGsGlf0kYgV5eUHiouOnXNcohGJkmUNL_v7oMXe6aiCMUR_Uk6pwaM_3_Sxdx0pvp-D4R2G7thYq1d6LuYqX6Ez_bbiQuHQlV_I5m_3gTMF8-IwiYH2y-PYuKqyt0NdkVc2kuRyHpke74Jy6BCxGGBZfSVLeKT7t4ntl2bKrLWpIDQF2vsh3qxj1BQ7j7T6nkqeqO3G2qBTOfN_2KvgwsrLdArd-IPUC4QE.x7b273Tq3HB9IRIqaF6uIw1y16qvu3o3j-1IeZyNOFo&dib_tag=se&keywords=gaming+laptop&qid=1733686392&sr=8-277
"asus TUF A16 16'' FHD 165Hz Gaming Laptop, AMD Ryzen 7-7735HS, Radeon RX7600S V8G Graphics, 64GB DDR5 RAM, 4TB PCIe SSD, RGB Backlit Keyboard, Wi-Fi 6, HD Camera, Black, Win 11 Pro, 32GB USB Card","$1,379.99",4.0,16.0,https://www.amazon.com/TUF-A16-Gaming-7-7735HS-Graphics/dp/B0CG6J6ZGG/ref=sr_1_278?dib=eyJ2IjoiMSJ9.Z9C-WRePoGsGlf0kYgV5eUHiouOnXNcohGJkmUNL_v7oMXe6aiCMUR_Uk6pwaM_3_Sxdx0pvp-D4R2G7thYq1d6LuYqX6Ez_bbiQuHQlV_I5m_3gTMF8-IwiYH2y-PYuKqyt0NdkVc2kuRyHpke74Jy6BCxGGBZfSVLeKT7t4ntl2bKrLWpIDQF2vsh3qxj1BQ7j7T6nkqeqO3G2qBTOfN_2KvgwsrLdArd-IPUC4QE.x7b273Tq3HB9IRIqaF6uIw1y16qvu3o3j-1IeZyNOFo&dib_tag=se&keywords=gaming+laptop&qid=1733686392&sr=8-278
"STGAubron Gaming Desktop PC Computer, Intel Core I7 3.4 GHz up to 3.9 GHz, Radeon RX 580 8G GDDR5, 16G RAM, 512G SSD, WiFi, Bluetooth 5.0, RGB Fanx6, RGB Mouse Pad, RGB BT Sound Bar, Windows 10 Home",$499.99,3.7,1195.0,https://www.amazon.com/STGAubron-Desktop-Computer-Bluetooth-Keyboard/dp/B0BK539D4V/ref=sr_1_279?dib=eyJ2IjoiMSJ9.Z9C-WRePoGsGlf0kYgV5eUHiouOnXNcohGJkmUNL_v7oMXe6aiCMUR_Uk6pwaM_3_Sxdx0pvp-D4R2G7thYq1d6LuYqX6Ez_bbiQuHQlV_I5m_3gTMF8-IwiYH2y-PYuKqyt0NdkVc2kuRyHpke74Jy6BCxGGBZfSVLeKT7t4ntl2bKrLWpIDQF2vsh3qxj1BQ7j7T6nkqeqO3G2qBTOfN_2KvgwsrLdArd-IPUC4QE.x7b273Tq3HB9IRIqaF6uIw1y16qvu3o3j-1IeZyNOFo&dib_tag=se&keywords=gaming+laptop&qid=1733686392&sr=8-279
"Acer Nitro 5 Gaming Laptop, 9th Gen Intel Core i5-9300H, NVIDIA GeForce GTX 1650, 15.6"" Full HD IPS Display, 8GB DDR4, 256GB NVMe SSD, Wi-Fi 6, Backlit Keyboard, Alexa Built-in, AN515-54-5812",$649.00,4.6,5379.0,https://www.amazon.com/Acer-i5-9300H-GeForce-Keyboard-AN515-54-5812/dp/B086KJBKDW/ref=sr_1_280?dib=eyJ2IjoiMSJ9.Z9C-WRePoGsGlf0kYgV5eUHiouOnXNcohGJkmUNL_v7oMXe6aiCMUR_Uk6pwaM_3_Sxdx0pvp-D4R2G7thYq1d6LuYqX6Ez_bbiQuHQlV_I5m_3gTMF8-IwiYH2y-PYuKqyt0NdkVc2kuRyHpke74Jy6BCxGGBZfSVLeKT7t4ntl2bKrLWpIDQF2vsh3qxj1BQ7j7T6nkqeqO3G2qBTOfN_2KvgwsrLdArd-IPUC4QE.x7b273Tq3HB9IRIqaF6uIw1y16qvu3o3j-1IeZyNOFo&dib_tag=se&keywords=gaming+laptop&qid=1733686392&sr=8-280
"MSI 2023 Newest Crosshair Gaming Laptop, 16"" FHD+ 144Hz IPS Display, NVIDIA GeForce RTX 4070, Intel Core i7-13620H (Beats i9-12900H), 32GB DDR5 RAM, 2TB SSD, Backlit Keyboard, Wi-Fi 6, Windows 11 Home","$1,889.00",3.6,3.0,https://www.amazon.com/MSI-Crosshair-i7-13620H-i9-12900H-Keyboard/dp/B0CGNYHBK6/ref=sr_1_281?dib=eyJ2IjoiMSJ9.Z9C-WRePoGsGlf0kYgV5eUHiouOnXNcohGJkmUNL_v7oMXe6aiCMUR_Uk6pwaM_3_Sxdx0pvp-D4R2G7thYq1d6LuYqX6Ez_bbiQuHQlV_I5m_3gTMF8-IwiYH2y-PYuKqyt0NdkVc2kuRyHpke74Jy6BCxGGBZfSVLeKT7t4ntl2bKrLWpIDQF2vsh3qxj1BQ7j7T6nkqeqO3G2qBTOfN_2KvgwsrLdArd-IPUC4QE.x7b273Tq3HB9IRIqaF6uIw1y16qvu3o3j-1IeZyNOFo&dib_tag=se&keywords=gaming+laptop&qid=1733686392&sr=8-281
"Lenovo Legion Pro 7i 16"" WQXGA Gaming Laptop, Intel i9-14900HX, 64GB DDR5, 2TB SSD, ‎NVIDIA GeForce RTX 4090 16GB GDDR6, Backlit Keyboard, 1080p Webcam, Win 11 Pro, Black, 256GB Docking Station Set","$3,569.00",4.6,67.0,https://www.amazon.com/Lenovo-Legion-Pro-7i-i9-14900HX/dp/B0DJ2P3WDR/ref=sr_1_282?dib=eyJ2IjoiMSJ9.Z9C-WRePoGsGlf0kYgV5eUHiouOnXNcohGJkmUNL_v7oMXe6aiCMUR_Uk6pwaM_3_Sxdx0pvp-D4R2G7thYq1d6LuYqX6Ez_bbiQuHQlV_I5m_3gTMF8-IwiYH2y-PYuKqyt0NdkVc2kuRyHpke74Jy6BCxGGBZfSVLeKT7t4ntl2bKrLWpIDQF2vsh3qxj1BQ7j7T6nkqeqO3G2qBTOfN_2KvgwsrLdArd-IPUC4QE.x7b273Tq3HB9IRIqaF6uIw1y16qvu3o3j-1IeZyNOFo&dib_tag=se&keywords=gaming+laptop&qid=1733686392&sr=8-282
"NIMO 17.3 IPS FHD Display Gaming Laptop with 8 Cores AMD Ryzen 9 Pro 6950H 680M(Up to 4.9GHz, Beatsi9-10900), DDR5 32GB RAM 1TB SSD, 100W Type C, Backlit Keyboard,WiFi 6, BT5.2, USB3.2, Win 11",$799.99,5.0,4.0,https://www.amazon.com/sspa/click?ie=UTF8&spc=MTo3MjcxNjE4MDUyNzQyOTQ5OjE3MzM2ODYzOTI6c3BfbXRmOjMwMDU0MTM0MDg1ODcwMjo6MDo6&url=%2FNIMO-Display-Beatsi9-10900-Backlit-Keyboard%2Fdp%2FB0DHRFF8F9%2Fref%3Dsr_1_284_sspa%3Fdib%3DeyJ2IjoiMSJ9.Z9C-WRePoGsGlf0kYgV5eUHiouOnXNcohGJkmUNL_v7oMXe6aiCMUR_Uk6pwaM_3_Sxdx0pvp-D4R2G7thYq1d6LuYqX6Ez_bbiQuHQlV_I5m_3gTMF8-IwiYH2y-PYuKqyt0NdkVc2kuRyHpke74Jy6BCxGGBZfSVLeKT7t4ntl2bKrLWpIDQF2vsh3qxj1BQ7j7T6nkqeqO3G2qBTOfN_2KvgwsrLdArd-IPUC4QE.x7b273Tq3HB9IRIqaF6uIw1y16qvu3o3j-1IeZyNOFo%26dib_tag%3Dse%26keywords%3Dgaming%2Blaptop%26qid%3D1733686392%26sr%3D8-284-spons%26sp_csd%3Dd2lkZ2V0TmFtZT1zcF9tdGY%26psc%3D1
Lenovo-LOQ Gaming-Laptop RTX 4060 - AMD Ryzen 7 7435HS Beat i7-12650H - 15.6 FHD IPS Display G-SYNC - Windows 11 - Backlit Keyboard - Computadora Gamer 2024 (32GB DDR5 RAM| 2TB PCIe SSD),$979.69,4.0,126.0,https://www.amazon.com/Lenovo-LOQ-Gaming-Laptop-RTX-4060-Computadora/dp/B0D5YBCNWV/ref=sr_1_285?dib=eyJ2IjoiMSJ9.Z9C-WRePoGsGlf0kYgV5eUHiouOnXNcohGJkmUNL_v7oMXe6aiCMUR_Uk6pwaM_3_Sxdx0pvp-D4R2G7thYq1d6LuYqX6Ez_bbiQuHQlV_I5m_3gTMF8-IwiYH2y-PYuKqyt0NdkVc2kuRyHpke74Jy6BCxGGBZfSVLeKT7t4ntl2bKrLWpIDQF2vsh3qxj1BQ7j7T6nkqeqO3G2qBTOfN_2KvgwsrLdArd-IPUC4QE.x7b273Tq3HB9IRIqaF6uIw1y16qvu3o3j-1IeZyNOFo&dib_tag=se&keywords=gaming+laptop&qid=1733686392&sr=8-285
"Dell Inspiron Touchscreen Laptop, 15.6"" Business & Student Laptop Computer, Windows 11 Pro Laptop 32GB RAM 1TB SSD, Intel i5-1155G7 Processor, Full HD IPS Display, Numeric Keypad, HDMI, Carbon Black",$489.79,4.2,89.0,https://www.amazon.com/Dell-Inspiron-Touchscreen-i5-1155G7-Processor/dp/B0CTPCTW66/ref=sr_1_288?dib=eyJ2IjoiMSJ9.Z9C-WRePoGsGlf0kYgV5eUHiouOnXNcohGJkmUNL_v7oMXe6aiCMUR_Uk6pwaM_3_Sxdx0pvp-D4R2G7thYq1d6LuYqX6Ez_bbiQuHQlV_I5m_3gTMF8-IwiYH2y-PYuKqyt0NdkVc2kuRyHpke74Jy6BCxGGBZfSVLeKT7t4ntl2bKrLWpIDQF2vsh3qxj1BQ7j7T6nkqeqO3G2qBTOfN_2KvgwsrLdArd-IPUC4QE.x7b273Tq3HB9IRIqaF6uIw1y16qvu3o3j-1IeZyNOFo&dib_tag=se&keywords=gaming+laptop&qid=1733686392&sr=8-288
Lenovo LOQ 15.6 Gaming Laptop RTX 4070 - AMD Ryzen 7 7435HS Beat i7-12650H - 32GB DDR5 RAM -2TB PCIe SSD -Backlit Keyboard - FHD Display G-SYNC - Windows 11 - Computadora Gamer PC - 2024 - HDMI Cable,"$1,279.99",5.0,3.0,https://www.amazon.com/Lenovo-15-6-Gaming-Laptop-4070/dp/B0DM1QPVV7/ref=sr_1_290?dib=eyJ2IjoiMSJ9.Z9C-WRePoGsGlf0kYgV5eUHiouOnXNcohGJkmUNL_v7oMXe6aiCMUR_Uk6pwaM_3_Sxdx0pvp-D4R2G7thYq1d6LuYqX6Ez_bbiQuHQlV_I5m_3gTMF8-IwiYH2y-PYuKqyt0NdkVc2kuRyHpke74Jy6BCxGGBZfSVLeKT7t4ntl2bKrLWpIDQF2vsh3qxj1BQ7j7T6nkqeqO3G2qBTOfN_2KvgwsrLdArd-IPUC4QE.x7b273Tq3HB9IRIqaF6uIw1y16qvu3o3j-1IeZyNOFo&dib_tag=se&keywords=gaming+laptop&qid=1733686392&sr=8-290
MSI Katana GF76 17 Gaming Laptop 17.3” FHD IPS 144Hz Thin Bezel Display 11th Generation Intel Octa-Core i7-11800H 16GB RAM 512GB SSD GeForce RTX 3050 Ti 4GB Backlit USB-C Nahimic Win10 + HDMI Cable,$899.00,5.0,1.0,https://www.amazon.com/MSI-Katana-GF76-Generation-Octa-Core/dp/B0BFXGP4BP/ref=sr_1_291?dib=eyJ2IjoiMSJ9.Z9C-WRePoGsGlf0kYgV5eUHiouOnXNcohGJkmUNL_v7oMXe6aiCMUR_Uk6pwaM_3_Sxdx0pvp-D4R2G7thYq1d6LuYqX6Ez_bbiQuHQlV_I5m_3gTMF8-IwiYH2y-PYuKqyt0NdkVc2kuRyHpke74Jy6BCxGGBZfSVLeKT7t4ntl2bKrLWpIDQF2vsh3qxj1BQ7j7T6nkqeqO3G2qBTOfN_2KvgwsrLdArd-IPUC4QE.x7b273Tq3HB9IRIqaF6uIw1y16qvu3o3j-1IeZyNOFo&dib_tag=se&keywords=gaming+laptop&qid=1733686392&sr=8-291
"Lenovo Legion Pro 9i Gen 9 16"" Gaming Laptop (2024 Model) Intel 14th Gen i9-14900HX 24C, NVIDIA GeForce RTX 4090 16GB, 32GB RAM, 2TB (1TB+1TB) NVMe SSD, 16"" 3.2K Mini-Led 165Hz 1200-nits, Win 11 Home","$3,968.99",3.9,4.0,https://www.amazon.com/Lenovo-i9-14900HX-GeForce-Mini-Led-1200-nits/dp/B0D3D8HKPJ/ref=sr_1_292?dib=eyJ2IjoiMSJ9.Z9C-WRePoGsGlf0kYgV5eUHiouOnXNcohGJkmUNL_v7oMXe6aiCMUR_Uk6pwaM_3_Sxdx0pvp-D4R2G7thYq1d6LuYqX6Ez_bbiQuHQlV_I5m_3gTMF8-IwiYH2y-PYuKqyt0NdkVc2kuRyHpke74Jy6BCxGGBZfSVLeKT7t4ntl2bKrLWpIDQF2vsh3qxj1BQ7j7T6nkqeqO3G2qBTOfN_2KvgwsrLdArd-IPUC4QE.x7b273Tq3HB9IRIqaF6uIw1y16qvu3o3j-1IeZyNOFo&dib_tag=se&keywords=gaming+laptop&qid=1733686392&sr=8-292
"acer Aspire 2024 Flagship Business Laptop, 15.6"" FHD IPS Display, 8-Core AMD Ryzen 7 5700U Processor, 16GB RAM, 1TB SSD, RJ-45, Wi-Fi 6, Webcam, Long Battery, Windows 11 Pro +HubxcelAccessory",$539.00,3.4,5.0,https://www.amazon.com/sspa/click?ie=UTF8&spc=MTo3MjcxNjE4MDUyNzQyOTQ5OjE3MzM2ODYzOTI6c3BfYnRmOjMwMDE2MDg3MjEwNDcwMjo6MDo6&url=%2Facer-Aspire-2024-Flagship-HubxcelAccessory%2Fdp%2FB0CZ7ZNF58%2Fref%3Dsr_1_293_sspa%3Fdib%3DeyJ2IjoiMSJ9.Z9C-WRePoGsGlf0kYgV5eUHiouOnXNcohGJkmUNL_v7oMXe6aiCMUR_Uk6pwaM_3_Sxdx0pvp-D4R2G7thYq1d6LuYqX6Ez_bbiQuHQlV_I5m_3gTMF8-IwiYH2y-PYuKqyt0NdkVc2kuRyHpke74Jy6BCxGGBZfSVLeKT7t4ntl2bKrLWpIDQF2vsh3qxj1BQ7j7T6nkqeqO3G2qBTOfN_2KvgwsrLdArd-IPUC4QE.x7b273Tq3HB9IRIqaF6uIw1y16qvu3o3j-1IeZyNOFo%26dib_tag%3Dse%26keywords%3Dgaming%2Blaptop%26qid%3D1733686392%26sr%3D8-293-spons%26sp_csd%3Dd2lkZ2V0TmFtZT1zcF9idGY%26psc%3D1
"Laptop 16"" 12GB+512GB SSD Celeron N5095 Up to 2.9 GHz Win 11 Laptop Support 512GB TF 1TB SSD Expand Notebook with 1920*1200 FHD 5G WiFi BT 4.2 Webcam Cooling Fan for Students and Business-Black",$459.99,4.3,14.0,https://www.amazon.com/sspa/click?ie=UTF8&spc=MTo3MjcxNjE4MDUyNzQyOTQ5OjE3MzM2ODYzOTI6c3BfYnRmOjMwMDUyMzAwODU3MDcwMjo6MDo6&url=%2FCeleron-Support-Notebook-Students-Business-Black%2Fdp%2FB0DKBQBF5D%2Fref%3Dsr_1_294_sspa%3Fdib%3DeyJ2IjoiMSJ9.Z9C-WRePoGsGlf0kYgV5eUHiouOnXNcohGJkmUNL_v7oMXe6aiCMUR_Uk6pwaM_3_Sxdx0pvp-D4R2G7thYq1d6LuYqX6Ez_bbiQuHQlV_I5m_3gTMF8-IwiYH2y-PYuKqyt0NdkVc2kuRyHpke74Jy6BCxGGBZfSVLeKT7t4ntl2bKrLWpIDQF2vsh3qxj1BQ7j7T6nkqeqO3G2qBTOfN_2KvgwsrLdArd-IPUC4QE.x7b273Tq3HB9IRIqaF6uIw1y16qvu3o3j-1IeZyNOFo%26dib_tag%3Dse%26keywords%3Dgaming%2Blaptop%26qid%3D1733686392%26sr%3D8-294-spons%26sp_csd%3Dd2lkZ2V0TmFtZT1zcF9idGY%26psc%3D1
"Logitech G Litra Beam Premium LED Gaming Key Light with TrueSoft, Adjustable Desktop Mount, Brightness/Color Temp Settings, Desktop App Control for PC/Mac - Graphite",$89.99,4.4,48.0,https://www.amazon.com/sspa/click?ie=UTF8&spc=MTozMTY0NDk1MzM4ODcyNDI6MTczMzY4NjQwMjpzcF9hdGZfbmV4dDozMDAwNTUwNTgzNzIxMDI6OjA6Og&url=%2FLogitech-TrueSoft-Adjustable-Brightness-Settings%2Fdp%2FB0BSQXDS71%2Fref%3Dsr_1_289_sspa%3Fdib%3DeyJ2IjoiMSJ9.AJk-NukFK8o2YbjTZxEk0QDxl93DD1hCVll41dRZ7-V_Yl9worj7vH5757YAjJI3inDWmxAIQHx7BWYLlIZFzCc-YhrzHNHKkN77nbHdtDTuuff11KDLYR49SBWuVzmTHcBe2R2FULNokhKntNaueFbgOCzSX_kyxwJe7PIfA9mK7heMDBd6QosEpuL2-XsvY92uE24gHVKRJFpieA9wJYHbCKJ67o7gO7thw6KFnG8.hJ8U4u-_0j6VNch5XDmRE175VeQtm3WmGSZLURd1uxI%26dib_tag%3Dse%26keywords%3Dgaming%2Blaptop%26qid%3D1733686402%26sr%3D8-289-spons%26sp_csd%3Dd2lkZ2V0TmFtZT1zcF9hdGZfbmV4dA%26psc%3D1
"HP 11 G5 Chromebook 11.6'' Laptop Intel Celeron N 1.60GHz 4GB 16GB SSD - 1FX82UT, Black (Renewed)",$69.00,3.5,78.0,https://www.amazon.com/sspa/click?ie=UTF8&spc=MTozMTY0NDk1MzM4ODcyNDI6MTczMzY4NjQwMjpzcF9hdGZfbmV4dDozMDAzODM3MjUxNDMxMDI6OjA6Og&url=%2FHP-Chromebook-Laptop-Celeron-1-60GHz%2Fdp%2FB0BZ565D6Z%2Fref%3Dsr_1_290_sspa%3Fdib%3DeyJ2IjoiMSJ9.AJk-NukFK8o2YbjTZxEk0QDxl93DD1hCVll41dRZ7-V_Yl9worj7vH5757YAjJI3inDWmxAIQHx7BWYLlIZFzCc-YhrzHNHKkN77nbHdtDTuuff11KDLYR49SBWuVzmTHcBe2R2FULNokhKntNaueFbgOCzSX_kyxwJe7PIfA9mK7heMDBd6QosEpuL2-XsvY92uE24gHVKRJFpieA9wJYHbCKJ67o7gO7thw6KFnG8.hJ8U4u-_0j6VNch5XDmRE175VeQtm3WmGSZLURd1uxI%26dib_tag%3Dse%26keywords%3Dgaming%2Blaptop%26qid%3D1733686402%26sr%3D8-290-spons%26sp_csd%3Dd2lkZ2V0TmFtZT1zcF9hdGZfbmV4dA%26psc%3D1
"ASUS TUF Gaming A16 Laptop 16"" WUXGA 165Hz 100% sRGB AMD 8-core Ryzen 7 7735HS 16GB RAM 512GB SSD Radeon RX 7700S 8GB (>RTX4060) Backlit USB4 Fast Charge AI Noise Cancelation Win11 w/ICP Accessory",$899.00,5.0,1.0,https://www.amazon.com/ASUS-RTX4060-Backlit-Cancelation-Accessory/dp/B0DJQDT1MW/ref=sr_1_291?dib=eyJ2IjoiMSJ9.AJk-NukFK8o2YbjTZxEk0QDxl93DD1hCVll41dRZ7-V_Yl9worj7vH5757YAjJI3inDWmxAIQHx7BWYLlIZFzCc-YhrzHNHKkN77nbHdtDTuuff11KDLYR49SBWuVzmTHcBe2R2FULNokhKntNaueFbgOCzSX_kyxwJe7PIfA9mK7heMDBd6QosEpuL2-XsvY92uE24gHVKRJFpieA9wJYHbCKJ67o7gO7thw6KFnG8.hJ8U4u-_0j6VNch5XDmRE175VeQtm3WmGSZLURd1uxI&dib_tag=se&keywords=gaming+laptop&qid=1733686402&sr=8-291
HP 15.6 FHD Display G9 Laptop • 64GB RAM • 1.5TB Storage (1TB SSD & 500GB External) • AMD Dual Core Processor • Upto 12 Hours Battery Life • w/WOWPC Bundle • Windows 11 Pro,$629.00,4.2,193.0,https://www.amazon.com/HP-Display-Storage-External-Processor/dp/B0DH9PB8W8/ref=sr_1_292?dib=eyJ2IjoiMSJ9.AJk-NukFK8o2YbjTZxEk0QDxl93DD1hCVll41dRZ7-V_Yl9worj7vH5757YAjJI3inDWmxAIQHx7BWYLlIZFzCc-YhrzHNHKkN77nbHdtDTuuff11KDLYR49SBWuVzmTHcBe2R2FULNokhKntNaueFbgOCzSX_kyxwJe7PIfA9mK7heMDBd6QosEpuL2-XsvY92uE24gHVKRJFpieA9wJYHbCKJ67o7gO7thw6KFnG8.hJ8U4u-_0j6VNch5XDmRE175VeQtm3WmGSZLURd1uxI&dib_tag=se&keywords=gaming+laptop&qid=1733686402&sr=8-292
"MSI Computer GF63, NVIDIA GeForce GTX 1650 Graphics, 15.6"" 8GB 256GB Intel Core i5-10300H X4 2.5GHz Win10, Black",$548.88,4.5,368.0,https://www.amazon.com/MSI-GF63-Thin-10SCXR-222-i5-10300H/dp/B08YRZ2LLJ/ref=sr_1_293?dib=eyJ2IjoiMSJ9.AJk-NukFK8o2YbjTZxEk0QDxl93DD1hCVll41dRZ7-V_Yl9worj7vH5757YAjJI3inDWmxAIQHx7BWYLlIZFzCc-YhrzHNHKkN77nbHdtDTuuff11KDLYR49SBWuVzmTHcBe2R2FULNokhKntNaueFbgOCzSX_kyxwJe7PIfA9mK7heMDBd6QosEpuL2-XsvY92uE24gHVKRJFpieA9wJYHbCKJ67o7gO7thw6KFnG8.hJ8U4u-_0j6VNch5XDmRE175VeQtm3WmGSZLURd1uxI&dib_tag=se&keywords=gaming+laptop&qid=1733686402&sr=8-293
"HP 15.6 FHD Flagship Business Laptop Computer, 32GB RAM, 2TB PCIe SSD, 12th Gen Intel 10 Cores i5-1235U (Beat i7-1195G7), Iris Xe Graphics, Bluetooth, HDMI, WiFi 5, Win 11 Pro, w/GM Accessories",$548.85,4.3,245.0,https://www.amazon.com/HP-Flagship-i7-1195G7-Bluetooth-Accessories/dp/B0DBZ7BMJ4/ref=sr_1_294?dib=eyJ2IjoiMSJ9.AJk-NukFK8o2YbjTZxEk0QDxl93DD1hCVll41dRZ7-V_Yl9worj7vH5757YAjJI3inDWmxAIQHx7BWYLlIZFzCc-YhrzHNHKkN77nbHdtDTuuff11KDLYR49SBWuVzmTHcBe2R2FULNokhKntNaueFbgOCzSX_kyxwJe7PIfA9mK7heMDBd6QosEpuL2-XsvY92uE24gHVKRJFpieA9wJYHbCKJ67o7gO7thw6KFnG8.hJ8U4u-_0j6VNch5XDmRE175VeQtm3WmGSZLURd1uxI&dib_tag=se&keywords=gaming+laptop&qid=1733686402&sr=8-294
"DELL G16 7630 Gaming Laptop 16"" QHD+ 165Hz (100% DCI-P3, 3ms, G-SYNC + DDS) Intel 24-Core i9-13900HX 32GB RAM 2TB SSD GeForce RTX 4070 8GB RGB Backlit Cherry MX Mechanical Keyboard Thunderbolt Win11","$1,779.00",4.7,4.0,https://www.amazon.com/DELL-i9-13900HX-Mechanical-Keyboard-Thunderbolt/dp/B0DHS2NXPM/ref=sr_1_295?dib=eyJ2IjoiMSJ9.AJk-NukFK8o2YbjTZxEk0QDxl93DD1hCVll41dRZ7-V_Yl9worj7vH5757YAjJI3inDWmxAIQHx7BWYLlIZFzCc-YhrzHNHKkN77nbHdtDTuuff11KDLYR49SBWuVzmTHcBe2R2FULNokhKntNaueFbgOCzSX_kyxwJe7PIfA9mK7heMDBd6QosEpuL2-XsvY92uE24gHVKRJFpieA9wJYHbCKJ67o7gO7thw6KFnG8.hJ8U4u-_0j6VNch5XDmRE175VeQtm3WmGSZLURd1uxI&dib_tag=se&keywords=gaming+laptop&qid=1733686402&sr=8-295
"HP Victus Gaming Laptop, 15.6"" FHD 144Hz Display, AMD Ryzen 5 8645HS, 16GB DDR5 RAM, 1TB SSD, NVIDIA GeForce RTX 4050 (6GB GDDR6), HDMI, Webcam, Backlit Keyboard, Wi-Fi 6, Windows 11 Home, Mica Silver",$752.98,3.9,8.0,https://www.amazon.com/HP-Display-AMD-GeForce-Keyboard/dp/B0D97FF89R/ref=sr_1_296?dib=eyJ2IjoiMSJ9.AJk-NukFK8o2YbjTZxEk0QDxl93DD1hCVll41dRZ7-V_Yl9worj7vH5757YAjJI3inDWmxAIQHx7BWYLlIZFzCc-YhrzHNHKkN77nbHdtDTuuff11KDLYR49SBWuVzmTHcBe2R2FULNokhKntNaueFbgOCzSX_kyxwJe7PIfA9mK7heMDBd6QosEpuL2-XsvY92uE24gHVKRJFpieA9wJYHbCKJ67o7gO7thw6KFnG8.hJ8U4u-_0j6VNch5XDmRE175VeQtm3WmGSZLURd1uxI&dib_tag=se&keywords=gaming+laptop&qid=1733686402&sr=8-296
"ASUS ROG Strix G17 G713 Gaming Laptop | 17.3"" WQHD IPS 240Hz G-Sync | AMD 12-Core Ryzen 9 7845HX >i9-12900H | 64GB DDR5 1TB+1TB SSD | GeForce RTX 4060 8GB | USB-C RGB Backlit Win11Pro w/DLCA Accessory","$1,799.00",5.0,2.0,https://www.amazon.com/ASUS-G713-i9-12900H-Win11Pro-Accessory/dp/B0DGT73TD5/ref=sr_1_297?dib=eyJ2IjoiMSJ9.AJk-NukFK8o2YbjTZxEk0QDxl93DD1hCVll41dRZ7-V_Yl9worj7vH5757YAjJI3inDWmxAIQHx7BWYLlIZFzCc-YhrzHNHKkN77nbHdtDTuuff11KDLYR49SBWuVzmTHcBe2R2FULNokhKntNaueFbgOCzSX_kyxwJe7PIfA9mK7heMDBd6QosEpuL2-XsvY92uE24gHVKRJFpieA9wJYHbCKJ67o7gO7thw6KFnG8.hJ8U4u-_0j6VNch5XDmRE175VeQtm3WmGSZLURd1uxI&dib_tag=se&keywords=gaming+laptop&qid=1733686402&sr=8-297
"HP Victus Gaming Laptop | 15.6"" FHD 144Hz | 13th Gen Intel 8 Cores i5-13420H Up to 4.60 GHz | NVIDIA GeForce RTX 3050 6GB | 32GB RAM | 2TB PCIe SSD | Backlit | Wi-Fi 6 |Webcam |Type-C |Windows 11 Home",$828.00,4.6,28.0,https://www.amazon.com/HP-i5-13420H-GeForce-Backlit-Windows/dp/B0CN3LNF2H/ref=sr_1_298?dib=eyJ2IjoiMSJ9.AJk-NukFK8o2YbjTZxEk0QDxl93DD1hCVll41dRZ7-V_Yl9worj7vH5757YAjJI3inDWmxAIQHx7BWYLlIZFzCc-YhrzHNHKkN77nbHdtDTuuff11KDLYR49SBWuVzmTHcBe2R2FULNokhKntNaueFbgOCzSX_kyxwJe7PIfA9mK7heMDBd6QosEpuL2-XsvY92uE24gHVKRJFpieA9wJYHbCKJ67o7gO7thw6KFnG8.hJ8U4u-_0j6VNch5XDmRE175VeQtm3WmGSZLURd1uxI&dib_tag=se&keywords=gaming+laptop&qid=1733686402&sr=8-298
"ASUS ROG Strix G17 G713 Gaming Laptop 17.3"" WQHD IPS 240Hz AMD 12-Core Ryzen 9 7845HX (>i9-12900H) 32GB RAM 1TB SSD GeForce RTX 4060 8GB USB-C RGB Backlit Fast Charging Win11 w/ICP Accessory","$1,629.00",4.0,9.0,https://www.amazon.com/sspa/click?ie=UTF8&spc=MTozMTY0NDk1MzM4ODcyNDI6MTczMzY4NjQwMjpzcF9tdGY6MzAwNDExOTg3MTU5MjAyOjowOjo&url=%2FASUS-12-Core-i9-12900H-Charging-Accessory%2Fdp%2FB0DGQ6X3Q2%2Fref%3Dsr_1_299_sspa%3Fdib%3DeyJ2IjoiMSJ9.AJk-NukFK8o2YbjTZxEk0QDxl93DD1hCVll41dRZ7-V_Yl9worj7vH5757YAjJI3inDWmxAIQHx7BWYLlIZFzCc-YhrzHNHKkN77nbHdtDTuuff11KDLYR49SBWuVzmTHcBe2R2FULNokhKntNaueFbgOCzSX_kyxwJe7PIfA9mK7heMDBd6QosEpuL2-XsvY92uE24gHVKRJFpieA9wJYHbCKJ67o7gO7thw6KFnG8.hJ8U4u-_0j6VNch5XDmRE175VeQtm3WmGSZLURd1uxI%26dib_tag%3Dse%26keywords%3Dgaming%2Blaptop%26qid%3D1733686402%26sr%3D8-299-spons%26sp_csd%3Dd2lkZ2V0TmFtZT1zcF9tdGY%26psc%3D1
"HP Victus 15.6"" 144Hz FHD IPS Premium Gaming Laptop, RTX 4050 Graphics, 13th Intel 8-Core i5-13420H Up to 4.6 GHz, Backlit KB, Bluetooth 5.3, W/512GB PSD, Windows 11 PRO(64GB |1TB SSD)",$897.99,4.2,40.0,https://www.amazon.com/sspa/click?ie=UTF8&spc=MTozMTY0NDk1MzM4ODcyNDI6MTczMzY4NjQwMjpzcF9tdGY6MzAwNTY3NzY2MTgxMjAyOjowOjo&url=%2FHP-Victus-Graphics-i5-13420H-Bluetooth%2Fdp%2FB0DNMJHLKY%2Fref%3Dsr_1_300_sspa%3Fdib%3DeyJ2IjoiMSJ9.AJk-NukFK8o2YbjTZxEk0QDxl93DD1hCVll41dRZ7-V_Yl9worj7vH5757YAjJI3inDWmxAIQHx7BWYLlIZFzCc-YhrzHNHKkN77nbHdtDTuuff11KDLYR49SBWuVzmTHcBe2R2FULNokhKntNaueFbgOCzSX_kyxwJe7PIfA9mK7heMDBd6QosEpuL2-XsvY92uE24gHVKRJFpieA9wJYHbCKJ67o7gO7thw6KFnG8.hJ8U4u-_0j6VNch5XDmRE175VeQtm3WmGSZLURd1uxI%26dib_tag%3Dse%26keywords%3Dgaming%2Blaptop%26qid%3D1733686402%26sr%3D8-300-spons%26sp_csd%3Dd2lkZ2V0TmFtZT1zcF9tdGY%26psc%3D1
"MSI GF63 Thin 11SC-693 15.6"" Gaming Laptop, Intel Core i5-11400H, NVIDIA GeForce GTX 1650, 8GB Memory, 256GB NVMe SSD, Windows 11",$554.00,4.5,70.0,https://www.amazon.com/MSI-GF63-Thin-11SC-693-i5-11400H/dp/B0BMWGFWNX/ref=sr_1_301?dib=eyJ2IjoiMSJ9.AJk-NukFK8o2YbjTZxEk0QDxl93DD1hCVll41dRZ7-V_Yl9worj7vH5757YAjJI3inDWmxAIQHx7BWYLlIZFzCc-YhrzHNHKkN77nbHdtDTuuff11KDLYR49SBWuVzmTHcBe2R2FULNokhKntNaueFbgOCzSX_kyxwJe7PIfA9mK7heMDBd6QosEpuL2-XsvY92uE24gHVKRJFpieA9wJYHbCKJ67o7gO7thw6KFnG8.hJ8U4u-_0j6VNch5XDmRE175VeQtm3WmGSZLURd1uxI&dib_tag=se&keywords=gaming+laptop&qid=1733686402&sr=8-301
ASUS-TUF Gaming-Laptop RTX 4070 - i7-13620H - RGB Backlit Keyboard - 15.6 FHD IPS Display - 64GB RAM -2TB PCIe SSD -Windows 11 - G-SYNC - Gamer PC - 2024 - Thunderbolt 4 - HDMI Cable,"$1,429.99",4.4,99.0,https://www.amazon.com/ASUS-TUF-Gaming-Laptop-RTX-4070-Thunderbolt/dp/B0DDPBBJVQ/ref=sr_1_302?dib=eyJ2IjoiMSJ9.AJk-NukFK8o2YbjTZxEk0QDxl93DD1hCVll41dRZ7-V_Yl9worj7vH5757YAjJI3inDWmxAIQHx7BWYLlIZFzCc-YhrzHNHKkN77nbHdtDTuuff11KDLYR49SBWuVzmTHcBe2R2FULNokhKntNaueFbgOCzSX_kyxwJe7PIfA9mK7heMDBd6QosEpuL2-XsvY92uE24gHVKRJFpieA9wJYHbCKJ67o7gO7thw6KFnG8.hJ8U4u-_0j6VNch5XDmRE175VeQtm3WmGSZLURd1uxI&dib_tag=se&keywords=gaming+laptop&qid=1733686402&sr=8-302
ASUS TUF Gaming Laptop Ryzen7 7735HS - A16 WUXGA 165Hz 100% sRGB - AMD Radeon RX7600S Beat RTX3060 - Backlit Keyboard - Thunderbolt4 - Wi-Fi6 - HDMI Cable (64GB DDR5 RAM |2TB PCIe SSD),"$1,099.99",4.3,337.0,https://www.amazon.com/ASUS-TUF-Gaming-Laptop-Ryzen7/dp/B0CNYHMC1X/ref=sr_1_303?dib=eyJ2IjoiMSJ9.AJk-NukFK8o2YbjTZxEk0QDxl93DD1hCVll41dRZ7-V_Yl9worj7vH5757YAjJI3inDWmxAIQHx7BWYLlIZFzCc-YhrzHNHKkN77nbHdtDTuuff11KDLYR49SBWuVzmTHcBe2R2FULNokhKntNaueFbgOCzSX_kyxwJe7PIfA9mK7heMDBd6QosEpuL2-XsvY92uE24gHVKRJFpieA9wJYHbCKJ67o7gO7thw6KFnG8.hJ8U4u-_0j6VNch5XDmRE175VeQtm3WmGSZLURd1uxI&dib_tag=se&keywords=gaming+laptop&qid=1733686402&sr=8-303
"acer Predator Helios 18 Gaming Laptop, 18"" WQXGA 240Hz, Intel i9-14900HX, GeForce RTX 4080, Win 11 Pro & Lifetime Microsoft Office, 64GB DDR5, 4TB SSD, Backlit Keyboard, WiFi 7, w/cefesfy Accessories","$3,299.99",4.9,19.0,https://www.amazon.com/acer-Predator-Helios-18-Accessories/dp/B0DNF66GGF/ref=sr_1_304?dib=eyJ2IjoiMSJ9.AJk-NukFK8o2YbjTZxEk0QDxl93DD1hCVll41dRZ7-V_Yl9worj7vH5757YAjJI3inDWmxAIQHx7BWYLlIZFzCc-YhrzHNHKkN77nbHdtDTuuff11KDLYR49SBWuVzmTHcBe2R2FULNokhKntNaueFbgOCzSX_kyxwJe7PIfA9mK7heMDBd6QosEpuL2-XsvY92uE24gHVKRJFpieA9wJYHbCKJ67o7gO7thw6KFnG8.hJ8U4u-_0j6VNch5XDmRE175VeQtm3WmGSZLURd1uxI&dib_tag=se&keywords=gaming+laptop&qid=1733686402&sr=8-304
"HP Victus 15.6"" 144Hz FHD IPS Premium Gaming Laptop | 13th Gen Intel Core i5-13420H | 16GB RAM | 512GB SSD | NVIDIA GeForce RTX 3050 | Backlit Keyboard | Windows 11 Home | Bundle with HDMI Cable",$592.00,4.3,158.0,https://www.amazon.com/HP-Victus-Premium-i5-13420H-Keyboard/dp/B0C8S98F1W/ref=sr_1_305?dib=eyJ2IjoiMSJ9.AJk-NukFK8o2YbjTZxEk0QDxl93DD1hCVll41dRZ7-V_Yl9worj7vH5757YAjJI3inDWmxAIQHx7BWYLlIZFzCc-YhrzHNHKkN77nbHdtDTuuff11KDLYR49SBWuVzmTHcBe2R2FULNokhKntNaueFbgOCzSX_kyxwJe7PIfA9mK7heMDBd6QosEpuL2-XsvY92uE24gHVKRJFpieA9wJYHbCKJ67o7gO7thw6KFnG8.hJ8U4u-_0j6VNch5XDmRE175VeQtm3WmGSZLURd1uxI&dib_tag=se&keywords=gaming+laptop&qid=1733686402&sr=8-305
ASUS TUF Gaming A16 Laptop -16inch WUXGA Display 165Hz 100% sRGB - AMD Ryzen7 7735HS Beat i7-12650H - AMD Radeon RX7600S Beat RTX 4060 - Backlit Keyboard - HDMI Cable (64GB RAM |4TB PCIe SSD),"$1,279.99",4.1,5.0,https://www.amazon.com/ASUS-Gaming-Laptop-16inch-Display/dp/B0DKWGZV86/ref=sr_1_306?dib=eyJ2IjoiMSJ9.AJk-NukFK8o2YbjTZxEk0QDxl93DD1hCVll41dRZ7-V_Yl9worj7vH5757YAjJI3inDWmxAIQHx7BWYLlIZFzCc-YhrzHNHKkN77nbHdtDTuuff11KDLYR49SBWuVzmTHcBe2R2FULNokhKntNaueFbgOCzSX_kyxwJe7PIfA9mK7heMDBd6QosEpuL2-XsvY92uE24gHVKRJFpieA9wJYHbCKJ67o7gO7thw6KFnG8.hJ8U4u-_0j6VNch5XDmRE175VeQtm3WmGSZLURd1uxI&dib_tag=se&keywords=gaming+laptop&qid=1733686402&sr=8-306
Lenovo Newest V15 Series Laptop • 16GB RAM • 1TB Storage (512GB SSD + 512GB External) • 15.6 FHD Display w/Low-Blue Light • Intel Processor • HDMI • Ethernet Port • Windows 11 Pro • w/WOWPC Bundle,$479.00,4.2,339.0,https://www.amazon.com/Lenovo-V15-External-Low-Blue-Processor/dp/B0DJJF7FXH/ref=sr_1_308?dib=eyJ2IjoiMSJ9.AJk-NukFK8o2YbjTZxEk0QDxl93DD1hCVll41dRZ7-V_Yl9worj7vH5757YAjJI3inDWmxAIQHx7BWYLlIZFzCc-YhrzHNHKkN77nbHdtDTuuff11KDLYR49SBWuVzmTHcBe2R2FULNokhKntNaueFbgOCzSX_kyxwJe7PIfA9mK7heMDBd6QosEpuL2-XsvY92uE24gHVKRJFpieA9wJYHbCKJ67o7gO7thw6KFnG8.hJ8U4u-_0j6VNch5XDmRE175VeQtm3WmGSZLURd1uxI&dib_tag=se&keywords=gaming+laptop&qid=1733686402&sr=8-308
"NIMO 17.3 FHD Laptop, Intel 6 Core i3-1215U, 32GB RAM, 1TB SSD, (Beat i5-1135G7, Up to 4.4GHz), 65W Type-C, Fingerprint, Backlit Keyboard, IPS Business Computer, Numpad, Win 11",$599.99,4.9,14.0,https://www.amazon.com/sspa/click?ie=UTF8&spc=MTozMTY0NDk1MzM4ODcyNDI6MTczMzY4NjQwMjpzcF9idGY6MzAwNTM5NTYzNjc3MDAyOjowOjo&url=%2FNIMO-i3-1215U-i5-1135G7-Fingerprint-Keyboard%2Fdp%2FB0DK6T6739%2Fref%3Dsr_1_309_sspa%3Fdib%3DeyJ2IjoiMSJ9.AJk-NukFK8o2YbjTZxEk0QDxl93DD1hCVll41dRZ7-V_Yl9worj7vH5757YAjJI3inDWmxAIQHx7BWYLlIZFzCc-YhrzHNHKkN77nbHdtDTuuff11KDLYR49SBWuVzmTHcBe2R2FULNokhKntNaueFbgOCzSX_kyxwJe7PIfA9mK7heMDBd6QosEpuL2-XsvY92uE24gHVKRJFpieA9wJYHbCKJ67o7gO7thw6KFnG8.hJ8U4u-_0j6VNch5XDmRE175VeQtm3WmGSZLURd1uxI%26dib_tag%3Dse%26keywords%3Dgaming%2Blaptop%26qid%3D1733686402%26sr%3D8-309-spons%26sp_csd%3Dd2lkZ2V0TmFtZT1zcF9idGY%26psc%3D1
"acer Aspire 2024 Flagship Business Laptop, 15.6"" FHD IPS Display, 8-Core AMD Ryzen 7 5700U Processor, 16GB RAM, 512GB SSD, RJ-45, Wi-Fi 6, Webcam, Long Battery, Windows 11 Pro +HubxcelAccessory",$489.00,3.4,5.0,https://www.amazon.com/sspa/click?ie=UTF8&spc=MTozMTY0NDk1MzM4ODcyNDI6MTczMzY4NjQwMjpzcF9idGY6MzAwMTYwODcyMTA0NjAyOjowOjo&url=%2Facer-Aspire-2024-Flagship-HubxcelAccessory%2Fdp%2FB0CZ7YQ58K%2Fref%3Dsr_1_310_sspa%3Fdib%3DeyJ2IjoiMSJ9.AJk-NukFK8o2YbjTZxEk0QDxl93DD1hCVll41dRZ7-V_Yl9worj7vH5757YAjJI3inDWmxAIQHx7BWYLlIZFzCc-YhrzHNHKkN77nbHdtDTuuff11KDLYR49SBWuVzmTHcBe2R2FULNokhKntNaueFbgOCzSX_kyxwJe7PIfA9mK7heMDBd6QosEpuL2-XsvY92uE24gHVKRJFpieA9wJYHbCKJ67o7gO7thw6KFnG8.hJ8U4u-_0j6VNch5XDmRE175VeQtm3WmGSZLURd1uxI%26dib_tag%3Dse%26keywords%3Dgaming%2Blaptop%26qid%3D1733686402%26sr%3D8-310-spons%26sp_csd%3Dd2lkZ2V0TmFtZT1zcF9idGY%26psc%3D1
"2024 HP Victus 15.6"" 144Hz Gaming Laptop, GeForce RTX 4050 6GB GDDR6 Graphic, 6-Core AMD Ryzen 5-8645HS (Beat i7-1355U), Backlit KB, DTS, Bluetooth 5.3, W/512GB SSD, Windows 11 PRO(64GB GDDR5|4TB SSD)","$1,132.99",5.0,3.0,https://www.amazon.com/HP-Victus-5-8645HS-i7-1355U-Bluetooth/dp/B0DJJM6DD8/ref=sr_1_307?dib=eyJ2IjoiMSJ9.bccNpiff3gLyKm_hIVwUnpF4mOTfsVkarZ3VywgBeVQ.xHtOotvGJlrh4NseMzQv0NLPSWLbA3mFH41V64PflJE&dib_tag=se&keywords=gaming+laptop&qid=1733686420&sr=8-307
"acer Nitro V Gaming Laptop - 16"" WUXGA 165Hz Display, AMD Ryzen 7 8845HS Octa-Core AI Capable Processor, NVIDIA GeForce RTX 4060, Mux Switch, Copilot in Windows, w/Mouse Pad (64GB RAM |4TB PCIe SSD)","$1,359.99",5.0,1.0,https://www.amazon.com/acer-Nitro-Gaming-Laptop-Octa-Core/dp/B0D9N8X5M8/ref=sr_1_308?dib=eyJ2IjoiMSJ9.bccNpiff3gLyKm_hIVwUnpF4mOTfsVkarZ3VywgBeVQ.xHtOotvGJlrh4NseMzQv0NLPSWLbA3mFH41V64PflJE&dib_tag=se&keywords=gaming+laptop&qid=1733686420&sr=8-308
"Lenovo Newest Legion 16"" QHD+ i9 RTX 4070 Gaming Laptop, 16"" QHD+ (2560 x 1600) 165 Hz, Intel i9-14900HX, NVIDIA GeForce RTX 4070 (Boost Clock 2175MHz, TGP 140W), 64GB RAM, 4TB SSD, Windows 11 Home","$1,929.00",4.7,9.0,https://www.amazon.com/sspa/click?ie=UTF8&spc=MTozMjY4NDM2NTkyNzAyMzUwOjE3MzM2ODY0MjA6c3BfbXRmOjMwMDIyMTQ0MTk0NDYwMjo6MDo6&url=%2FLenovo-Legion-i9-14900HX-GeForce-2175MHz%2Fdp%2FB0D485WR4L%2Fref%3Dsr_1_310_sspa%3Fdib%3DeyJ2IjoiMSJ9.bccNpiff3gLyKm_hIVwUnpF4mOTfsVkarZ3VywgBeVQ.xHtOotvGJlrh4NseMzQv0NLPSWLbA3mFH41V64PflJE%26dib_tag%3Dse%26keywords%3Dgaming%2Blaptop%26qid%3D1733686420%26sr%3D8-310-spons%26sp_csd%3Dd2lkZ2V0TmFtZT1zcF9tdGY%26psc%3D1
"Amazon Basics Wireless Keyboard and Mouse Combo, Full-Sized, QWERTY Layout, 2.4 GHz USB Receiver, Black",$31.18,3.8,607.0,https://www.amazon.com/sspa/click?ie=UTF8&spc=MTo0MzAwOTQ3MTM3MDkwOTU5OjE3MzM2ODY0Mzg6c3BfYXRmOjMwMDA5NzI4NDMwMDgwMjo6MDo6&url=%2FAmazon-Basics-Full-Sized-Wireless-Keyboard%2Fdp%2FB0C1FZS1HN%2Fref%3Dsr_1_1_ffob_sspa%3Fdib%3DeyJ2IjoiMSJ9.wlRqGaSM7Fk21Wbt_yKcC1PFBvw0fqRo8sVtIAqH0vudcTXF87L-Ym6kP6cBsYSqeN__gRSdHJdwZvELE7aOyZHIE10KMxLTvV7w96UKcAxF6zx-mYFtXqOvw2L_180mJstVK16pMtR8cA17lPpcxd7HL8HcVKOaLoSmEMekhal50aI22-mNDwZ7RoBeMv6yon0aH-N72pfo0UQlGPcRYsiVDlPfYb_-PvukEca2pfE.M2pim74dlokKOtan5apsbu4yLU_vQ2VPwMxarvUWI2Y%26dib_tag%3Dse%26keywords%3Dwireless%2Bkeyboard%26qid%3D1733686438%26sr%3D8-1-spons%26sp_csd%3Dd2lkZ2V0TmFtZT1zcF9hdGY%26psc%3D1
"Wireless Keyboard and Mouse Combo,EarlyLit 2.4G Full-Sized Ergonomic Keyboard Mouse,Cordless USB Mouse and Keyboard,12 Shortcut Keys and Quiet Click for Computer/Laptop/Windows/Mac",$22.45,4.4,733.0,https://www.amazon.com/sspa/click?ie=UTF8&spc=MTo0MzAwOTQ3MTM3MDkwOTU5OjE3MzM2ODY0Mzg6c3BfYXRmOjMwMDAxMzU5NTI1OTcwMjo6MDo6&url=%2FWireless-EarlyLit-Full-Sized-Ergonomic-Adjustable%2Fdp%2FB0C6P686SX%2Fref%3Dsr_1_2_sspa%3Fdib%3DeyJ2IjoiMSJ9.wlRqGaSM7Fk21Wbt_yKcC1PFBvw0fqRo8sVtIAqH0vudcTXF87L-Ym6kP6cBsYSqeN__gRSdHJdwZvELE7aOyZHIE10KMxLTvV7w96UKcAxF6zx-mYFtXqOvw2L_180mJstVK16pMtR8cA17lPpcxd7HL8HcVKOaLoSmEMekhal50aI22-mNDwZ7RoBeMv6yon0aH-N72pfo0UQlGPcRYsiVDlPfYb_-PvukEca2pfE.M2pim74dlokKOtan5apsbu4yLU_vQ2VPwMxarvUWI2Y%26dib_tag%3Dse%26keywords%3Dwireless%2Bkeyboard%26qid%3D1733686438%26sr%3D8-2-spons%26sp_csd%3Dd2lkZ2V0TmFtZT1zcF9hdGY%26psc%3D1
"Logitech MK270 Wireless Keyboard And Mouse Combo For Windows, 2.4 GHz Wireless, Compact Mouse, 8 Multimedia And Shortcut Keys, For PC, Laptop - Black",$22.99,4.5,97757.0,https://www.amazon.com/Logitech-MK270-Wireless-Keyboard-Mouse/dp/B079JLY5M5/ref=sr_1_3?dib=eyJ2IjoiMSJ9.wlRqGaSM7Fk21Wbt_yKcC1PFBvw0fqRo8sVtIAqH0vudcTXF87L-Ym6kP6cBsYSqeN__gRSdHJdwZvELE7aOyZHIE10KMxLTvV7w96UKcAxF6zx-mYFtXqOvw2L_180mJstVK16pMtR8cA17lPpcxd7HL8HcVKOaLoSmEMekhal50aI22-mNDwZ7RoBeMv6yon0aH-N72pfo0UQlGPcRYsiVDlPfYb_-PvukEca2pfE.M2pim74dlokKOtan5apsbu4yLU_vQ2VPwMxarvUWI2Y&dib_tag=se&keywords=wireless+keyboard&qid=1733686438&sr=8-3
"Apple Magic Keyboard with Numeric Keypad: Wireless, Bluetooth, Rechargeable. Works with Mac, iPad, or iPhone; US English - White",$128.39,4.8,16890.0,https://www.amazon.com/Apple-Keyboard-Numeric-Wireless-Rechargable/dp/B071ZZTNBM/ref=sr_1_4?dib=eyJ2IjoiMSJ9.wlRqGaSM7Fk21Wbt_yKcC1PFBvw0fqRo8sVtIAqH0vudcTXF87L-Ym6kP6cBsYSqeN__gRSdHJdwZvELE7aOyZHIE10KMxLTvV7w96UKcAxF6zx-mYFtXqOvw2L_180mJstVK16pMtR8cA17lPpcxd7HL8HcVKOaLoSmEMekhal50aI22-mNDwZ7RoBeMv6yon0aH-N72pfo0UQlGPcRYsiVDlPfYb_-PvukEca2pfE.M2pim74dlokKOtan5apsbu4yLU_vQ2VPwMxarvUWI2Y&dib_tag=se&keywords=wireless+keyboard&qid=1733686438&sr=8-4
"Logitech K270 Wireless Keyboard for Windows, 2.4 GHz Wireless, Full-Size, Number Pad, 8 Multimedia Keys, 2-Year Battery Life, Compatible with PC, Laptop, Black",$24.95,4.4,8048.0,https://www.amazon.com/Logitech-Wireless-Keyboard-K270-Long-Range/dp/B004N627KS/ref=sr_1_5?dib=eyJ2IjoiMSJ9.wlRqGaSM7Fk21Wbt_yKcC1PFBvw0fqRo8sVtIAqH0vudcTXF87L-Ym6kP6cBsYSqeN__gRSdHJdwZvELE7aOyZHIE10KMxLTvV7w96UKcAxF6zx-mYFtXqOvw2L_180mJstVK16pMtR8cA17lPpcxd7HL8HcVKOaLoSmEMekhal50aI22-mNDwZ7RoBeMv6yon0aH-N72pfo0UQlGPcRYsiVDlPfYb_-PvukEca2pfE.M2pim74dlokKOtan5apsbu4yLU_vQ2VPwMxarvUWI2Y&dib_tag=se&keywords=wireless+keyboard&qid=1733686438&sr=8-5
"Logitech MX Keys S Wireless Keyboard, Low Profile, Fluid Precise Quiet Typing, Programmable Keys, Backlighting, Bluetooth, USB C Rechargeable, for Windows PC, Linux, Chrome, Mac - Graphite",$109.99,4.6,20531.0,https://www.amazon.com/Logitech-Programmable-Backlighting-Bluetooth-Rechargeable/dp/B0BKW3LB2B/ref=sr_1_6?dib=eyJ2IjoiMSJ9.wlRqGaSM7Fk21Wbt_yKcC1PFBvw0fqRo8sVtIAqH0vudcTXF87L-Ym6kP6cBsYSqeN__gRSdHJdwZvELE7aOyZHIE10KMxLTvV7w96UKcAxF6zx-mYFtXqOvw2L_180mJstVK16pMtR8cA17lPpcxd7HL8HcVKOaLoSmEMekhal50aI22-mNDwZ7RoBeMv6yon0aH-N72pfo0UQlGPcRYsiVDlPfYb_-PvukEca2pfE.M2pim74dlokKOtan5apsbu4yLU_vQ2VPwMxarvUWI2Y&dib_tag=se&keywords=wireless+keyboard&qid=1733686438&sr=8-6
"Amazon Basics Wireless Keyboard and Mouse Combo - Rechargeable, Ultra Slim Design, Quiet, Full Size, Number Pad, QWERTY, Black",$29.99,4.1,601.0,https://www.amazon.com/sspa/click?ie=UTF8&spc=MTo0MzAwOTQ3MTM3MDkwOTU5OjE3MzM2ODY0Mzg6c3BfbXRmOjMwMDE1NDIwNjgyNzMwMjo6MDo6&url=%2FAmazon-Basics-Rechargeable-Wireless-Keyboard%2Fdp%2FB0CJFB8J7B%2Fref%3Dsr_1_7_ffob_sspa%3Fdib%3DeyJ2IjoiMSJ9.wlRqGaSM7Fk21Wbt_yKcC1PFBvw0fqRo8sVtIAqH0vudcTXF87L-Ym6kP6cBsYSqeN__gRSdHJdwZvELE7aOyZHIE10KMxLTvV7w96UKcAxF6zx-mYFtXqOvw2L_180mJstVK16pMtR8cA17lPpcxd7HL8HcVKOaLoSmEMekhal50aI22-mNDwZ7RoBeMv6yon0aH-N72pfo0UQlGPcRYsiVDlPfYb_-PvukEca2pfE.M2pim74dlokKOtan5apsbu4yLU_vQ2VPwMxarvUWI2Y%26dib_tag%3Dse%26keywords%3Dwireless%2Bkeyboard%26qid%3D1733686438%26sr%3D8-7-spons%26sp_csd%3Dd2lkZ2V0TmFtZT1zcF9tdGY%26psc%3D1
"Logitech ERGO K860 Wireless Ergonomic Qwerty Keyboard - Split Keyboard, Wrist Rest, Natural Typing, Stain-Resistant Fabric, Bluetooth and USB Connectivity, Compatible with Windows/Mac,Black",$129.99,4.5,7424.0,https://www.amazon.com/Logitech-Wireless-Ergonomic-Keyboard-Wrist/dp/B07ZWK2TQT/ref=sr_1_8?dib=eyJ2IjoiMSJ9.wlRqGaSM7Fk21Wbt_yKcC1PFBvw0fqRo8sVtIAqH0vudcTXF87L-Ym6kP6cBsYSqeN__gRSdHJdwZvELE7aOyZHIE10KMxLTvV7w96UKcAxF6zx-mYFtXqOvw2L_180mJstVK16pMtR8cA17lPpcxd7HL8HcVKOaLoSmEMekhal50aI22-mNDwZ7RoBeMv6yon0aH-N72pfo0UQlGPcRYsiVDlPfYb_-PvukEca2pfE.M2pim74dlokKOtan5apsbu4yLU_vQ2VPwMxarvUWI2Y&dib_tag=se&keywords=wireless+keyboard&qid=1733686438&sr=8-8
"Logitech K400 Plus Wireless Touch With Easy Media Control and Built-in Touchpad, HTPC Keyboard for PC-connected TV, Windows, Android, Chrome OS, Laptop, Tablet - Black",$26.98,4.4,37388.0,https://www.amazon.com/Logitech-Wireless-Keyboard-Touchpad-PC-connected/dp/B014EUQOGK/ref=sr_1_9?dib=eyJ2IjoiMSJ9.wlRqGaSM7Fk21Wbt_yKcC1PFBvw0fqRo8sVtIAqH0vudcTXF87L-Ym6kP6cBsYSqeN__gRSdHJdwZvELE7aOyZHIE10KMxLTvV7w96UKcAxF6zx-mYFtXqOvw2L_180mJstVK16pMtR8cA17lPpcxd7HL8HcVKOaLoSmEMekhal50aI22-mNDwZ7RoBeMv6yon0aH-N72pfo0UQlGPcRYsiVDlPfYb_-PvukEca2pfE.M2pim74dlokKOtan5apsbu4yLU_vQ2VPwMxarvUWI2Y&dib_tag=se&keywords=wireless+keyboard&qid=1733686438&sr=8-9
"Logitech MK235 Wireless Keyboard and Mouse Combo for Windows, USB Receiver, 15 FN Keys, Long Battery Life, Compatible with PC, Laptop",$19.99,4.3,10495.0,https://www.amazon.com/Logitech-MK235-Wireless-Keyboard-Mouse/dp/B01AROOL12/ref=sr_1_10?dib=eyJ2IjoiMSJ9.wlRqGaSM7Fk21Wbt_yKcC1PFBvw0fqRo8sVtIAqH0vudcTXF87L-Ym6kP6cBsYSqeN__gRSdHJdwZvELE7aOyZHIE10KMxLTvV7w96UKcAxF6zx-mYFtXqOvw2L_180mJstVK16pMtR8cA17lPpcxd7HL8HcVKOaLoSmEMekhal50aI22-mNDwZ7RoBeMv6yon0aH-N72pfo0UQlGPcRYsiVDlPfYb_-PvukEca2pfE.M2pim74dlokKOtan5apsbu4yLU_vQ2VPwMxarvUWI2Y&dib_tag=se&keywords=wireless+keyboard&qid=1733686438&sr=8-10
KLIM Chroma Wireless Gaming Keyboard RGB - Backlit Wireless Keyboard - Long-Lasting Rechargeable Battery - Quiet Water Resistant Ergonomic Keyboard - Teclado Gamer - PC PS5 PS4 Xbox One Mac - Black,$29.97,4.3,17630.0,https://www.amazon.com/Klim-KLIM-Chroma-Wireless-USA/dp/B07FLKYRFB/ref=sr_1_11?dib=eyJ2IjoiMSJ9.wlRqGaSM7Fk21Wbt_yKcC1PFBvw0fqRo8sVtIAqH0vudcTXF87L-Ym6kP6cBsYSqeN__gRSdHJdwZvELE7aOyZHIE10KMxLTvV7w96UKcAxF6zx-mYFtXqOvw2L_180mJstVK16pMtR8cA17lPpcxd7HL8HcVKOaLoSmEMekhal50aI22-mNDwZ7RoBeMv6yon0aH-N72pfo0UQlGPcRYsiVDlPfYb_-PvukEca2pfE.M2pim74dlokKOtan5apsbu4yLU_vQ2VPwMxarvUWI2Y&dib_tag=se&keywords=wireless+keyboard&qid=1733686438&sr=8-11
"KNOWSQT Wireless Keyboard and Mouse Combo, MilkTea 104 Keys Full-Sized 2.4 GHz Round Keycap Colorful Keyboards, USB Receiver Plug and Play, for Windows, Mac, PC, Laptop, Desktop",$39.99,4.4,3764.0,https://www.amazon.com/sspa/click?ie=UTF8&spc=MTo0MzAwOTQ3MTM3MDkwOTU5OjE3MzM2ODY0Mzg6c3BfbXRmOjIwMDA1MDAzOTE5MjA5ODo6MDo6&url=%2FKNOWSQT-Wireless-Keyboard-Full-Sized-Keyboards%2Fdp%2FB09QKPCJ7Q%2Fref%3Dsr_1_12_sspa%3Fdib%3DeyJ2IjoiMSJ9.wlRqGaSM7Fk21Wbt_yKcC1PFBvw0fqRo8sVtIAqH0vudcTXF87L-Ym6kP6cBsYSqeN__gRSdHJdwZvELE7aOyZHIE10KMxLTvV7w96UKcAxF6zx-mYFtXqOvw2L_180mJstVK16pMtR8cA17lPpcxd7HL8HcVKOaLoSmEMekhal50aI22-mNDwZ7RoBeMv6yon0aH-N72pfo0UQlGPcRYsiVDlPfYb_-PvukEca2pfE.M2pim74dlokKOtan5apsbu4yLU_vQ2VPwMxarvUWI2Y%26dib_tag%3Dse%26keywords%3Dwireless%2Bkeyboard%26qid%3D1733686438%26sr%3D8-12-spons%26sp_csd%3Dd2lkZ2V0TmFtZT1zcF9tdGY%26psc%3D1
Arteck 2.4G Wireless Keyboard Stainless Steel Ultra Slim Full Size Keyboard with Numeric Keypad for Computer/Desktop/PC/Laptop/Surface/Smart TV and Windows 10/8/ 7 Built in Rechargeable Battery,$34.99,4.4,28632.0,https://www.amazon.com/Arteck-Wireless-Keyboard-Stainless-Rechargeable/dp/B07D34L57F/ref=sr_1_13?dib=eyJ2IjoiMSJ9.wlRqGaSM7Fk21Wbt_yKcC1PFBvw0fqRo8sVtIAqH0vudcTXF87L-Ym6kP6cBsYSqeN__gRSdHJdwZvELE7aOyZHIE10KMxLTvV7w96UKcAxF6zx-mYFtXqOvw2L_180mJstVK16pMtR8cA17lPpcxd7HL8HcVKOaLoSmEMekhal50aI22-mNDwZ7RoBeMv6yon0aH-N72pfo0UQlGPcRYsiVDlPfYb_-PvukEca2pfE.M2pim74dlokKOtan5apsbu4yLU_vQ2VPwMxarvUWI2Y&dib_tag=se&keywords=wireless+keyboard&qid=1733686438&sr=8-13
"Wireless Keyboard, 2.4G USB External Silent Cordless Keyboard for Windows Chrome Laptop Computer PC Desktop Notebook Chromebook, 106 Keys Full Size with Number Pad (Black)",$13.99,4.2,260.0,https://www.amazon.com/Harburfine-Wireless-Keyboard-External-Chromebook/dp/B0C3VNNS4Y/ref=sr_1_14?dib=eyJ2IjoiMSJ9.wlRqGaSM7Fk21Wbt_yKcC1PFBvw0fqRo8sVtIAqH0vudcTXF87L-Ym6kP6cBsYSqeN__gRSdHJdwZvELE7aOyZHIE10KMxLTvV7w96UKcAxF6zx-mYFtXqOvw2L_180mJstVK16pMtR8cA17lPpcxd7HL8HcVKOaLoSmEMekhal50aI22-mNDwZ7RoBeMv6yon0aH-N72pfo0UQlGPcRYsiVDlPfYb_-PvukEca2pfE.M2pim74dlokKOtan5apsbu4yLU_vQ2VPwMxarvUWI2Y&dib_tag=se&keywords=wireless+keyboard&qid=1733686438&sr=8-14
"Wireless Keyboard and Mouse Combo, MARVO 2.4G Ergonomic Wireless Computer Keyboard with Phone Tablet Holder, Silent Mouse with 6 Button, Compatible with MacBook, Windows (Black)",$20.99,4.2,6735.0,https://www.amazon.com/Wireless-Keyboard-MARVO-Ergonomic-Compatible/dp/B09P33RWFJ/ref=sr_1_15?dib=eyJ2IjoiMSJ9.wlRqGaSM7Fk21Wbt_yKcC1PFBvw0fqRo8sVtIAqH0vudcTXF87L-Ym6kP6cBsYSqeN__gRSdHJdwZvELE7aOyZHIE10KMxLTvV7w96UKcAxF6zx-mYFtXqOvw2L_180mJstVK16pMtR8cA17lPpcxd7HL8HcVKOaLoSmEMekhal50aI22-mNDwZ7RoBeMv6yon0aH-N72pfo0UQlGPcRYsiVDlPfYb_-PvukEca2pfE.M2pim74dlokKOtan5apsbu4yLU_vQ2VPwMxarvUWI2Y&dib_tag=se&keywords=wireless+keyboard&qid=1733686438&sr=8-15
"AULA F75 Pro Wireless Mechanical Keyboard,75% Gasket Hot Swappable Custom Keyboard,RGB Backlit,Pre-lubed Reaper Switches,Side Printed PBT Keycaps,2.4GHz/USB-C/BT5.0 Mechanical Gaming Keyboard",$82.89,4.6,237.0,https://www.amazon.com/AULA-Mechanical-Swappable-Pre-lubed-Reaper/dp/B0D14N2QZF/ref=sr_1_16?dib=eyJ2IjoiMSJ9.wlRqGaSM7Fk21Wbt_yKcC1PFBvw0fqRo8sVtIAqH0vudcTXF87L-Ym6kP6cBsYSqeN__gRSdHJdwZvELE7aOyZHIE10KMxLTvV7w96UKcAxF6zx-mYFtXqOvw2L_180mJstVK16pMtR8cA17lPpcxd7HL8HcVKOaLoSmEMekhal50aI22-mNDwZ7RoBeMv6yon0aH-N72pfo0UQlGPcRYsiVDlPfYb_-PvukEca2pfE.M2pim74dlokKOtan5apsbu4yLU_vQ2VPwMxarvUWI2Y&dib_tag=se&keywords=wireless+keyboard&qid=1733686438&sr=8-16
"Wireless Keyboard with 7 Colors & 4 Modes RGB Backlit, Ergonomic Keyboard with Wrist Rest, Phone Tablet Holder, 2.4G Light Up Computer Keyboard with Numeric Keypad for Mac, Windows",$42.99,4.2,26.0,https://www.amazon.com/sspa/click?ie=UTF8&spc=MTo0MzAwOTQ3MTM3MDkwOTU5OjE3MzM2ODY0Mzg6c3BfbXRmOjMwMDQ2NjI3MjM5MTkwMjo6MDo6&url=%2FSoueto-Wireless-Keyboard-Ergonomic-Computer%2Fdp%2FB0DC64MY5F%2Fref%3Dsr_1_17_sspa%3Fdib%3DeyJ2IjoiMSJ9.wlRqGaSM7Fk21Wbt_yKcC1PFBvw0fqRo8sVtIAqH0vudcTXF87L-Ym6kP6cBsYSqeN__gRSdHJdwZvELE7aOyZHIE10KMxLTvV7w96UKcAxF6zx-mYFtXqOvw2L_180mJstVK16pMtR8cA17lPpcxd7HL8HcVKOaLoSmEMekhal50aI22-mNDwZ7RoBeMv6yon0aH-N72pfo0UQlGPcRYsiVDlPfYb_-PvukEca2pfE.M2pim74dlokKOtan5apsbu4yLU_vQ2VPwMxarvUWI2Y%26dib_tag%3Dse%26keywords%3Dwireless%2Bkeyboard%26qid%3D1733686438%26sr%3D8-17-spons%26sp_csd%3Dd2lkZ2V0TmFtZT1zcF9tdGY%26psc%3D1
"Logitech MK345 Wireless Combo Full-Sized Keyboard with Palm Rest and Comfortable Right-Handed Mouse, 2.4 GHz Wireless USB Receiver, Compatible with PC, Laptop,Black",$33.99,4.5,39346.0,https://www.amazon.com/Logitech-MK345-Wireless-Combo-Right-Handed/dp/B00QXT5T3U/ref=sr_1_18?dib=eyJ2IjoiMSJ9.wlRqGaSM7Fk21Wbt_yKcC1PFBvw0fqRo8sVtIAqH0vudcTXF87L-Ym6kP6cBsYSqeN__gRSdHJdwZvELE7aOyZHIE10KMxLTvV7w96UKcAxF6zx-mYFtXqOvw2L_180mJstVK16pMtR8cA17lPpcxd7HL8HcVKOaLoSmEMekhal50aI22-mNDwZ7RoBeMv6yon0aH-N72pfo0UQlGPcRYsiVDlPfYb_-PvukEca2pfE.M2pim74dlokKOtan5apsbu4yLU_vQ2VPwMxarvUWI2Y&dib_tag=se&keywords=wireless+keyboard&qid=1733686438&sr=8-18
"RGB Wireless Keyboard with 7-Color Backlit, Computer Keyboard with Silent Scissor Switch Keys, Rechargeable Light Up Keyboard with Phone Tablet Holder, Idea for Office, School, Work",$12.99,3.9,61.0,https://www.amazon.com/Soueto-Wireless-Keyboard-Computer-Rechargeable/dp/B0D3DY226P/ref=sr_1_19?dib=eyJ2IjoiMSJ9.wlRqGaSM7Fk21Wbt_yKcC1PFBvw0fqRo8sVtIAqH0vudcTXF87L-Ym6kP6cBsYSqeN__gRSdHJdwZvELE7aOyZHIE10KMxLTvV7w96UKcAxF6zx-mYFtXqOvw2L_180mJstVK16pMtR8cA17lPpcxd7HL8HcVKOaLoSmEMekhal50aI22-mNDwZ7RoBeMv6yon0aH-N72pfo0UQlGPcRYsiVDlPfYb_-PvukEca2pfE.M2pim74dlokKOtan5apsbu4yLU_vQ2VPwMxarvUWI2Y&dib_tag=se&keywords=wireless+keyboard&qid=1733686438&sr=8-19
"Logitech MX Mechanical Wireless Illuminated Performance Keyboard, Tactile Quiet Switches, Backlit Keys, Bluetooth, USB-C, macOS, Windows, Linux, iOS, Android, Metal, ‎Graphite",$146.72,4.4,2887.0,https://www.amazon.com/Logitech-Mechanical-Illuminated-Performance-Bluetooth/dp/B09LK1P1RD/ref=sr_1_20?dib=eyJ2IjoiMSJ9.wlRqGaSM7Fk21Wbt_yKcC1PFBvw0fqRo8sVtIAqH0vudcTXF87L-Ym6kP6cBsYSqeN__gRSdHJdwZvELE7aOyZHIE10KMxLTvV7w96UKcAxF6zx-mYFtXqOvw2L_180mJstVK16pMtR8cA17lPpcxd7HL8HcVKOaLoSmEMekhal50aI22-mNDwZ7RoBeMv6yon0aH-N72pfo0UQlGPcRYsiVDlPfYb_-PvukEca2pfE.M2pim74dlokKOtan5apsbu4yLU_vQ2VPwMxarvUWI2Y&dib_tag=se&keywords=wireless+keyboard&qid=1733686438&sr=8-20
"Logitech Wave Keys Wireless Ergonomic Keyboard with Cushioned Palm Rest, Comfortable Natural Typing, Easy-Switch, Bluetooth, Logi Bolt Receiver, for Multi-OS, Windows/Mac - Graphite",$59.99,4.3,1709.0,https://www.amazon.com/Logitech-Ergonomic-Cushioned-Comfortable-Easy-Switch/dp/B0BTNY72VD/ref=sr_1_21?dib=eyJ2IjoiMSJ9.wlRqGaSM7Fk21Wbt_yKcC1PFBvw0fqRo8sVtIAqH0vudcTXF87L-Ym6kP6cBsYSqeN__gRSdHJdwZvELE7aOyZHIE10KMxLTvV7w96UKcAxF6zx-mYFtXqOvw2L_180mJstVK16pMtR8cA17lPpcxd7HL8HcVKOaLoSmEMekhal50aI22-mNDwZ7RoBeMv6yon0aH-N72pfo0UQlGPcRYsiVDlPfYb_-PvukEca2pfE.M2pim74dlokKOtan5apsbu4yLU_vQ2VPwMxarvUWI2Y&dib_tag=se&keywords=wireless+keyboard&qid=1733686438&sr=8-21
"Amazon Basics Modern Wireless Keyboard with Numeric Keypad, Compact US Layout (QWERTY), 2.4GHz, Black",$22.45,4.0,824.0,https://www.amazon.com/sspa/click?ie=UTF8&spc=MTo0MzAwOTQ3MTM3MDkwOTU5OjE3MzM2ODY0Mzg6c3BfYnRmOjIwMDAyMDE2OTM4MjczMTo6MDo6&url=%2FAmazonBasics-Wireless-Keyboard-Quiet-Compact-US-Layout%2Fdp%2FB07WV5WN7B%2Fref%3Dsr_1_22_ffob_sspa%3Fdib%3DeyJ2IjoiMSJ9.wlRqGaSM7Fk21Wbt_yKcC1PFBvw0fqRo8sVtIAqH0vudcTXF87L-Ym6kP6cBsYSqeN__gRSdHJdwZvELE7aOyZHIE10KMxLTvV7w96UKcAxF6zx-mYFtXqOvw2L_180mJstVK16pMtR8cA17lPpcxd7HL8HcVKOaLoSmEMekhal50aI22-mNDwZ7RoBeMv6yon0aH-N72pfo0UQlGPcRYsiVDlPfYb_-PvukEca2pfE.M2pim74dlokKOtan5apsbu4yLU_vQ2VPwMxarvUWI2Y%26dib_tag%3Dse%26keywords%3Dwireless%2Bkeyboard%26qid%3D1733686438%26sr%3D8-22-spons%26sp_csd%3Dd2lkZ2V0TmFtZT1zcF9idGY%26psc%3D1
"Wireless Keyboard and Mouse Combo - GEEZER Coffee Full-Sized Colorful Keyboard 104 Keys - USB 2.4 G Receiver Plug and Play with Round Keycap Typewriter Keyboards, for Windows, PC, Laptop, Desktop",$39.99,4.4,1009.0,https://www.amazon.com/sspa/click?ie=UTF8&spc=MTozMDM4MDc1ODIwNTg1OTM3OjE3MzM2ODY0NTI6c3BfYXRmX25leHQ6MjAwMTQ0NDgzODE4ODk4OjowOjo&url=%2FWireless-Keyboard-Mouse-Combo-Full-Sized%2Fdp%2FB0BP1L53GT%2Fref%3Dsr_1_17_sspa%3Fdib%3DeyJ2IjoiMSJ9.egcsJMY4HhBp7tvdQWibT2wLhK5MgnWeHALYOkhYW6Aj1c2q3GIKGlWQL4nac1rLOZGHbqO25VlJlq23c8OvvRev4O8BCIa85hG6abSgMArmV8zWI5AtiQFdd7ljwwTfvAkFeVQ6E8DeApZtZZ4DToXwLCRa0Z4xIVj847rEANwBiMEoRH4wWtfHg76dn-NJDEBLC86UyhrkScVWmHxVIeV_bmrvbiyIKrnd_mywY_Q.LkylnkZ9OGw4dNbRNIosfa7ufg0QUcPn9jH4W9mCjxY%26dib_tag%3Dse%26keywords%3Dwireless%2Bkeyboard%26qid%3D1733686452%26sr%3D8-17-spons%26sp_csd%3Dd2lkZ2V0TmFtZT1zcF9hdGZfbmV4dA%26psc%3D1
"CHONCHOW Wireless Gaming Keyboard, Rechargeable 104 Key Rainbow LED Light Up Wireless Keyboard, Wireless Light up Gaming Keyboard for PC PS4 PS5 Xbox One Laptop, Teclado inalámbrico, Black",$19.99,1.0,1.0,https://www.amazon.com/sspa/click?ie=UTF8&spc=MTozMDM4MDc1ODIwNTg1OTM3OjE3MzM2ODY0NTI6c3BfYXRmX25leHQ6MzAwNTY1MjYyMDE3MzAyOjowOjo&url=%2FCHONCHOW-Wireless-Keyboard-Rechargeable-inal%25C3%25A1mbrico%2Fdp%2FB0DC43WSMV%2Fref%3Dsr_1_18_sspa%3Fdib%3DeyJ2IjoiMSJ9.egcsJMY4HhBp7tvdQWibT2wLhK5MgnWeHALYOkhYW6Aj1c2q3GIKGlWQL4nac1rLOZGHbqO25VlJlq23c8OvvRev4O8BCIa85hG6abSgMArmV8zWI5AtiQFdd7ljwwTfvAkFeVQ6E8DeApZtZZ4DToXwLCRa0Z4xIVj847rEANwBiMEoRH4wWtfHg76dn-NJDEBLC86UyhrkScVWmHxVIeV_bmrvbiyIKrnd_mywY_Q.LkylnkZ9OGw4dNbRNIosfa7ufg0QUcPn9jH4W9mCjxY%26dib_tag%3Dse%26keywords%3Dwireless%2Bkeyboard%26qid%3D1733686452%26sr%3D8-18-spons%26sp_csd%3Dd2lkZ2V0TmFtZT1zcF9hdGZfbmV4dA%26psc%3D1
"Logitech MK540 Advanced Wireless Keyboard and Mouse Combo for Windows, 2.4 GHz Unifying USB-Receiver, Multimedia Hotkeys, 3-Year Battery Life, for PC, Laptop",$43.99,4.3,934.0,https://www.amazon.com/Logitech-Advanced-Wireless-USB-Receiver-Multimedia/dp/B0CBPNWCVS/ref=sr_1_19?dib=eyJ2IjoiMSJ9.egcsJMY4HhBp7tvdQWibT2wLhK5MgnWeHALYOkhYW6Aj1c2q3GIKGlWQL4nac1rLOZGHbqO25VlJlq23c8OvvRev4O8BCIa85hG6abSgMArmV8zWI5AtiQFdd7ljwwTfvAkFeVQ6E8DeApZtZZ4DToXwLCRa0Z4xIVj847rEANwBiMEoRH4wWtfHg76dn-NJDEBLC86UyhrkScVWmHxVIeV_bmrvbiyIKrnd_mywY_Q.LkylnkZ9OGw4dNbRNIosfa7ufg0QUcPn9jH4W9mCjxY&dib_tag=se&keywords=wireless+keyboard&qid=1733686452&sr=8-19
"Redragon K556 PRO Upgraded Wireless RGB Gaming Keyboard, BT/2.4Ghz Tri-Mode Aluminum Mechanical Keyboard w/No-Lag Connection, Hot-Swap Linear Quiet Red Switch",$79.99,4.5,8908.0,https://www.amazon.com/Redragon-K556-PRO-Mechanical-Connection/dp/B0BLYKTL78/ref=sr_1_20?dib=eyJ2IjoiMSJ9.egcsJMY4HhBp7tvdQWibT2wLhK5MgnWeHALYOkhYW6Aj1c2q3GIKGlWQL4nac1rLOZGHbqO25VlJlq23c8OvvRev4O8BCIa85hG6abSgMArmV8zWI5AtiQFdd7ljwwTfvAkFeVQ6E8DeApZtZZ4DToXwLCRa0Z4xIVj847rEANwBiMEoRH4wWtfHg76dn-NJDEBLC86UyhrkScVWmHxVIeV_bmrvbiyIKrnd_mywY_Q.LkylnkZ9OGw4dNbRNIosfa7ufg0QUcPn9jH4W9mCjxY&dib_tag=se&keywords=wireless+keyboard&qid=1733686452&sr=8-20
"Lovaky MK98 Wireless Keyboard, 2.4G Ergonomic, Computer Keyboard, Enlarged Indicator Light, Full Size PC Keyboard with Numeric Keypad for Laptop, Desktop, Surface, Chromebook, Notebook, Black",$18.99,4.2,2811.0,https://www.amazon.com/Lovaky-Wireless-Ergonomic-Indicator-Chromebook/dp/B09KZGY5TK/ref=sr_1_21?dib=eyJ2IjoiMSJ9.egcsJMY4HhBp7tvdQWibT2wLhK5MgnWeHALYOkhYW6Aj1c2q3GIKGlWQL4nac1rLOZGHbqO25VlJlq23c8OvvRev4O8BCIa85hG6abSgMArmV8zWI5AtiQFdd7ljwwTfvAkFeVQ6E8DeApZtZZ4DToXwLCRa0Z4xIVj847rEANwBiMEoRH4wWtfHg76dn-NJDEBLC86UyhrkScVWmHxVIeV_bmrvbiyIKrnd_mywY_Q.LkylnkZ9OGw4dNbRNIosfa7ufg0QUcPn9jH4W9mCjxY&dib_tag=se&keywords=wireless+keyboard&qid=1733686452&sr=8-21
"Wireless Keyboard with 7 Colored Backlits, Wrist Rest, Phone Holder, Rechargeable Ergonomic Computer Keyboard with Silent Keys, Full Size Lighted Keyboard for Windows, MacBook, PC, Laptop (Black)",$39.99,4.0,1786.0,https://www.amazon.com/Trueque-Wireless-Keyboard-Rechargeable-Ergonomic/dp/B0BNPBTJDP/ref=sr_1_22?dib=eyJ2IjoiMSJ9.egcsJMY4HhBp7tvdQWibT2wLhK5MgnWeHALYOkhYW6Aj1c2q3GIKGlWQL4nac1rLOZGHbqO25VlJlq23c8OvvRev4O8BCIa85hG6abSgMArmV8zWI5AtiQFdd7ljwwTfvAkFeVQ6E8DeApZtZZ4DToXwLCRa0Z4xIVj847rEANwBiMEoRH4wWtfHg76dn-NJDEBLC86UyhrkScVWmHxVIeV_bmrvbiyIKrnd_mywY_Q.LkylnkZ9OGw4dNbRNIosfa7ufg0QUcPn9jH4W9mCjxY&dib_tag=se&keywords=wireless+keyboard&qid=1733686452&sr=8-22
"Wireless Keyboard and Mouse Combo with Backlit - Soueto Full Size Ergonomic Keyboard with Phone Tablet Holder, 2.4GHz Lag-Free Silent Computer Mouse for PC, Laptop, MacBook, Windows",$15.99,4.1,427.0,https://www.amazon.com/Wireless-Keyboard-Mouse-Combo-Backlit/dp/B0C3H7W7TP/ref=sr_1_23?dib=eyJ2IjoiMSJ9.egcsJMY4HhBp7tvdQWibT2wLhK5MgnWeHALYOkhYW6Aj1c2q3GIKGlWQL4nac1rLOZGHbqO25VlJlq23c8OvvRev4O8BCIa85hG6abSgMArmV8zWI5AtiQFdd7ljwwTfvAkFeVQ6E8DeApZtZZ4DToXwLCRa0Z4xIVj847rEANwBiMEoRH4wWtfHg76dn-NJDEBLC86UyhrkScVWmHxVIeV_bmrvbiyIKrnd_mywY_Q.LkylnkZ9OGw4dNbRNIosfa7ufg0QUcPn9jH4W9mCjxY&dib_tag=se&keywords=wireless+keyboard&qid=1733686452&sr=8-23
Logitech MK335 Wireless Keyboard and Mouse Combo - Black/Silver,$34.99,4.5,8643.0,https://www.amazon.com/Logitech-13004-MK335/dp/B072JX77X6/ref=sr_1_24?dib=eyJ2IjoiMSJ9.egcsJMY4HhBp7tvdQWibT2wLhK5MgnWeHALYOkhYW6Aj1c2q3GIKGlWQL4nac1rLOZGHbqO25VlJlq23c8OvvRev4O8BCIa85hG6abSgMArmV8zWI5AtiQFdd7ljwwTfvAkFeVQ6E8DeApZtZZ4DToXwLCRa0Z4xIVj847rEANwBiMEoRH4wWtfHg76dn-NJDEBLC86UyhrkScVWmHxVIeV_bmrvbiyIKrnd_mywY_Q.LkylnkZ9OGw4dNbRNIosfa7ufg0QUcPn9jH4W9mCjxY&dib_tag=se&keywords=wireless+keyboard&qid=1733686452&sr=8-24
"Wireless Keyboard and Mouse Combo - RGB Backlit, Rechargeable & Light Up Letters, Full-Size, Ergonomic Tilt Angle, Sleep Mode, 2.4GHz Quiet Keyboard Mouse for Mac, Windows, Laptop, PC, Trueque",$39.99,4.2,2724.0,https://www.amazon.com/Wireless-Keyboard-Rechargeable-Ergonomic-Foldable/dp/B09TKH352V/ref=sr_1_25?dib=eyJ2IjoiMSJ9.egcsJMY4HhBp7tvdQWibT2wLhK5MgnWeHALYOkhYW6Aj1c2q3GIKGlWQL4nac1rLOZGHbqO25VlJlq23c8OvvRev4O8BCIa85hG6abSgMArmV8zWI5AtiQFdd7ljwwTfvAkFeVQ6E8DeApZtZZ4DToXwLCRa0Z4xIVj847rEANwBiMEoRH4wWtfHg76dn-NJDEBLC86UyhrkScVWmHxVIeV_bmrvbiyIKrnd_mywY_Q.LkylnkZ9OGw4dNbRNIosfa7ufg0QUcPn9jH4W9mCjxY&dib_tag=se&keywords=wireless+keyboard&qid=1733686452&sr=8-25
"Wireless Keyboard with 8 Colored, 9 Effects Backlits, Wrist Rest, Phone Holder, Rechargeable Ergonomic Computer Keyboard with Silent Keys, 2.4G Lag-Free Cordless Set for PC, Laptop, Windows, MacBook",$39.99,4.3,404.0,https://www.amazon.com/SABLUTE-Wireless-Rechargeable-Ergonomic-Keyboards/dp/B0CPPH26X4/ref=sr_1_26?dib=eyJ2IjoiMSJ9.egcsJMY4HhBp7tvdQWibT2wLhK5MgnWeHALYOkhYW6Aj1c2q3GIKGlWQL4nac1rLOZGHbqO25VlJlq23c8OvvRev4O8BCIa85hG6abSgMArmV8zWI5AtiQFdd7ljwwTfvAkFeVQ6E8DeApZtZZ4DToXwLCRa0Z4xIVj847rEANwBiMEoRH4wWtfHg76dn-NJDEBLC86UyhrkScVWmHxVIeV_bmrvbiyIKrnd_mywY_Q.LkylnkZ9OGw4dNbRNIosfa7ufg0QUcPn9jH4W9mCjxY&dib_tag=se&keywords=wireless+keyboard&qid=1733686452&sr=8-26
"Wireless Keyboard and Mouse Combo, MOWUX Full Size Typewriter Retro Round Computer Keyboard, Cute Optical Mouse Wireless, Plug and Play, for Laptop, PC, Computer- Pink Heart",$39.99,4.5,277.0,https://www.amazon.com/sspa/click?ie=UTF8&spc=MTozMDM4MDc1ODIwNTg1OTM3OjE3MzM2ODY0NTI6c3BfbXRmOjMwMDQzNjQ5MTg5NzEwMjo6MDo6&url=%2FWireless-Keyboard-MOWUX-Typewriter-Computer%2Fdp%2FB0DCV9V7QC%2Fref%3Dsr_1_27_sspa%3Fdib%3DeyJ2IjoiMSJ9.egcsJMY4HhBp7tvdQWibT2wLhK5MgnWeHALYOkhYW6Aj1c2q3GIKGlWQL4nac1rLOZGHbqO25VlJlq23c8OvvRev4O8BCIa85hG6abSgMArmV8zWI5AtiQFdd7ljwwTfvAkFeVQ6E8DeApZtZZ4DToXwLCRa0Z4xIVj847rEANwBiMEoRH4wWtfHg76dn-NJDEBLC86UyhrkScVWmHxVIeV_bmrvbiyIKrnd_mywY_Q.LkylnkZ9OGw4dNbRNIosfa7ufg0QUcPn9jH4W9mCjxY%26dib_tag%3Dse%26keywords%3Dwireless%2Bkeyboard%26qid%3D1733686452%26sr%3D8-27-spons%26sp_csd%3Dd2lkZ2V0TmFtZT1zcF9tdGY%26psc%3D1
FOPETT 2.4GHz Wireless Keyboard and Mouse Set with Phone Holder - Compact Full-Size Keyboard - Compatible with Windows/Laptop/PC/Notebook - 888 Purple Colorful,$29.99,4.3,2868.0,https://www.amazon.com/sspa/click?ie=UTF8&spc=MTozMDM4MDc1ODIwNTg1OTM3OjE3MzM2ODY0NTI6c3BfbXRmOjIwMDE3Nzc4NTE0Njg5ODo6MDo6&url=%2FFOPETT-2-4GHz-Wireless-Keyboard-Holder%2Fdp%2FB0BXKD8W2R%2Fref%3Dsr_1_28_sspa%3Fdib%3DeyJ2IjoiMSJ9.egcsJMY4HhBp7tvdQWibT2wLhK5MgnWeHALYOkhYW6Aj1c2q3GIKGlWQL4nac1rLOZGHbqO25VlJlq23c8OvvRev4O8BCIa85hG6abSgMArmV8zWI5AtiQFdd7ljwwTfvAkFeVQ6E8DeApZtZZ4DToXwLCRa0Z4xIVj847rEANwBiMEoRH4wWtfHg76dn-NJDEBLC86UyhrkScVWmHxVIeV_bmrvbiyIKrnd_mywY_Q.LkylnkZ9OGw4dNbRNIosfa7ufg0QUcPn9jH4W9mCjxY%26dib_tag%3Dse%26keywords%3Dwireless%2Bkeyboard%26qid%3D1733686452%26sr%3D8-28-spons%26sp_csd%3Dd2lkZ2V0TmFtZT1zcF9tdGY%26psc%3D1
"TECKNET 2.4G Wireless Keyboard, Small Wireless Keyboard with Media Hotkeys,Mini Keyboard Compact Wireless Keyboard, 12-Month Battery Life, Compatible with PC, Desktop, Laptop, Smart TV - Black",$11.99,4.4,2153.0,https://www.amazon.com/Wireless-Keyboard-TeckNet-Dedicated-Android/dp/B072N471V4/ref=sr_1_29?dib=eyJ2IjoiMSJ9.egcsJMY4HhBp7tvdQWibT2wLhK5MgnWeHALYOkhYW6Aj1c2q3GIKGlWQL4nac1rLOZGHbqO25VlJlq23c8OvvRev4O8BCIa85hG6abSgMArmV8zWI5AtiQFdd7ljwwTfvAkFeVQ6E8DeApZtZZ4DToXwLCRa0Z4xIVj847rEANwBiMEoRH4wWtfHg76dn-NJDEBLC86UyhrkScVWmHxVIeV_bmrvbiyIKrnd_mywY_Q.LkylnkZ9OGw4dNbRNIosfa7ufg0QUcPn9jH4W9mCjxY&dib_tag=se&keywords=wireless+keyboard&qid=1733686452&sr=8-29
"Wireless Keyboard and Mouse Combo, Full-Sized Wireless Keyboard and Adjustable DPI Mouse, 2.4GHz USB Receiver, Wireless Keyboard and Mouse for PC, Windows, Desktop, Laptop (Purple)",$22.99,4.2,932.0,https://www.amazon.com/RECCAZR-Wireless-Keyboard-Full-Sized-Adjustable/dp/B0C1VJ57KL/ref=sr_1_30?dib=eyJ2IjoiMSJ9.egcsJMY4HhBp7tvdQWibT2wLhK5MgnWeHALYOkhYW6Aj1c2q3GIKGlWQL4nac1rLOZGHbqO25VlJlq23c8OvvRev4O8BCIa85hG6abSgMArmV8zWI5AtiQFdd7ljwwTfvAkFeVQ6E8DeApZtZZ4DToXwLCRa0Z4xIVj847rEANwBiMEoRH4wWtfHg76dn-NJDEBLC86UyhrkScVWmHxVIeV_bmrvbiyIKrnd_mywY_Q.LkylnkZ9OGw4dNbRNIosfa7ufg0QUcPn9jH4W9mCjxY&dib_tag=se&keywords=wireless+keyboard&qid=1733686452&sr=8-30
"Wireless Keyboard with 7-Color RGB Backlit, Full-Size Computer Keyboard with Phone Tablet Holder, Rechargeable 2.4G Wireless Gaming Keyboard with Light Up Key, Compatible with Mac, Windows",$35.99,4.1,466.0,https://www.amazon.com/Soueto-Wireless-Full-Size-Rechargeable-Compatible/dp/B0CH9TPJ3V/ref=sr_1_31?dib=eyJ2IjoiMSJ9.egcsJMY4HhBp7tvdQWibT2wLhK5MgnWeHALYOkhYW6Aj1c2q3GIKGlWQL4nac1rLOZGHbqO25VlJlq23c8OvvRev4O8BCIa85hG6abSgMArmV8zWI5AtiQFdd7ljwwTfvAkFeVQ6E8DeApZtZZ4DToXwLCRa0Z4xIVj847rEANwBiMEoRH4wWtfHg76dn-NJDEBLC86UyhrkScVWmHxVIeV_bmrvbiyIKrnd_mywY_Q.LkylnkZ9OGw4dNbRNIosfa7ufg0QUcPn9jH4W9mCjxY&dib_tag=se&keywords=wireless+keyboard&qid=1733686452&sr=8-31
"Arteck 2.4G Wireless Keyboard Ultra Slim and Compact Keyboard with Media Hotkeys for Computer Desktop PC Laptop Surface Smart TV and Windows 11/10/8/7, Black",$18.99,4.3,4294.0,https://www.amazon.com/Arteck-Wireless-Keyboard-Compact-Computer/dp/B09WDJNBT1/ref=sr_1_32?dib=eyJ2IjoiMSJ9.egcsJMY4HhBp7tvdQWibT2wLhK5MgnWeHALYOkhYW6Aj1c2q3GIKGlWQL4nac1rLOZGHbqO25VlJlq23c8OvvRev4O8BCIa85hG6abSgMArmV8zWI5AtiQFdd7ljwwTfvAkFeVQ6E8DeApZtZZ4DToXwLCRa0Z4xIVj847rEANwBiMEoRH4wWtfHg76dn-NJDEBLC86UyhrkScVWmHxVIeV_bmrvbiyIKrnd_mywY_Q.LkylnkZ9OGw4dNbRNIosfa7ufg0QUcPn9jH4W9mCjxY&dib_tag=se&keywords=wireless+keyboard&qid=1733686452&sr=8-32
"AULA F99 Wireless Mechanical Keyboard,Tri-Mode BT5.0/2.4GHz/USB-C Hot Swappable Custom Keyboard,Pre-lubed Linear Switches,Gasket Structure,RGB Backlit Gaming Keyboard for PC/Tablet/PS/Xbox",$82.89,4.6,912.0,https://www.amazon.com/AULA-F99-Mechanical-Bluetooth-Swappable/dp/B0CLLHSWRL/ref=sr_1_33?dib=eyJ2IjoiMSJ9.egcsJMY4HhBp7tvdQWibT2wLhK5MgnWeHALYOkhYW6Aj1c2q3GIKGlWQL4nac1rLOZGHbqO25VlJlq23c8OvvRev4O8BCIa85hG6abSgMArmV8zWI5AtiQFdd7ljwwTfvAkFeVQ6E8DeApZtZZ4DToXwLCRa0Z4xIVj847rEANwBiMEoRH4wWtfHg76dn-NJDEBLC86UyhrkScVWmHxVIeV_bmrvbiyIKrnd_mywY_Q.LkylnkZ9OGw4dNbRNIosfa7ufg0QUcPn9jH4W9mCjxY&dib_tag=se&keywords=wireless+keyboard&qid=1733686452&sr=8-33
"Logitech K585 Multi-Device Slim Wireless Keyboard, Built-in Cradle for Device; for Laptop, Tablet, Desktop, Smartphone, Win/Mac, Bluetooth/Receiver, Compact, Easy Switch, 24 Month Battery - Graphite",$41.67,4.4,1715.0,https://www.amazon.com/Logitech-Multi-Device-Wireless-Smartphone-Bluetooth/dp/B0BL2ND2GC/ref=sr_1_34?dib=eyJ2IjoiMSJ9.egcsJMY4HhBp7tvdQWibT2wLhK5MgnWeHALYOkhYW6Aj1c2q3GIKGlWQL4nac1rLOZGHbqO25VlJlq23c8OvvRev4O8BCIa85hG6abSgMArmV8zWI5AtiQFdd7ljwwTfvAkFeVQ6E8DeApZtZZ4DToXwLCRa0Z4xIVj847rEANwBiMEoRH4wWtfHg76dn-NJDEBLC86UyhrkScVWmHxVIeV_bmrvbiyIKrnd_mywY_Q.LkylnkZ9OGw4dNbRNIosfa7ufg0QUcPn9jH4W9mCjxY&dib_tag=se&keywords=wireless+keyboard&qid=1733686452&sr=8-34
SteelSeries Apex Pro TKL Wireless Gen 3 OmniPoint 3.0 HyperMagnetic Switches — Adjustable Actuation — Rapid Trigger — Game-Ready Presets — Protection Mode — Rapid Tap/SOCD — Dual Wireless — OLED,$268.11,4.5,6214.0,https://www.amazon.com/SteelSeries-Wireless-OmniPoint-HyperMagnetic-Switches/dp/B0DGZ3VV9X/ref=sr_1_35?dib=eyJ2IjoiMSJ9.egcsJMY4HhBp7tvdQWibT2wLhK5MgnWeHALYOkhYW6Aj1c2q3GIKGlWQL4nac1rLOZGHbqO25VlJlq23c8OvvRev4O8BCIa85hG6abSgMArmV8zWI5AtiQFdd7ljwwTfvAkFeVQ6E8DeApZtZZ4DToXwLCRa0Z4xIVj847rEANwBiMEoRH4wWtfHg76dn-NJDEBLC86UyhrkScVWmHxVIeV_bmrvbiyIKrnd_mywY_Q.LkylnkZ9OGw4dNbRNIosfa7ufg0QUcPn9jH4W9mCjxY&dib_tag=se&keywords=wireless+keyboard&qid=1733686452&sr=8-35
"Wireless Gaming Keyboard, RGB & Single-Color Backlit, Full-Size Waterproof Computer Keyboard, Silent Keys, Wrist Rest, Sleep Mode, Rechargeable 2.4G Wireless Keyboard for Windows, Mac, PC, Laptop",$29.99,4.5,1712.0,https://www.amazon.com/Wireless-Single-Color-Full-Size-Waterproof-Rechargeable/dp/B0D8HY51MZ/ref=sr_1_36?dib=eyJ2IjoiMSJ9.egcsJMY4HhBp7tvdQWibT2wLhK5MgnWeHALYOkhYW6Aj1c2q3GIKGlWQL4nac1rLOZGHbqO25VlJlq23c8OvvRev4O8BCIa85hG6abSgMArmV8zWI5AtiQFdd7ljwwTfvAkFeVQ6E8DeApZtZZ4DToXwLCRa0Z4xIVj847rEANwBiMEoRH4wWtfHg76dn-NJDEBLC86UyhrkScVWmHxVIeV_bmrvbiyIKrnd_mywY_Q.LkylnkZ9OGw4dNbRNIosfa7ufg0QUcPn9jH4W9mCjxY&dib_tag=se&keywords=wireless+keyboard&qid=1733686452&sr=8-36
"Wireless Keyboard and Mouse, 2.4 GHz Wireless Keyboard and Mouse Combo Full-Sized Keycaps Retro Typewriter Keyboard, USB Receiver Plug and Play for PC,Mac,Laptop,Tablet,Computer Windows(Green)",$38.99,4.3,48.0,https://www.amazon.com/sspa/click?ie=UTF8&spc=MTozMDM4MDc1ODIwNTg1OTM3OjE3MzM2ODY0NTI6c3BfYnRmOjMwMDUyNTgwNzk0OTUwMjo6MDo6&url=%2FWireless-Keyboard-Full-Sized-Typewriter-Receiver%2Fdp%2FB0D6G1MFQV%2Fref%3Dsr_1_37_sspa%3Fdib%3DeyJ2IjoiMSJ9.egcsJMY4HhBp7tvdQWibT2wLhK5MgnWeHALYOkhYW6Aj1c2q3GIKGlWQL4nac1rLOZGHbqO25VlJlq23c8OvvRev4O8BCIa85hG6abSgMArmV8zWI5AtiQFdd7ljwwTfvAkFeVQ6E8DeApZtZZ4DToXwLCRa0Z4xIVj847rEANwBiMEoRH4wWtfHg76dn-NJDEBLC86UyhrkScVWmHxVIeV_bmrvbiyIKrnd_mywY_Q.LkylnkZ9OGw4dNbRNIosfa7ufg0QUcPn9jH4W9mCjxY%26dib_tag%3Dse%26keywords%3Dwireless%2Bkeyboard%26qid%3D1733686452%26sr%3D8-37-spons%26sp_csd%3Dd2lkZ2V0TmFtZT1zcF9idGY%26psc%3D1
"Wireless Keyboard and Mouse for MacBook, Vivefox Pink Wireless Keyboard with Phone Holder USB A & Type C Receiver Rose Gold Keyboard and Mouse for Windows, Mac, MacBook/Air/Pro Computer",$29.99,4.2,1961.0,https://www.amazon.com/sspa/click?ie=UTF8&spc=MTozMDM4MDc1ODIwNTg1OTM3OjE3MzM2ODY0NTI6c3BfYnRmOjMwMDU2MzI5NTQ1MjIwMjo6MDo6&url=%2FKeyboard-Wireless-Receiver-Compatible-Computer%2Fdp%2FB09TDHLXMZ%2Fref%3Dsr_1_38_sspa%3Fdib%3DeyJ2IjoiMSJ9.egcsJMY4HhBp7tvdQWibT2wLhK5MgnWeHALYOkhYW6Aj1c2q3GIKGlWQL4nac1rLOZGHbqO25VlJlq23c8OvvRev4O8BCIa85hG6abSgMArmV8zWI5AtiQFdd7ljwwTfvAkFeVQ6E8DeApZtZZ4DToXwLCRa0Z4xIVj847rEANwBiMEoRH4wWtfHg76dn-NJDEBLC86UyhrkScVWmHxVIeV_bmrvbiyIKrnd_mywY_Q.LkylnkZ9OGw4dNbRNIosfa7ufg0QUcPn9jH4W9mCjxY%26dib_tag%3Dse%26keywords%3Dwireless%2Bkeyboard%26qid%3D1733686452%26sr%3D8-38-spons%26sp_csd%3Dd2lkZ2V0TmFtZT1zcF9idGY%26psc%3D1
"Wireless Keyboard Mouse Combo - GEEZER Deep Purple Full-Sized Colorful Keyboard 104 Keys - USB 2.4 G Receiver Plug Play with Round Keycap Typewriter Keyboards, for Windows, PC, Laptop, Desktop",$39.99,4.4,1009.0,https://www.amazon.com/sspa/click?ie=UTF8&spc=MTo0ODc3NTkxMDU1NTk4MDQ1OjE3MzM2ODY0NzI6c3BfYXRmX25leHQ6MjAwMTIzMzk0OTM3Mjk4OjowOjo&url=%2FWireless-Keyboard-Mouse-Combo-Full-Sized%2Fdp%2FB0BP1QWRQ1%2Fref%3Dsr_1_33_sspa%3Fdib%3DeyJ2IjoiMSJ9.3ECyhPqnFlXYPXRliTAOcV6RyTpj3aatWz2JGOLTf6wMfkvb5u0eiPQOtEBRpVyWJoMf2c4FeXYsXjmR2dlB5xnSSus-ok_1KLL0BYEWc5g-MLDDVG4nQtWDfwYqyMaQjHutVFfPKMGtyJQbiwSgTzriVIdpqbyfebig87ivRyYnuetGgA9hKm6m8r3d5fkWec5RVVqLVA145-BEwx-Rnj4oUaI2km-owHhy6e06GE0.hXbBgUWIY1QWyXjZxXibkcPTSBrUELJuTjASFfm0XuY%26dib_tag%3Dse%26keywords%3Dwireless%2Bkeyboard%26qid%3D1733686472%26sr%3D8-33-spons%26sp_csd%3Dd2lkZ2V0TmFtZT1zcF9hdGZfbmV4dA%26psc%3D1
"Wireless Keyboard and Mouse Combo, Cute Colorful 104 Keys Typewriter Retro Round Keycaps Keyboard for PC Laptop,Desktop,Windows, Home and Office Keyboards Coffee",$31.39,4.3,1876.0,https://www.amazon.com/sspa/click?ie=UTF8&spc=MTo0ODc3NTkxMDU1NTk4MDQ1OjE3MzM2ODY0NzI6c3BfYXRmX25leHQ6MzAwMjY5NzMzMjQ4NzAyOjowOjo&url=%2FKootop-Wireless-Keyboard-Typewriter-Keyboards%2Fdp%2FB0D2VKMP9S%2Fref%3Dsr_1_34_sspa%3Fdib%3DeyJ2IjoiMSJ9.3ECyhPqnFlXYPXRliTAOcV6RyTpj3aatWz2JGOLTf6wMfkvb5u0eiPQOtEBRpVyWJoMf2c4FeXYsXjmR2dlB5xnSSus-ok_1KLL0BYEWc5g-MLDDVG4nQtWDfwYqyMaQjHutVFfPKMGtyJQbiwSgTzriVIdpqbyfebig87ivRyYnuetGgA9hKm6m8r3d5fkWec5RVVqLVA145-BEwx-Rnj4oUaI2km-owHhy6e06GE0.hXbBgUWIY1QWyXjZxXibkcPTSBrUELJuTjASFfm0XuY%26dib_tag%3Dse%26keywords%3Dwireless%2Bkeyboard%26qid%3D1733686472%26sr%3D8-34-spons%26sp_csd%3Dd2lkZ2V0TmFtZT1zcF9hdGZfbmV4dA%26psc%3D1
"Logitech MK470 Slim Wireless Keyboard and Mouse Combo - Modern Compact Layout, Ultra Quiet, 2.4 GHz USB Receiver, Plug n' Play Connectivity, Compatible with Windows - Off White",$39.99,4.4,6457.0,https://www.amazon.com/Logitech-MK470-Slim-Wireless-Combo/dp/B083QQQDF1/ref=sr_1_35?dib=eyJ2IjoiMSJ9.3ECyhPqnFlXYPXRliTAOcV6RyTpj3aatWz2JGOLTf6wMfkvb5u0eiPQOtEBRpVyWJoMf2c4FeXYsXjmR2dlB5xnSSus-ok_1KLL0BYEWc5g-MLDDVG4nQtWDfwYqyMaQjHutVFfPKMGtyJQbiwSgTzriVIdpqbyfebig87ivRyYnuetGgA9hKm6m8r3d5fkWec5RVVqLVA145-BEwx-Rnj4oUaI2km-owHhy6e06GE0.hXbBgUWIY1QWyXjZxXibkcPTSBrUELJuTjASFfm0XuY&dib_tag=se&keywords=wireless+keyboard&qid=1733686472&sr=8-35
"Logitech Signature Slim K950 Wireless Keyboard, Sleek Design, Switch Typing Between Devices, Quiet Typing, Bluetooth, Multi-OS, Windows, Mac, Chrome - Graphite",$79.74,4.5,361.0,https://www.amazon.com/Logitech-Signature-Wireless-Keyboard-Bluetooth/dp/B0CT4Q7Y2V/ref=sr_1_36?dib=eyJ2IjoiMSJ9.3ECyhPqnFlXYPXRliTAOcV6RyTpj3aatWz2JGOLTf6wMfkvb5u0eiPQOtEBRpVyWJoMf2c4FeXYsXjmR2dlB5xnSSus-ok_1KLL0BYEWc5g-MLDDVG4nQtWDfwYqyMaQjHutVFfPKMGtyJQbiwSgTzriVIdpqbyfebig87ivRyYnuetGgA9hKm6m8r3d5fkWec5RVVqLVA145-BEwx-Rnj4oUaI2km-owHhy6e06GE0.hXbBgUWIY1QWyXjZxXibkcPTSBrUELJuTjASFfm0XuY&dib_tag=se&keywords=wireless+keyboard&qid=1733686472&sr=8-36
"Wireless Keyboard and Mouse Combo, Retro Typewriter Wireless Keyboard with Round Keycaps, 2.4GHz Full-Size USB Cute Mouse for Desktop, Laptop and Computer (Black-Colorful)",$26.99,4.3,1488.0,https://www.amazon.com/Wireless-Keyboard-Typewriter-Full-Size-Black-Colorful/dp/B0BKZXSQDH/ref=sr_1_37?dib=eyJ2IjoiMSJ9.3ECyhPqnFlXYPXRliTAOcV6RyTpj3aatWz2JGOLTf6wMfkvb5u0eiPQOtEBRpVyWJoMf2c4FeXYsXjmR2dlB5xnSSus-ok_1KLL0BYEWc5g-MLDDVG4nQtWDfwYqyMaQjHutVFfPKMGtyJQbiwSgTzriVIdpqbyfebig87ivRyYnuetGgA9hKm6m8r3d5fkWec5RVVqLVA145-BEwx-Rnj4oUaI2km-owHhy6e06GE0.hXbBgUWIY1QWyXjZxXibkcPTSBrUELJuTjASFfm0XuY&dib_tag=se&keywords=wireless+keyboard&qid=1733686472&sr=8-37
"Amazon Basics Wireless Keyboard and Mouse Combo, Full-Sized, QWERTY Layout, 2.4 GHz USB Receiver, Black",$31.18,3.8,607.0,https://www.amazon.com/Amazon-Basics-Full-Sized-Wireless-Keyboard/dp/B0C1FZS1HN/ref=sr_1_38?dib=eyJ2IjoiMSJ9.3ECyhPqnFlXYPXRliTAOcV6RyTpj3aatWz2JGOLTf6wMfkvb5u0eiPQOtEBRpVyWJoMf2c4FeXYsXjmR2dlB5xnSSus-ok_1KLL0BYEWc5g-MLDDVG4nQtWDfwYqyMaQjHutVFfPKMGtyJQbiwSgTzriVIdpqbyfebig87ivRyYnuetGgA9hKm6m8r3d5fkWec5RVVqLVA145-BEwx-Rnj4oUaI2km-owHhy6e06GE0.hXbBgUWIY1QWyXjZxXibkcPTSBrUELJuTjASFfm0XuY&dib_tag=se&keywords=wireless+keyboard&qid=1733686472&sr=8-38
HP 230 Wireless Mouse and Keyboard Combo - 2.4GHz Wireless Connection - Long Battery Life - Durable & Low-Noise Design - Windows & Mac OS - Adjustable 1600 DPI - Numeric Keypad (18H24AA#ABA),$23.99,4.3,4395.0,https://www.amazon.com/HP-Mouse-Combo-18H24AA-ABA/dp/B093KTJ7FH/ref=sr_1_39?dib=eyJ2IjoiMSJ9.3ECyhPqnFlXYPXRliTAOcV6RyTpj3aatWz2JGOLTf6wMfkvb5u0eiPQOtEBRpVyWJoMf2c4FeXYsXjmR2dlB5xnSSus-ok_1KLL0BYEWc5g-MLDDVG4nQtWDfwYqyMaQjHutVFfPKMGtyJQbiwSgTzriVIdpqbyfebig87ivRyYnuetGgA9hKm6m8r3d5fkWec5RVVqLVA145-BEwx-Rnj4oUaI2km-owHhy6e06GE0.hXbBgUWIY1QWyXjZxXibkcPTSBrUELJuTjASFfm0XuY&dib_tag=se&keywords=wireless+keyboard&qid=1733686472&sr=8-39
"Lenovo 300 Wireless Keyboard, Black",$24.99,4.2,233.0,https://www.amazon.com/Lenovo-GY41C95749-300-Wireless-Keyboard/dp/B09S1FYRLZ/ref=sr_1_40?dib=eyJ2IjoiMSJ9.3ECyhPqnFlXYPXRliTAOcV6RyTpj3aatWz2JGOLTf6wMfkvb5u0eiPQOtEBRpVyWJoMf2c4FeXYsXjmR2dlB5xnSSus-ok_1KLL0BYEWc5g-MLDDVG4nQtWDfwYqyMaQjHutVFfPKMGtyJQbiwSgTzriVIdpqbyfebig87ivRyYnuetGgA9hKm6m8r3d5fkWec5RVVqLVA145-BEwx-Rnj4oUaI2km-owHhy6e06GE0.hXbBgUWIY1QWyXjZxXibkcPTSBrUELJuTjASFfm0XuY&dib_tag=se&keywords=wireless+keyboard&qid=1733686472&sr=8-40
"Logitech MK295 Wireless Mouse & Keyboard Combo with SilentTouch Technology, Full Numpad, Advanced Optical Tracking, Lag-Free Wireless, 90% Less Noise - Graphite",$26.99,4.4,12247.0,https://www.amazon.com/Logitech-Wireless-Keyboard-SilentTouch-Technology/dp/B089KV4YYX/ref=sr_1_41?dib=eyJ2IjoiMSJ9.3ECyhPqnFlXYPXRliTAOcV6RyTpj3aatWz2JGOLTf6wMfkvb5u0eiPQOtEBRpVyWJoMf2c4FeXYsXjmR2dlB5xnSSus-ok_1KLL0BYEWc5g-MLDDVG4nQtWDfwYqyMaQjHutVFfPKMGtyJQbiwSgTzriVIdpqbyfebig87ivRyYnuetGgA9hKm6m8r3d5fkWec5RVVqLVA145-BEwx-Rnj4oUaI2km-owHhy6e06GE0.hXbBgUWIY1QWyXjZxXibkcPTSBrUELJuTjASFfm0XuY&dib_tag=se&keywords=wireless+keyboard&qid=1733686472&sr=8-41
"Logitech Signature K650 Comfort Full-Size Wireless Keyboard with Wrist Rest, BLE Bluetooth or Logi Bolt USB Receiver, Deep-Cushioned Keys, Numpad, Compatible with Most OS/PC/Window/Mac - Graphite",$43.99,4.4,1162.0,https://www.amazon.com/Logitech-Signature-Full-Size-Deep-Cushioned-Compatible/dp/B0B4ZWZ89X/ref=sr_1_42?dib=eyJ2IjoiMSJ9.3ECyhPqnFlXYPXRliTAOcV6RyTpj3aatWz2JGOLTf6wMfkvb5u0eiPQOtEBRpVyWJoMf2c4FeXYsXjmR2dlB5xnSSus-ok_1KLL0BYEWc5g-MLDDVG4nQtWDfwYqyMaQjHutVFfPKMGtyJQbiwSgTzriVIdpqbyfebig87ivRyYnuetGgA9hKm6m8r3d5fkWec5RVVqLVA145-BEwx-Rnj4oUaI2km-owHhy6e06GE0.hXbBgUWIY1QWyXjZxXibkcPTSBrUELJuTjASFfm0XuY&dib_tag=se&keywords=wireless+keyboard&qid=1733686472&sr=8-42
"UBOTIE Colorful Computer Wireless Keyboards Mouse Combos, Typewriter Flexible Keys Office Full-Sized Keyboard, 2.4GHz Dropout-Free Connection and Optical Mouse (Green-Colorful)",$40.99,4.3,17102.0,https://www.amazon.com/sspa/click?ie=UTF8&spc=MTo0ODc3NTkxMDU1NTk4MDQ1OjE3MzM2ODY0NzI6c3BfbXRmOjIwMDAzNTk4OTQwOTQ2MTo6MDo6&url=%2FUBOTIE-Typewriter-Full-Sized-Dropout-Free-Green-Colorful%2Fdp%2FB087JW1HGX%2Fref%3Dsr_1_43_sspa%3Fdib%3DeyJ2IjoiMSJ9.3ECyhPqnFlXYPXRliTAOcV6RyTpj3aatWz2JGOLTf6wMfkvb5u0eiPQOtEBRpVyWJoMf2c4FeXYsXjmR2dlB5xnSSus-ok_1KLL0BYEWc5g-MLDDVG4nQtWDfwYqyMaQjHutVFfPKMGtyJQbiwSgTzriVIdpqbyfebig87ivRyYnuetGgA9hKm6m8r3d5fkWec5RVVqLVA145-BEwx-Rnj4oUaI2km-owHhy6e06GE0.hXbBgUWIY1QWyXjZxXibkcPTSBrUELJuTjASFfm0XuY%26dib_tag%3Dse%26keywords%3Dwireless%2Bkeyboard%26qid%3D1733686472%26sr%3D8-43-spons%26sp_csd%3Dd2lkZ2V0TmFtZT1zcF9tdGY%26psc%3D1
FOPETT Wireless Keyboard and Mouse Combo - 2.4G Full-Sized Cute Colorful Retro Keyboard with Round Keycaps 104 Keys Typewriter Keyboard for Laptop/Windows/PC - Green Colorful,$39.99,4.3,2868.0,https://www.amazon.com/sspa/click?ie=UTF8&spc=MTo0ODc3NTkxMDU1NTk4MDQ1OjE3MzM2ODY0NzI6c3BfbXRmOjMwMDE4ODc4NDYwNjMwMjo6MDo6&url=%2FFOPETT-Wireless-Keyboard-Mouse-Combo%2Fdp%2FB0CZM2F674%2Fref%3Dsr_1_44_sspa%3Fdib%3DeyJ2IjoiMSJ9.3ECyhPqnFlXYPXRliTAOcV6RyTpj3aatWz2JGOLTf6wMfkvb5u0eiPQOtEBRpVyWJoMf2c4FeXYsXjmR2dlB5xnSSus-ok_1KLL0BYEWc5g-MLDDVG4nQtWDfwYqyMaQjHutVFfPKMGtyJQbiwSgTzriVIdpqbyfebig87ivRyYnuetGgA9hKm6m8r3d5fkWec5RVVqLVA145-BEwx-Rnj4oUaI2km-owHhy6e06GE0.hXbBgUWIY1QWyXjZxXibkcPTSBrUELJuTjASFfm0XuY%26dib_tag%3Dse%26keywords%3Dwireless%2Bkeyboard%26qid%3D1733686472%26sr%3D8-44-spons%26sp_csd%3Dd2lkZ2V0TmFtZT1zcF9tdGY%26psc%3D1
Razer BlackWidow V3 Mini HyperSpeed 65% Wireless Mechanical Gaming Keyboard: Green Mechanical Switches Tactile & Clicky - Doubleshot ABS Keycaps - Chroma RGB - Up to 200 Hr Battery - Snap Tap,$82.97,4.3,1700.0,https://www.amazon.com/Razer-BlackWidow-HyperSpeed-Wireless-Mechanical/dp/B0935HWL1Z/ref=sr_1_45?dib=eyJ2IjoiMSJ9.3ECyhPqnFlXYPXRliTAOcV6RyTpj3aatWz2JGOLTf6wMfkvb5u0eiPQOtEBRpVyWJoMf2c4FeXYsXjmR2dlB5xnSSus-ok_1KLL0BYEWc5g-MLDDVG4nQtWDfwYqyMaQjHutVFfPKMGtyJQbiwSgTzriVIdpqbyfebig87ivRyYnuetGgA9hKm6m8r3d5fkWec5RVVqLVA145-BEwx-Rnj4oUaI2km-owHhy6e06GE0.hXbBgUWIY1QWyXjZxXibkcPTSBrUELJuTjASFfm0XuY&dib_tag=se&keywords=wireless+keyboard&qid=1733686472&sr=8-45
"Amazon Basics Wireless Keyboard and Mouse Combo - Rechargeable, Ultra Slim Design, Quiet, Full Size, Number Pad, QWERTY, Black",$29.99,4.1,601.0,https://www.amazon.com/Amazon-Basics-Rechargeable-Wireless-Keyboard/dp/B0CJFB8J7B/ref=sr_1_46?dib=eyJ2IjoiMSJ9.3ECyhPqnFlXYPXRliTAOcV6RyTpj3aatWz2JGOLTf6wMfkvb5u0eiPQOtEBRpVyWJoMf2c4FeXYsXjmR2dlB5xnSSus-ok_1KLL0BYEWc5g-MLDDVG4nQtWDfwYqyMaQjHutVFfPKMGtyJQbiwSgTzriVIdpqbyfebig87ivRyYnuetGgA9hKm6m8r3d5fkWec5RVVqLVA145-BEwx-Rnj4oUaI2km-owHhy6e06GE0.hXbBgUWIY1QWyXjZxXibkcPTSBrUELJuTjASFfm0XuY&dib_tag=se&keywords=wireless+keyboard&qid=1733686472&sr=8-46
"iClever BK10 Bluetooth Keyboard, Multi Device Keyboard Rechargeable Bluetooth 5.1 with Number Pad Ergonomic Design Full Size Stable Connection Keyboard for iPad, iPhone, Mac, iOS, Android, Windows",$34.99,4.3,13642.0,https://www.amazon.com/iClever-Bluetooth-Rechargeable-Ergonomic-Connection/dp/B07TS6R1SF/ref=sr_1_47?dib=eyJ2IjoiMSJ9.3ECyhPqnFlXYPXRliTAOcV6RyTpj3aatWz2JGOLTf6wMfkvb5u0eiPQOtEBRpVyWJoMf2c4FeXYsXjmR2dlB5xnSSus-ok_1KLL0BYEWc5g-MLDDVG4nQtWDfwYqyMaQjHutVFfPKMGtyJQbiwSgTzriVIdpqbyfebig87ivRyYnuetGgA9hKm6m8r3d5fkWec5RVVqLVA145-BEwx-Rnj4oUaI2km-owHhy6e06GE0.hXbBgUWIY1QWyXjZxXibkcPTSBrUELJuTjASFfm0XuY&dib_tag=se&keywords=wireless+keyboard&qid=1733686472&sr=8-47
"Logitech K780 Multi-Device Wireless Keyboard for Computer, Phone and Tablet – FLOW Cross-Computer Control Compatible – Speckles",$69.99,4.5,3065.0,https://www.amazon.com/Logitech-Multi-Device-Wireless-Keyboard-Computer/dp/B01LZTBKBG/ref=sr_1_48?dib=eyJ2IjoiMSJ9.3ECyhPqnFlXYPXRliTAOcV6RyTpj3aatWz2JGOLTf6wMfkvb5u0eiPQOtEBRpVyWJoMf2c4FeXYsXjmR2dlB5xnSSus-ok_1KLL0BYEWc5g-MLDDVG4nQtWDfwYqyMaQjHutVFfPKMGtyJQbiwSgTzriVIdpqbyfebig87ivRyYnuetGgA9hKm6m8r3d5fkWec5RVVqLVA145-BEwx-Rnj4oUaI2km-owHhy6e06GE0.hXbBgUWIY1QWyXjZxXibkcPTSBrUELJuTjASFfm0XuY&dib_tag=se&keywords=wireless+keyboard&qid=1733686472&sr=8-48
"Logitech 920002416 MK710 Wireless Desktop Set, Keyboard/Mouse, USB, Black (LOG920002416)",$75.36,4.4,69.0,https://www.amazon.com/Log920002416-Keyboard-Wrls-Dt-Mk710/dp/B00BT35BPG/ref=sr_1_49?dib=eyJ2IjoiMSJ9.3ECyhPqnFlXYPXRliTAOcV6RyTpj3aatWz2JGOLTf6wMfkvb5u0eiPQOtEBRpVyWJoMf2c4FeXYsXjmR2dlB5xnSSus-ok_1KLL0BYEWc5g-MLDDVG4nQtWDfwYqyMaQjHutVFfPKMGtyJQbiwSgTzriVIdpqbyfebig87ivRyYnuetGgA9hKm6m8r3d5fkWec5RVVqLVA145-BEwx-Rnj4oUaI2km-owHhy6e06GE0.hXbBgUWIY1QWyXjZxXibkcPTSBrUELJuTjASFfm0XuY&dib_tag=se&keywords=wireless+keyboard&qid=1733686472&sr=8-49
"Corsair K100 AIR Wireless RGB Mechanical Gaming Keyboard - Ultra-Thin, Sub-1ms Slipstream , Low-Latency Bluetooth, Cherry MX Ultra Low Profile Keyswitches - NA Layout, QWERTY - Black",$279.99,4.5,4165.0,https://www.amazon.com/Corsair-Wireless-Mechanical-Gaming-Keyboard/dp/B0BDMLY69R/ref=sr_1_50?dib=eyJ2IjoiMSJ9.3ECyhPqnFlXYPXRliTAOcV6RyTpj3aatWz2JGOLTf6wMfkvb5u0eiPQOtEBRpVyWJoMf2c4FeXYsXjmR2dlB5xnSSus-ok_1KLL0BYEWc5g-MLDDVG4nQtWDfwYqyMaQjHutVFfPKMGtyJQbiwSgTzriVIdpqbyfebig87ivRyYnuetGgA9hKm6m8r3d5fkWec5RVVqLVA145-BEwx-Rnj4oUaI2km-owHhy6e06GE0.hXbBgUWIY1QWyXjZxXibkcPTSBrUELJuTjASFfm0XuY&dib_tag=se&keywords=wireless+keyboard&qid=1733686472&sr=8-50
"Logitech G715 Wireless Mechanical Gaming Keyboard with LIGHTSYNC RGB, LIGHTSPEED, Linear Switches (GX Red), and Keyboard Palm Rest, PC/Mac Compatible - White Mist",$129.99,4.7,1288.0,https://www.amazon.com/Logitech-Topaz-WL-Off-White/dp/B099XD2466/ref=sr_1_51?dib=eyJ2IjoiMSJ9.3ECyhPqnFlXYPXRliTAOcV6RyTpj3aatWz2JGOLTf6wMfkvb5u0eiPQOtEBRpVyWJoMf2c4FeXYsXjmR2dlB5xnSSus-ok_1KLL0BYEWc5g-MLDDVG4nQtWDfwYqyMaQjHutVFfPKMGtyJQbiwSgTzriVIdpqbyfebig87ivRyYnuetGgA9hKm6m8r3d5fkWec5RVVqLVA145-BEwx-Rnj4oUaI2km-owHhy6e06GE0.hXbBgUWIY1QWyXjZxXibkcPTSBrUELJuTjASFfm0XuY&dib_tag=se&keywords=wireless+keyboard&qid=1733686472&sr=8-51
"CORSAIR K57 RGB Wireless Gaming Keyboard - <1ms response time with Slipstream Wireless - Connect with USB dongle, Bluetooth or wired - Individually Backlit RGB Keys, Black",$109.99,4.4,2981.0,https://www.amazon.com/CORSAIR-K57-Wireless-Gaming-Keyboard/dp/B07TNRCM1Z/ref=sr_1_52?dib=eyJ2IjoiMSJ9.3ECyhPqnFlXYPXRliTAOcV6RyTpj3aatWz2JGOLTf6wMfkvb5u0eiPQOtEBRpVyWJoMf2c4FeXYsXjmR2dlB5xnSSus-ok_1KLL0BYEWc5g-MLDDVG4nQtWDfwYqyMaQjHutVFfPKMGtyJQbiwSgTzriVIdpqbyfebig87ivRyYnuetGgA9hKm6m8r3d5fkWec5RVVqLVA145-BEwx-Rnj4oUaI2km-owHhy6e06GE0.hXbBgUWIY1QWyXjZxXibkcPTSBrUELJuTjASFfm0XuY&dib_tag=se&keywords=wireless+keyboard&qid=1733686472&sr=8-52
"Wireless Keyboard and Mouse Combo, 2.4GHz USB Cordless Round Keys Set for Laptop, Computer, TV (Pink+Blue)",$29.99,4.3,190.0,https://www.amazon.com/sspa/click?ie=UTF8&spc=MTo0ODc3NTkxMDU1NTk4MDQ1OjE3MzM2ODY0NzI6c3BfYnRmOjMwMDE0MzY4MjYwNDMwMjo6MDo6&url=%2FTKVPJYYI-Wireless-Keyboard-Cordless-Computer%2Fdp%2FB0CLV3PCDL%2Fref%3Dsr_1_53_sspa%3Fdib%3DeyJ2IjoiMSJ9.3ECyhPqnFlXYPXRliTAOcV6RyTpj3aatWz2JGOLTf6wMfkvb5u0eiPQOtEBRpVyWJoMf2c4FeXYsXjmR2dlB5xnSSus-ok_1KLL0BYEWc5g-MLDDVG4nQtWDfwYqyMaQjHutVFfPKMGtyJQbiwSgTzriVIdpqbyfebig87ivRyYnuetGgA9hKm6m8r3d5fkWec5RVVqLVA145-BEwx-Rnj4oUaI2km-owHhy6e06GE0.hXbBgUWIY1QWyXjZxXibkcPTSBrUELJuTjASFfm0XuY%26dib_tag%3Dse%26keywords%3Dwireless%2Bkeyboard%26qid%3D1733686472%26sr%3D8-53-spons%26sp_csd%3Dd2lkZ2V0TmFtZT1zcF9idGY%26psc%3D1
"Wireless Keyboard and Mouse, 2.4 GHz Wireless Keyboard and Mouse Combo Full-Sized Keycaps Retro Typewriter Keyboard, USB Receiver Plug and Play for PC,Mac,Laptop,Tablet,Computer Windows(Blue)",$31.99,4.3,48.0,https://www.amazon.com/sspa/click?ie=UTF8&spc=MTo0ODc3NTkxMDU1NTk4MDQ1OjE3MzM2ODY0NzI6c3BfYnRmOjMwMDUyNTgwNzk0OTQwMjo6MDo6&url=%2FWireless-Keyboard-Full-Sized-Typewriter-Receiver%2Fdp%2FB0D6FT8FYB%2Fref%3Dsr_1_54_sspa%3Fdib%3DeyJ2IjoiMSJ9.3ECyhPqnFlXYPXRliTAOcV6RyTpj3aatWz2JGOLTf6wMfkvb5u0eiPQOtEBRpVyWJoMf2c4FeXYsXjmR2dlB5xnSSus-ok_1KLL0BYEWc5g-MLDDVG4nQtWDfwYqyMaQjHutVFfPKMGtyJQbiwSgTzriVIdpqbyfebig87ivRyYnuetGgA9hKm6m8r3d5fkWec5RVVqLVA145-BEwx-Rnj4oUaI2km-owHhy6e06GE0.hXbBgUWIY1QWyXjZxXibkcPTSBrUELJuTjASFfm0XuY%26dib_tag%3Dse%26keywords%3Dwireless%2Bkeyboard%26qid%3D1733686472%26sr%3D8-54-spons%26sp_csd%3Dd2lkZ2V0TmFtZT1zcF9idGY%26psc%3D1
FOPETT Wireless Keyboard and Mouse Combo - 2.4G Full-Sized Cute Colorful Retro Keyboard with Round Keycaps 104 Keys Typewriter Keyboard for Laptop/Windows/PC-Purple Colorful,$39.99,4.3,2868.0,https://www.amazon.com/sspa/click?ie=UTF8&spc=MTo1Mzk2NTE2MDU1NjM5MzE3OjE3MzM2ODY0ODg6c3BfYXRmX25leHQ6MzAwMTg5MDUyMzE1MjAyOjowOjo&url=%2FFOPETT-Wireless-Keyboard-Mouse-Combo%2Fdp%2FB0CZLXLDPP%2Fref%3Dsr_1_49_sspa%3Fdib%3DeyJ2IjoiMSJ9.FmnWrFOKe9NNtjtqxmRFYfw0JNBy_XZ-zd4Aqe5VOOLbNSccAZPFnXuWGlWoXQ6QAcZlmt6BUpgUhyuGVkPr3_Kr9YPm_GUSv97kCa5HPqyoOmYFX5E0x86WP63CYu9YfPO6tE0OA35iF8t-UMNcgHTISOMi_bpCIX0ZsmlzTJnQVA1CS0IXP7wZ6eLels3RrgJSHlhLDLvF7RzeYu4mp2OLsEdjWMvzLumwM86NzZs.wv19UuVcCjGFBUAgxH9hcPB1ExTOwATN-6DC9yLJQuw%26dib_tag%3Dse%26keywords%3Dwireless%2Bkeyboard%26qid%3D1733686488%26sr%3D8-49-spons%26sp_csd%3Dd2lkZ2V0TmFtZT1zcF9hdGZfbmV4dA%26psc%3D1
"JAMfit Wireless Keyboard 2.4G and Bluetooth Cute Round Keycaps Retro Typewriter Flexible Keys Full Size Keyboard, Ergonomic Compatible with Mac, Windows, iOS, Android(Purple-Colorful)",$29.99,4.5,50.0,https://www.amazon.com/sspa/click?ie=UTF8&spc=MTo1Mzk2NTE2MDU1NjM5MzE3OjE3MzM2ODY0ODg6c3BfYXRmX25leHQ6MzAwNDM1NTUzMjU1NTAyOjowOjo&url=%2FJAMfit-Bluetooth-Typewriter-Compatible-Purple-Colorful%2Fdp%2FB0CX55MYSX%2Fref%3Dsr_1_50_sspa%3Fdib%3DeyJ2IjoiMSJ9.FmnWrFOKe9NNtjtqxmRFYfw0JNBy_XZ-zd4Aqe5VOOLbNSccAZPFnXuWGlWoXQ6QAcZlmt6BUpgUhyuGVkPr3_Kr9YPm_GUSv97kCa5HPqyoOmYFX5E0x86WP63CYu9YfPO6tE0OA35iF8t-UMNcgHTISOMi_bpCIX0ZsmlzTJnQVA1CS0IXP7wZ6eLels3RrgJSHlhLDLvF7RzeYu4mp2OLsEdjWMvzLumwM86NzZs.wv19UuVcCjGFBUAgxH9hcPB1ExTOwATN-6DC9yLJQuw%26dib_tag%3Dse%26keywords%3Dwireless%2Bkeyboard%26qid%3D1733686488%26sr%3D8-50-spons%26sp_csd%3Dd2lkZ2V0TmFtZT1zcF9hdGZfbmV4dA%26psc%3D1
"EDJO Wireless Keyboard, 2.4G Ergonomic Full Size Wireless Computer Keyboard with Wrist Rest for Windows, Mac OS Desktop/Laptop/PC（Black）",$25.99,4.3,2020.0,https://www.amazon.com/Wireless-Keyboard-EDJO-Ergonomic-PC%EF%BC%88Black%EF%BC%89/dp/B095VM6J1R/ref=sr_1_51?dib=eyJ2IjoiMSJ9.FmnWrFOKe9NNtjtqxmRFYfw0JNBy_XZ-zd4Aqe5VOOLbNSccAZPFnXuWGlWoXQ6QAcZlmt6BUpgUhyuGVkPr3_Kr9YPm_GUSv97kCa5HPqyoOmYFX5E0x86WP63CYu9YfPO6tE0OA35iF8t-UMNcgHTISOMi_bpCIX0ZsmlzTJnQVA1CS0IXP7wZ6eLels3RrgJSHlhLDLvF7RzeYu4mp2OLsEdjWMvzLumwM86NzZs.wv19UuVcCjGFBUAgxH9hcPB1ExTOwATN-6DC9yLJQuw&dib_tag=se&keywords=wireless+keyboard&qid=1733686488&sr=8-51
Logitech MK850 Performance Wireless Keyboard and Mouse Combo,$89.99,4.4,4737.0,https://www.amazon.com/Logitech-MK850-Performance-Wireless-Keyboard/dp/B0D2X9NM1V/ref=sr_1_52?dib=eyJ2IjoiMSJ9.FmnWrFOKe9NNtjtqxmRFYfw0JNBy_XZ-zd4Aqe5VOOLbNSccAZPFnXuWGlWoXQ6QAcZlmt6BUpgUhyuGVkPr3_Kr9YPm_GUSv97kCa5HPqyoOmYFX5E0x86WP63CYu9YfPO6tE0OA35iF8t-UMNcgHTISOMi_bpCIX0ZsmlzTJnQVA1CS0IXP7wZ6eLels3RrgJSHlhLDLvF7RzeYu4mp2OLsEdjWMvzLumwM86NzZs.wv19UuVcCjGFBUAgxH9hcPB1ExTOwATN-6DC9yLJQuw&dib_tag=se&keywords=wireless+keyboard&qid=1733686488&sr=8-52
"Logitech Pebble Keys 2 K380s, Multi-Device Bluetooth Wireless Keyboard with Customizable Shortcuts, Slim and Portable, Easy-Switch for Windows, macOS, iPadOS, Android, Chrome OS - Tonal Graphite",$37.99,4.3,654.0,https://www.amazon.com/Logitech-Multi-Device-Bluetooth-Customizable-Easy-Switch/dp/B0BT4DP7SC/ref=sr_1_53?dib=eyJ2IjoiMSJ9.FmnWrFOKe9NNtjtqxmRFYfw0JNBy_XZ-zd4Aqe5VOOLbNSccAZPFnXuWGlWoXQ6QAcZlmt6BUpgUhyuGVkPr3_Kr9YPm_GUSv97kCa5HPqyoOmYFX5E0x86WP63CYu9YfPO6tE0OA35iF8t-UMNcgHTISOMi_bpCIX0ZsmlzTJnQVA1CS0IXP7wZ6eLels3RrgJSHlhLDLvF7RzeYu4mp2OLsEdjWMvzLumwM86NzZs.wv19UuVcCjGFBUAgxH9hcPB1ExTOwATN-6DC9yLJQuw&dib_tag=se&keywords=wireless+keyboard&qid=1733686488&sr=8-53
"Logitech MX Keys S for Mac, Wireless Keyboard, Fluid, Precise Laptop-Like Typing, Programmable Keys, Backlit, Bluetooth USB C Rechargeable for MacBook Pro, MacBook Air, iMac, iPad - Space Grey",$99.99,4.5,75.0,https://www.amazon.com/Logitech-Laptop-Like-Programmable-Bluetooth-Rechargeable/dp/B0BXX499PC/ref=sr_1_54?dib=eyJ2IjoiMSJ9.FmnWrFOKe9NNtjtqxmRFYfw0JNBy_XZ-zd4Aqe5VOOLbNSccAZPFnXuWGlWoXQ6QAcZlmt6BUpgUhyuGVkPr3_Kr9YPm_GUSv97kCa5HPqyoOmYFX5E0x86WP63CYu9YfPO6tE0OA35iF8t-UMNcgHTISOMi_bpCIX0ZsmlzTJnQVA1CS0IXP7wZ6eLels3RrgJSHlhLDLvF7RzeYu4mp2OLsEdjWMvzLumwM86NzZs.wv19UuVcCjGFBUAgxH9hcPB1ExTOwATN-6DC9yLJQuw&dib_tag=se&keywords=wireless+keyboard&qid=1733686488&sr=8-54
"Wireless Keyboard and Mouse Combo, Lovaky 2.4G Full-Sized Ergonomic Keyboard Mouse, 3 DPI Adjustable Cordless USB Keyboard and Mouse, Quiet Click for Computer/Laptop/Windows/Mac (1 Pack, Black)",$22.99,4.2,7442.0,https://www.amazon.com/Wireless-Keyboard-Full-Sized-Ergonomic-Adjustable/dp/B09KC6PSR9/ref=sr_1_55?dib=eyJ2IjoiMSJ9.FmnWrFOKe9NNtjtqxmRFYfw0JNBy_XZ-zd4Aqe5VOOLbNSccAZPFnXuWGlWoXQ6QAcZlmt6BUpgUhyuGVkPr3_Kr9YPm_GUSv97kCa5HPqyoOmYFX5E0x86WP63CYu9YfPO6tE0OA35iF8t-UMNcgHTISOMi_bpCIX0ZsmlzTJnQVA1CS0IXP7wZ6eLels3RrgJSHlhLDLvF7RzeYu4mp2OLsEdjWMvzLumwM86NzZs.wv19UuVcCjGFBUAgxH9hcPB1ExTOwATN-6DC9yLJQuw&dib_tag=se&keywords=wireless+keyboard&qid=1733686488&sr=8-55
Dell KB700 Multi Device Wireless Keyboard (Gray) - KB700-GY-R-US,$89.99,4.5,7.0,https://www.amazon.com/Dell-KB700-Device-Wireless-Keyboard/dp/B0CHBM4ZHH/ref=sr_1_56?dib=eyJ2IjoiMSJ9.FmnWrFOKe9NNtjtqxmRFYfw0JNBy_XZ-zd4Aqe5VOOLbNSccAZPFnXuWGlWoXQ6QAcZlmt6BUpgUhyuGVkPr3_Kr9YPm_GUSv97kCa5HPqyoOmYFX5E0x86WP63CYu9YfPO6tE0OA35iF8t-UMNcgHTISOMi_bpCIX0ZsmlzTJnQVA1CS0IXP7wZ6eLels3RrgJSHlhLDLvF7RzeYu4mp2OLsEdjWMvzLumwM86NzZs.wv19UuVcCjGFBUAgxH9hcPB1ExTOwATN-6DC9yLJQuw&dib_tag=se&keywords=wireless+keyboard&qid=1733686488&sr=8-56
"Logitech K345 Wireless Keyboard - Full-Sized Keyboard with Palm Rest, 2.4 GHz Wireless USB Receiver - for PC, Laptop",$29.99,4.1,87.0,https://www.amazon.com/Logitech-K345-Wireless-Keyboard-Full-Sized/dp/B0D2X8GBZ2/ref=sr_1_57?dib=eyJ2IjoiMSJ9.FmnWrFOKe9NNtjtqxmRFYfw0JNBy_XZ-zd4Aqe5VOOLbNSccAZPFnXuWGlWoXQ6QAcZlmt6BUpgUhyuGVkPr3_Kr9YPm_GUSv97kCa5HPqyoOmYFX5E0x86WP63CYu9YfPO6tE0OA35iF8t-UMNcgHTISOMi_bpCIX0ZsmlzTJnQVA1CS0IXP7wZ6eLels3RrgJSHlhLDLvF7RzeYu4mp2OLsEdjWMvzLumwM86NzZs.wv19UuVcCjGFBUAgxH9hcPB1ExTOwATN-6DC9yLJQuw&dib_tag=se&keywords=wireless+keyboard&qid=1733686488&sr=8-57
"Lenovo 510 Wireless Keyboard & Mouse Combo, 2.4 GHz Nano USB Receiver, Full Size, Island Key Design, Left or Right Hand, 1200 DPI Optical Mouse, GX30N81775, Black",$29.44,4.3,2205.0,https://www.amazon.com/Lenovo-Wireless-Keyboard-Mouse-Combo/dp/B07F8M844G/ref=sr_1_58?dib=eyJ2IjoiMSJ9.FmnWrFOKe9NNtjtqxmRFYfw0JNBy_XZ-zd4Aqe5VOOLbNSccAZPFnXuWGlWoXQ6QAcZlmt6BUpgUhyuGVkPr3_Kr9YPm_GUSv97kCa5HPqyoOmYFX5E0x86WP63CYu9YfPO6tE0OA35iF8t-UMNcgHTISOMi_bpCIX0ZsmlzTJnQVA1CS0IXP7wZ6eLels3RrgJSHlhLDLvF7RzeYu4mp2OLsEdjWMvzLumwM86NzZs.wv19UuVcCjGFBUAgxH9hcPB1ExTOwATN-6DC9yLJQuw&dib_tag=se&keywords=wireless+keyboard&qid=1733686488&sr=8-58
"MOFII Wireless Keyboard and Mouse Combo, Cute Retro Typewriter Keyboard and Silent Mouse, 2.4GHz Full Size Computer Keyboard Wireless Mouse Set for PC, Laptop, Desktop, Windows (Blue Colorful)",$39.99,4.4,1904.0,https://www.amazon.com/sspa/click?ie=UTF8&spc=MTo1Mzk2NTE2MDU1NjM5MzE3OjE3MzM2ODY0ODg6c3BfbXRmOjMwMDI4MDk2Nzg2NDQwMjo6MDo6&url=%2FMOFII-Wireless-Keyboard-Typewriter-Computer%2Fdp%2FB0D3DTYVJ4%2Fref%3Dsr_1_59_sspa%3Fdib%3DeyJ2IjoiMSJ9.FmnWrFOKe9NNtjtqxmRFYfw0JNBy_XZ-zd4Aqe5VOOLbNSccAZPFnXuWGlWoXQ6QAcZlmt6BUpgUhyuGVkPr3_Kr9YPm_GUSv97kCa5HPqyoOmYFX5E0x86WP63CYu9YfPO6tE0OA35iF8t-UMNcgHTISOMi_bpCIX0ZsmlzTJnQVA1CS0IXP7wZ6eLels3RrgJSHlhLDLvF7RzeYu4mp2OLsEdjWMvzLumwM86NzZs.wv19UuVcCjGFBUAgxH9hcPB1ExTOwATN-6DC9yLJQuw%26dib_tag%3Dse%26keywords%3Dwireless%2Bkeyboard%26qid%3D1733686488%26sr%3D8-59-spons%26sp_csd%3Dd2lkZ2V0TmFtZT1zcF9tdGY%26psc%3D1
"J JOYACCESS Wireless Keyboard and Mouse, 2.4g Slim and Ergonomic Wireless Keyboard and Mouse Combo- Full Size, Portable for Laptop/Windows/Computer-Wine Red Gold",$36.99,4.2,24200.0,https://www.amazon.com/sspa/click?ie=UTF8&spc=MTo1Mzk2NTE2MDU1NjM5MzE3OjE3MzM2ODY0ODg6c3BfbXRmOjMwMDEwODYwMzg2NjYwMjo6MDo6&url=%2FJOYACCESS-Wireless-Keyboard-Ergonomic-Computer-Wine%2Fdp%2FB0C9BZ4268%2Fref%3Dsr_1_60_sspa%3Fdib%3DeyJ2IjoiMSJ9.FmnWrFOKe9NNtjtqxmRFYfw0JNBy_XZ-zd4Aqe5VOOLbNSccAZPFnXuWGlWoXQ6QAcZlmt6BUpgUhyuGVkPr3_Kr9YPm_GUSv97kCa5HPqyoOmYFX5E0x86WP63CYu9YfPO6tE0OA35iF8t-UMNcgHTISOMi_bpCIX0ZsmlzTJnQVA1CS0IXP7wZ6eLels3RrgJSHlhLDLvF7RzeYu4mp2OLsEdjWMvzLumwM86NzZs.wv19UuVcCjGFBUAgxH9hcPB1ExTOwATN-6DC9yLJQuw%26dib_tag%3Dse%26keywords%3Dwireless%2Bkeyboard%26qid%3D1733686488%26sr%3D8-60-spons%26sp_csd%3Dd2lkZ2V0TmFtZT1zcF9tdGY%26psc%3D1
"Logitech MX Master 3S Keys S Combo - Performance Wireless Keyboard and Mouse with Palm Rest, Customizable Illumination, Fast Scrolling, Bluetooth, USB C, for Windows, Linux, Chrome, Mac",$197.99,4.5,9335.0,https://www.amazon.com/Logitech-Keys-Combo-Customizable-Illumination/dp/B0BKVY4WKT/ref=sr_1_61?dib=eyJ2IjoiMSJ9.FmnWrFOKe9NNtjtqxmRFYfw0JNBy_XZ-zd4Aqe5VOOLbNSccAZPFnXuWGlWoXQ6QAcZlmt6BUpgUhyuGVkPr3_Kr9YPm_GUSv97kCa5HPqyoOmYFX5E0x86WP63CYu9YfPO6tE0OA35iF8t-UMNcgHTISOMi_bpCIX0ZsmlzTJnQVA1CS0IXP7wZ6eLels3RrgJSHlhLDLvF7RzeYu4mp2OLsEdjWMvzLumwM86NzZs.wv19UuVcCjGFBUAgxH9hcPB1ExTOwATN-6DC9yLJQuw&dib_tag=se&keywords=wireless+keyboard&qid=1733686488&sr=8-61
"Wireless Keyboard and Mouse Combo - Full-Sized Ergonomic Keyboard with Wrist Rest, Phone Holder, Sleep Mode, Silent 2.4GHz Cordless Keyboard Mouse Combo for Computer, Laptop, PC, Mac, Windows -Trueque",$34.99,4.0,1161.0,https://www.amazon.com/Wireless-Keyboard-Mouse-Combo-Full-Sized/dp/B0C9DQPTLM/ref=sr_1_62?dib=eyJ2IjoiMSJ9.FmnWrFOKe9NNtjtqxmRFYfw0JNBy_XZ-zd4Aqe5VOOLbNSccAZPFnXuWGlWoXQ6QAcZlmt6BUpgUhyuGVkPr3_Kr9YPm_GUSv97kCa5HPqyoOmYFX5E0x86WP63CYu9YfPO6tE0OA35iF8t-UMNcgHTISOMi_bpCIX0ZsmlzTJnQVA1CS0IXP7wZ6eLels3RrgJSHlhLDLvF7RzeYu4mp2OLsEdjWMvzLumwM86NzZs.wv19UuVcCjGFBUAgxH9hcPB1ExTOwATN-6DC9yLJQuw&dib_tag=se&keywords=wireless+keyboard&qid=1733686488&sr=8-62
"Wireless Bluetooth Keyboard, Bluetooth Keyboard with Ergonomic Keys, Bluetooth 5.2 + 3.0 Keyboard with Numeric Pad, Slim Full Size Keyboard for Windows Computer/Laptop/Tablet, Black",$9.99,3.8,34.0,https://www.amazon.com/Awaygerous-Wireless-Bluetooth-Keyboard-Ergonomic/dp/B0D6XSXWMY/ref=sr_1_63?dib=eyJ2IjoiMSJ9.FmnWrFOKe9NNtjtqxmRFYfw0JNBy_XZ-zd4Aqe5VOOLbNSccAZPFnXuWGlWoXQ6QAcZlmt6BUpgUhyuGVkPr3_Kr9YPm_GUSv97kCa5HPqyoOmYFX5E0x86WP63CYu9YfPO6tE0OA35iF8t-UMNcgHTISOMi_bpCIX0ZsmlzTJnQVA1CS0IXP7wZ6eLels3RrgJSHlhLDLvF7RzeYu4mp2OLsEdjWMvzLumwM86NzZs.wv19UuVcCjGFBUAgxH9hcPB1ExTOwATN-6DC9yLJQuw&dib_tag=se&keywords=wireless+keyboard&qid=1733686488&sr=8-63
"Redragon K618 PRO 3-Mode Wireless RGB Mechanical Keyboard, BT/2.4Ghz/Wired Low Profile Win/Mac Gaming Keyboard w/Ultra-Thin Design, Dedicated Media Control & Linear Red Switch",$64.99,4.1,1871.0,https://www.amazon.com/Redragon-Mechanical-Bluetooth-Ultra-Thin-Connection/dp/B098785CL3/ref=sr_1_64?dib=eyJ2IjoiMSJ9.FmnWrFOKe9NNtjtqxmRFYfw0JNBy_XZ-zd4Aqe5VOOLbNSccAZPFnXuWGlWoXQ6QAcZlmt6BUpgUhyuGVkPr3_Kr9YPm_GUSv97kCa5HPqyoOmYFX5E0x86WP63CYu9YfPO6tE0OA35iF8t-UMNcgHTISOMi_bpCIX0ZsmlzTJnQVA1CS0IXP7wZ6eLels3RrgJSHlhLDLvF7RzeYu4mp2OLsEdjWMvzLumwM86NzZs.wv19UuVcCjGFBUAgxH9hcPB1ExTOwATN-6DC9yLJQuw&dib_tag=se&keywords=wireless+keyboard&qid=1733686488&sr=8-64
"65% Wireless Gaming Keyboard, Rechargeable Backlit Gaming Keyboard, 68 Keys Ultra-Compact Anti-ghosting No-Conflict Wireless Keyboard for PC Laptop Windows Gamer(Black-Grey)",$19.97,4.0,1172.0,https://www.amazon.com/GEODMAER-Wireless-Gaming-Ultra-Compact-Anti-ghosting/dp/B0BY8L5PFG/ref=sr_1_65?dib=eyJ2IjoiMSJ9.FmnWrFOKe9NNtjtqxmRFYfw0JNBy_XZ-zd4Aqe5VOOLbNSccAZPFnXuWGlWoXQ6QAcZlmt6BUpgUhyuGVkPr3_Kr9YPm_GUSv97kCa5HPqyoOmYFX5E0x86WP63CYu9YfPO6tE0OA35iF8t-UMNcgHTISOMi_bpCIX0ZsmlzTJnQVA1CS0IXP7wZ6eLels3RrgJSHlhLDLvF7RzeYu4mp2OLsEdjWMvzLumwM86NzZs.wv19UuVcCjGFBUAgxH9hcPB1ExTOwATN-6DC9yLJQuw&dib_tag=se&keywords=wireless+keyboard&qid=1733686488&sr=8-65
"seenda Wireless Keyboard and Mouse, USB & Type C Keyboard Mouse Combo, Full Size White Wireless Keyboard Compatible for Win 7/8/10, MacBook Pro/Air, Laptop, PC - White",$29.99,4.3,1803.0,https://www.amazon.com/seenda-Wireless-Keyboard-Compatible-MacBook/dp/B0C4SYN1SP/ref=sr_1_66?dib=eyJ2IjoiMSJ9.FmnWrFOKe9NNtjtqxmRFYfw0JNBy_XZ-zd4Aqe5VOOLbNSccAZPFnXuWGlWoXQ6QAcZlmt6BUpgUhyuGVkPr3_Kr9YPm_GUSv97kCa5HPqyoOmYFX5E0x86WP63CYu9YfPO6tE0OA35iF8t-UMNcgHTISOMi_bpCIX0ZsmlzTJnQVA1CS0IXP7wZ6eLels3RrgJSHlhLDLvF7RzeYu4mp2OLsEdjWMvzLumwM86NzZs.wv19UuVcCjGFBUAgxH9hcPB1ExTOwATN-6DC9yLJQuw&dib_tag=se&keywords=wireless+keyboard&qid=1733686488&sr=8-66
"Redragon K580 PRO Wireless RGB Gaming Keyboard, 3-Modes 104 Keys Mechanical Keyboard w/Hot-Swap Socket, Dedicated Media Controls & Onboard Macro Recording, Linear Red Switch",$74.99,4.6,4682.0,https://www.amazon.com/Redragon-K580-Mechanical-Dedicated-Recording/dp/B0CS68QV83/ref=sr_1_67?dib=eyJ2IjoiMSJ9.FmnWrFOKe9NNtjtqxmRFYfw0JNBy_XZ-zd4Aqe5VOOLbNSccAZPFnXuWGlWoXQ6QAcZlmt6BUpgUhyuGVkPr3_Kr9YPm_GUSv97kCa5HPqyoOmYFX5E0x86WP63CYu9YfPO6tE0OA35iF8t-UMNcgHTISOMi_bpCIX0ZsmlzTJnQVA1CS0IXP7wZ6eLels3RrgJSHlhLDLvF7RzeYu4mp2OLsEdjWMvzLumwM86NzZs.wv19UuVcCjGFBUAgxH9hcPB1ExTOwATN-6DC9yLJQuw&dib_tag=se&keywords=wireless+keyboard&qid=1733686488&sr=8-67
"OMOTON Wireless Keyboard, 2.4G USB Keyboard Wireless, Compact and Quiet, Slim Wireless Keyboard for Laptop, Tablet, Computer, Desktop and PC (Black)",$15.99,4.3,1287.0,https://www.amazon.com/OMOTON-Wireless-Keyboard-Ultra-Slim-Computer/dp/B0BNTHFFNG/ref=sr_1_68?dib=eyJ2IjoiMSJ9.FmnWrFOKe9NNtjtqxmRFYfw0JNBy_XZ-zd4Aqe5VOOLbNSccAZPFnXuWGlWoXQ6QAcZlmt6BUpgUhyuGVkPr3_Kr9YPm_GUSv97kCa5HPqyoOmYFX5E0x86WP63CYu9YfPO6tE0OA35iF8t-UMNcgHTISOMi_bpCIX0ZsmlzTJnQVA1CS0IXP7wZ6eLels3RrgJSHlhLDLvF7RzeYu4mp2OLsEdjWMvzLumwM86NzZs.wv19UuVcCjGFBUAgxH9hcPB1ExTOwATN-6DC9yLJQuw&dib_tag=se&keywords=wireless+keyboard&qid=1733686488&sr=8-68
"UBOTIE Colorful Computer Wireless Keyboard Mouse Combos, Typewriter Flexible Keys Office Full-Sized Keyboard, 2.4GHz Dropout-Free Connection and Optical Mouse (Purple-Colorful)",$40.99,4.3,17102.0,https://www.amazon.com/sspa/click?ie=UTF8&spc=MTo1Mzk2NTE2MDU1NjM5MzE3OjE3MzM2ODY0ODg6c3BfYnRmOjIwMDAzNTMwNzY3OTU2MTo6MDo6&url=%2FUBOTIE-Typewriter-Full-Sized-Dropout-Free-Purple-Colorful%2Fdp%2FB08JLTYZ93%2Fref%3Dsr_1_69_sspa%3Fdib%3DeyJ2IjoiMSJ9.FmnWrFOKe9NNtjtqxmRFYfw0JNBy_XZ-zd4Aqe5VOOLbNSccAZPFnXuWGlWoXQ6QAcZlmt6BUpgUhyuGVkPr3_Kr9YPm_GUSv97kCa5HPqyoOmYFX5E0x86WP63CYu9YfPO6tE0OA35iF8t-UMNcgHTISOMi_bpCIX0ZsmlzTJnQVA1CS0IXP7wZ6eLels3RrgJSHlhLDLvF7RzeYu4mp2OLsEdjWMvzLumwM86NzZs.wv19UuVcCjGFBUAgxH9hcPB1ExTOwATN-6DC9yLJQuw%26dib_tag%3Dse%26keywords%3Dwireless%2Bkeyboard%26qid%3D1733686488%26sr%3D8-69-spons%26sp_csd%3Dd2lkZ2V0TmFtZT1zcF9idGY%26psc%3D1
"Wireless Keyboard and Mouse,Retro Typewriter Keyboard and Mouse Combo,2.4G Wireless Keyboard Mouse,Home and Office Keyboard's,Computer Keyboard and Mouse for Laptop PC Windows, Navy Blue",$38.99,4.3,48.0,https://www.amazon.com/sspa/click?ie=UTF8&spc=MTo1Mzk2NTE2MDU1NjM5MzE3OjE3MzM2ODY0ODg6c3BfYnRmOjMwMDUyNTgwNzk0OTYwMjo6MDo6&url=%2FGlobalsades-Wireless-Typewriter-Keyboards-Blue%2Fdp%2FB0D6FMLSHT%2Fref%3Dsr_1_70_sspa%3Fdib%3DeyJ2IjoiMSJ9.FmnWrFOKe9NNtjtqxmRFYfw0JNBy_XZ-zd4Aqe5VOOLbNSccAZPFnXuWGlWoXQ6QAcZlmt6BUpgUhyuGVkPr3_Kr9YPm_GUSv97kCa5HPqyoOmYFX5E0x86WP63CYu9YfPO6tE0OA35iF8t-UMNcgHTISOMi_bpCIX0ZsmlzTJnQVA1CS0IXP7wZ6eLels3RrgJSHlhLDLvF7RzeYu4mp2OLsEdjWMvzLumwM86NzZs.wv19UuVcCjGFBUAgxH9hcPB1ExTOwATN-6DC9yLJQuw%26dib_tag%3Dse%26keywords%3Dwireless%2Bkeyboard%26qid%3D1733686488%26sr%3D8-70-spons%26sp_csd%3Dd2lkZ2V0TmFtZT1zcF9idGY%26psc%3D1
"Computer Keyboard Wired, Plug Play USB Retro Round Typewriter Keyboard, Full Size Wired Keyboard with Foldable Stands for Laptop and Office PC- Milk Tea Colorful",$29.99,4.6,672.0,https://www.amazon.com/sspa/click?ie=UTF8&spc=MTozMTE1OTYwOTkzODc1MDIwOjE3MzM2ODY1MDI6c3BfYXRmX25leHQ6MzAwMTQyMjgzNDE2NDAyOjowOjo&url=%2FMOWUX-Computer-Keyboard-Typewriter-Foldable%2Fdp%2FB0BV9WCGN3%2Fref%3Dsr_1_65_sspa%3Fdib%3DeyJ2IjoiMSJ9.87krn4Gs_ZI6xVw4oiYxc0kp9TlhJyqqu8mvbYqh-Clx-C91JAOSp5JKm4gn-hL1eTk4vr4aEAXEiGGfV7XsAXffuPPpNt1aJF1OK1zCs3usxFRQaNKz5Ok_sfa02poAKk4Gu4kQLL-b01gilsBmSMApjMZ5bcgIb_6P1IigfMvlZuX1HLi0Pqz-DRxLRvev2S2AYBIsomgCWnJfwuyUxrtelg9PpsuR_-UufP8PDik.3-GTY5Fen3DghxzykMeH32e2pGOuYXb0TPpSQZcEpF0%26dib_tag%3Dse%26keywords%3Dwireless%2Bkeyboard%26qid%3D1733686502%26sr%3D8-65-spons%26sp_csd%3Dd2lkZ2V0TmFtZT1zcF9hdGZfbmV4dA%26psc%3D1
"Wireless Typewriter Keyboard Mechanical TKL, 2.4G/BT5.0/Wired WM87 Retro Vintage Gaming Keyboard Typewriter Style with Punk Round Keycaps True RGB Backlit, 2 Control Knobs, Clicky Switch",$79.99,4.2,188.0,https://www.amazon.com/sspa/click?ie=UTF8&spc=MTozMTE1OTYwOTkzODc1MDIwOjE3MzM2ODY1MDI6c3BfYXRmX25leHQ6MjAwMTE1MjIxNDgwODk4OjowOjo&url=%2FWireless-Typewriter-Keyboard-Mechanical-WM87%2Fdp%2FB0BBN4KZPD%2Fref%3Dsr_1_66_sspa%3Fdib%3DeyJ2IjoiMSJ9.87krn4Gs_ZI6xVw4oiYxc0kp9TlhJyqqu8mvbYqh-Clx-C91JAOSp5JKm4gn-hL1eTk4vr4aEAXEiGGfV7XsAXffuPPpNt1aJF1OK1zCs3usxFRQaNKz5Ok_sfa02poAKk4Gu4kQLL-b01gilsBmSMApjMZ5bcgIb_6P1IigfMvlZuX1HLi0Pqz-DRxLRvev2S2AYBIsomgCWnJfwuyUxrtelg9PpsuR_-UufP8PDik.3-GTY5Fen3DghxzykMeH32e2pGOuYXb0TPpSQZcEpF0%26dib_tag%3Dse%26keywords%3Dwireless%2Bkeyboard%26qid%3D1733686502%26sr%3D8-66-spons%26sp_csd%3Dd2lkZ2V0TmFtZT1zcF9hdGZfbmV4dA%26psc%3D1
"MEETION Wireless Keyboard and Mouse, Computer Keyboard Mouse, 3 DPI Adjustable USB A and USB C Adapter Full-Sized Cordless Keyboard and Mouse, Wrist Rest for PC/Computer/Laptop/Windows/Mac, Pink",$24.99,4.3,735.0,https://www.amazon.com/MEETION-Wireless-Keyboard-Adjustable-Full-Sized/dp/B0C7QMD44R/ref=sr_1_67?dib=eyJ2IjoiMSJ9.87krn4Gs_ZI6xVw4oiYxc0kp9TlhJyqqu8mvbYqh-Clx-C91JAOSp5JKm4gn-hL1eTk4vr4aEAXEiGGfV7XsAXffuPPpNt1aJF1OK1zCs3usxFRQaNKz5Ok_sfa02poAKk4Gu4kQLL-b01gilsBmSMApjMZ5bcgIb_6P1IigfMvlZuX1HLi0Pqz-DRxLRvev2S2AYBIsomgCWnJfwuyUxrtelg9PpsuR_-UufP8PDik.3-GTY5Fen3DghxzykMeH32e2pGOuYXb0TPpSQZcEpF0&dib_tag=se&keywords=wireless+keyboard&qid=1733686502&sr=8-67
Arteck 2.4G Wireless Keyboard Ultra Slim Full Size Keyboard with Numeric Keypad and Media Hotkey for Computer/Desktop/PC/Laptop/Surface/Smart TV and Windows 10/8/ 7 Built-in Rechargeable Battery,$28.99,4.5,2647.0,https://www.amazon.com/Arteck-Wireless-Keyboard-Computer-Rechargeable/dp/B08SKBLTTD/ref=sr_1_68?dib=eyJ2IjoiMSJ9.87krn4Gs_ZI6xVw4oiYxc0kp9TlhJyqqu8mvbYqh-Clx-C91JAOSp5JKm4gn-hL1eTk4vr4aEAXEiGGfV7XsAXffuPPpNt1aJF1OK1zCs3usxFRQaNKz5Ok_sfa02poAKk4Gu4kQLL-b01gilsBmSMApjMZ5bcgIb_6P1IigfMvlZuX1HLi0Pqz-DRxLRvev2S2AYBIsomgCWnJfwuyUxrtelg9PpsuR_-UufP8PDik.3-GTY5Fen3DghxzykMeH32e2pGOuYXb0TPpSQZcEpF0&dib_tag=se&keywords=wireless+keyboard&qid=1733686502&sr=8-68
"Logitech G PRO X TKL LIGHTSPEED Wireless Gaming Keyboard, Ultra-Portable Tenkeyless Design, LIGHTSYNC RGB, PBT keycaps, Tactile Switches (GX Brown) - White",$134.99,4.6,4940.0,https://www.amazon.com/Logitech-Lightspeed-Ultra-Portable-Tenkeyless-LIGHTSYNC/dp/B0BQBRS3WC/ref=sr_1_69?dib=eyJ2IjoiMSJ9.87krn4Gs_ZI6xVw4oiYxc0kp9TlhJyqqu8mvbYqh-Clx-C91JAOSp5JKm4gn-hL1eTk4vr4aEAXEiGGfV7XsAXffuPPpNt1aJF1OK1zCs3usxFRQaNKz5Ok_sfa02poAKk4Gu4kQLL-b01gilsBmSMApjMZ5bcgIb_6P1IigfMvlZuX1HLi0Pqz-DRxLRvev2S2AYBIsomgCWnJfwuyUxrtelg9PpsuR_-UufP8PDik.3-GTY5Fen3DghxzykMeH32e2pGOuYXb0TPpSQZcEpF0&dib_tag=se&keywords=wireless+keyboard&qid=1733686502&sr=8-69
Arteck USB Wireless Keyboard Stainless Steel Ultra Slim Keyboard with Numeric Keypad for Computer/PC/Laptop and Windows 11/10/8 Rechargeable Battery,$29.99,4.3,3132.0,https://www.amazon.com/Arteck-HW193-Wireless-Stainless-Rechargeable/dp/B07VV9KMSQ/ref=sr_1_70?dib=eyJ2IjoiMSJ9.87krn4Gs_ZI6xVw4oiYxc0kp9TlhJyqqu8mvbYqh-Clx-C91JAOSp5JKm4gn-hL1eTk4vr4aEAXEiGGfV7XsAXffuPPpNt1aJF1OK1zCs3usxFRQaNKz5Ok_sfa02poAKk4Gu4kQLL-b01gilsBmSMApjMZ5bcgIb_6P1IigfMvlZuX1HLi0Pqz-DRxLRvev2S2AYBIsomgCWnJfwuyUxrtelg9PpsuR_-UufP8PDik.3-GTY5Fen3DghxzykMeH32e2pGOuYXb0TPpSQZcEpF0&dib_tag=se&keywords=wireless+keyboard&qid=1733686502&sr=8-70
"Logitech G515 Lightspeed TKL Low Profile Wireless Gaming Keyboard, LIGHTSYNC RGB, Thin Tenkeyless Design, Double-Shot PBT Keycaps, Tactile (Brown) Mechanical Switches - Black",$116.99,4.7,153.0,https://www.amazon.com/Logitech-Lightspeed-Tenkeyless-Double-Shot-Mechanical/dp/B0D1DSW8TF/ref=sr_1_71?dib=eyJ2IjoiMSJ9.87krn4Gs_ZI6xVw4oiYxc0kp9TlhJyqqu8mvbYqh-Clx-C91JAOSp5JKm4gn-hL1eTk4vr4aEAXEiGGfV7XsAXffuPPpNt1aJF1OK1zCs3usxFRQaNKz5Ok_sfa02poAKk4Gu4kQLL-b01gilsBmSMApjMZ5bcgIb_6P1IigfMvlZuX1HLi0Pqz-DRxLRvev2S2AYBIsomgCWnJfwuyUxrtelg9PpsuR_-UufP8PDik.3-GTY5Fen3DghxzykMeH32e2pGOuYXb0TPpSQZcEpF0&dib_tag=se&keywords=wireless+keyboard&qid=1733686502&sr=8-71
"Macally Wireless Keyboard, 2.4G Wireless White Keyboard - Ergonomic Full Size Computer Keyboard with Numeric Keypad for Laptop, Desktop, Surface, Chromebook, Notebook",$17.99,4.5,3485.0,https://www.amazon.com/Macally-Wireless-Keyboard-2-4G-White/dp/B0991MVHRD/ref=sr_1_72?dib=eyJ2IjoiMSJ9.87krn4Gs_ZI6xVw4oiYxc0kp9TlhJyqqu8mvbYqh-Clx-C91JAOSp5JKm4gn-hL1eTk4vr4aEAXEiGGfV7XsAXffuPPpNt1aJF1OK1zCs3usxFRQaNKz5Ok_sfa02poAKk4Gu4kQLL-b01gilsBmSMApjMZ5bcgIb_6P1IigfMvlZuX1HLi0Pqz-DRxLRvev2S2AYBIsomgCWnJfwuyUxrtelg9PpsuR_-UufP8PDik.3-GTY5Fen3DghxzykMeH32e2pGOuYXb0TPpSQZcEpF0&dib_tag=se&keywords=wireless+keyboard&qid=1733686502&sr=8-72
Logitech Wireless Touch Keyboard K400 with Built-In Multi-Touch Touchpad,$39.89,4.3,11498.0,https://www.amazon.com/Logitech-Wireless-Keyboard-Multi-Touch-Touchpad/dp/B005DKZTMG/ref=sr_1_73?dib=eyJ2IjoiMSJ9.87krn4Gs_ZI6xVw4oiYxc0kp9TlhJyqqu8mvbYqh-Clx-C91JAOSp5JKm4gn-hL1eTk4vr4aEAXEiGGfV7XsAXffuPPpNt1aJF1OK1zCs3usxFRQaNKz5Ok_sfa02poAKk4Gu4kQLL-b01gilsBmSMApjMZ5bcgIb_6P1IigfMvlZuX1HLi0Pqz-DRxLRvev2S2AYBIsomgCWnJfwuyUxrtelg9PpsuR_-UufP8PDik.3-GTY5Fen3DghxzykMeH32e2pGOuYXb0TPpSQZcEpF0&dib_tag=se&keywords=wireless+keyboard&qid=1733686502&sr=8-73
"ASUS ROG Falchion RX Low Profile 65% Wireless Gaming Keyboard with ROG RX Blue Low-Profile switches, tri-Mode Connection, Protective Cover, Silicone dampening Foam, Touch Panel, and MacOS Support.",$149.99,4.7,134.0,https://www.amazon.com/ASUS-RX-Low-Profile-Connection-Protective/dp/B0CTRT8RF1/ref=sr_1_74?dib=eyJ2IjoiMSJ9.87krn4Gs_ZI6xVw4oiYxc0kp9TlhJyqqu8mvbYqh-Clx-C91JAOSp5JKm4gn-hL1eTk4vr4aEAXEiGGfV7XsAXffuPPpNt1aJF1OK1zCs3usxFRQaNKz5Ok_sfa02poAKk4Gu4kQLL-b01gilsBmSMApjMZ5bcgIb_6P1IigfMvlZuX1HLi0Pqz-DRxLRvev2S2AYBIsomgCWnJfwuyUxrtelg9PpsuR_-UufP8PDik.3-GTY5Fen3DghxzykMeH32e2pGOuYXb0TPpSQZcEpF0&dib_tag=se&keywords=wireless+keyboard&qid=1733686502&sr=8-74
FOPETT Wireless Keyboard and Mouse Combo - 2.4G Full-Sized Cute Colorful Retro Keyboard with Round Keycaps 104 Keys Typewriter Keyboard for Laptop/Windows/PC-Blue Colorful,$39.99,4.3,2868.0,https://www.amazon.com/sspa/click?ie=UTF8&spc=MTozMTE1OTYwOTkzODc1MDIwOjE3MzM2ODY1MDI6c3BfbXRmOjMwMDE4OTA0NTI4NDAwMjo6MDo6&url=%2FFOPETT-Wireless-Keyboard-Mouse-Combo%2Fdp%2FB0CZLKXBFW%2Fref%3Dsr_1_75_sspa%3Fdib%3DeyJ2IjoiMSJ9.87krn4Gs_ZI6xVw4oiYxc0kp9TlhJyqqu8mvbYqh-Clx-C91JAOSp5JKm4gn-hL1eTk4vr4aEAXEiGGfV7XsAXffuPPpNt1aJF1OK1zCs3usxFRQaNKz5Ok_sfa02poAKk4Gu4kQLL-b01gilsBmSMApjMZ5bcgIb_6P1IigfMvlZuX1HLi0Pqz-DRxLRvev2S2AYBIsomgCWnJfwuyUxrtelg9PpsuR_-UufP8PDik.3-GTY5Fen3DghxzykMeH32e2pGOuYXb0TPpSQZcEpF0%26dib_tag%3Dse%26keywords%3Dwireless%2Bkeyboard%26qid%3D1733686502%26sr%3D8-75-spons%26sp_csd%3Dd2lkZ2V0TmFtZT1zcF9tdGY%26psc%3D1
"UBOTIE Colorful Computer Wireless Keyboard Mice Combo, Retro Typewriter Flexible Keys Office Full-Sized Keyboard, 2.4GHz Dropout-Free Connection and Optical Mouse (Pink-Colorful)",$40.99,4.3,17102.0,https://www.amazon.com/sspa/click?ie=UTF8&spc=MTozMTE1OTYwOTkzODc1MDIwOjE3MzM2ODY1MDI6c3BfbXRmOjIwMDAzMTQ5MTU1OTg2MTo6MDo6&url=%2FUBOTIE-Typewriter-Full-Sized-Dropout-Free-Pink-Colorful%2Fdp%2FB087JVSJ91%2Fref%3Dsr_1_76_sspa%3Fdib%3DeyJ2IjoiMSJ9.87krn4Gs_ZI6xVw4oiYxc0kp9TlhJyqqu8mvbYqh-Clx-C91JAOSp5JKm4gn-hL1eTk4vr4aEAXEiGGfV7XsAXffuPPpNt1aJF1OK1zCs3usxFRQaNKz5Ok_sfa02poAKk4Gu4kQLL-b01gilsBmSMApjMZ5bcgIb_6P1IigfMvlZuX1HLi0Pqz-DRxLRvev2S2AYBIsomgCWnJfwuyUxrtelg9PpsuR_-UufP8PDik.3-GTY5Fen3DghxzykMeH32e2pGOuYXb0TPpSQZcEpF0%26dib_tag%3Dse%26keywords%3Dwireless%2Bkeyboard%26qid%3D1733686502%26sr%3D8-76-spons%26sp_csd%3Dd2lkZ2V0TmFtZT1zcF9tdGY%26psc%3D1
"Amazon Basics Wired Keyboard, Full-Sized, QWERTY Layout, Black",$18.04,4.5,7381.0,https://www.amazon.com/AmazonBasics-Matte-Keyboard-QWERTY-Layout/dp/B07WJ5D3H4/ref=sr_1_77?dib=eyJ2IjoiMSJ9.87krn4Gs_ZI6xVw4oiYxc0kp9TlhJyqqu8mvbYqh-Clx-C91JAOSp5JKm4gn-hL1eTk4vr4aEAXEiGGfV7XsAXffuPPpNt1aJF1OK1zCs3usxFRQaNKz5Ok_sfa02poAKk4Gu4kQLL-b01gilsBmSMApjMZ5bcgIb_6P1IigfMvlZuX1HLi0Pqz-DRxLRvev2S2AYBIsomgCWnJfwuyUxrtelg9PpsuR_-UufP8PDik.3-GTY5Fen3DghxzykMeH32e2pGOuYXb0TPpSQZcEpF0&dib_tag=se&keywords=wireless+keyboard&qid=1733686502&sr=8-77
(10 Pack) Wireless Keyboard and Mouse Combo - Rii Standard Office PC Keyboard and Optical Wireless Mice for Windows/Android TV Bo/PC/Laptop/PS3/4,$149.99,4.1,3675.0,https://www.amazon.com/Pack-Wireless-Keyboard-Mouse-Combo/dp/B09W9J8WBR/ref=sr_1_78?dib=eyJ2IjoiMSJ9.87krn4Gs_ZI6xVw4oiYxc0kp9TlhJyqqu8mvbYqh-Clx-C91JAOSp5JKm4gn-hL1eTk4vr4aEAXEiGGfV7XsAXffuPPpNt1aJF1OK1zCs3usxFRQaNKz5Ok_sfa02poAKk4Gu4kQLL-b01gilsBmSMApjMZ5bcgIb_6P1IigfMvlZuX1HLi0Pqz-DRxLRvev2S2AYBIsomgCWnJfwuyUxrtelg9PpsuR_-UufP8PDik.3-GTY5Fen3DghxzykMeH32e2pGOuYXb0TPpSQZcEpF0&dib_tag=se&keywords=wireless+keyboard&qid=1733686502&sr=8-78
Razer BlackWidow V4 Mini HyperSpeed Wireless Hot Swappable 65% Gaming Keyboard: HyperSpeed Wireless & Bluetooth 5.0 - Orange Switches Tactile & Quiet - Phantom Pudding Keycap - 200 Hr Battery,$129.99,4.6,26.0,https://www.amazon.com/BlackWidow-HyperSpeed-Wireless-Swappable-Keyboard-PC/dp/B0DD5Q6XX9/ref=sr_1_79?dib=eyJ2IjoiMSJ9.87krn4Gs_ZI6xVw4oiYxc0kp9TlhJyqqu8mvbYqh-Clx-C91JAOSp5JKm4gn-hL1eTk4vr4aEAXEiGGfV7XsAXffuPPpNt1aJF1OK1zCs3usxFRQaNKz5Ok_sfa02poAKk4Gu4kQLL-b01gilsBmSMApjMZ5bcgIb_6P1IigfMvlZuX1HLi0Pqz-DRxLRvev2S2AYBIsomgCWnJfwuyUxrtelg9PpsuR_-UufP8PDik.3-GTY5Fen3DghxzykMeH32e2pGOuYXb0TPpSQZcEpF0&dib_tag=se&keywords=wireless+keyboard&qid=1733686502&sr=8-79
"Wireless Keyboard and Mouse Backlit - Typewriter Keyboard with Detachable Wrist Rest, Retro Round Keycaps, Light Up Letters, 2.4G Cordless Combo for Mac, Windows, PC, Laptop, Trueque [2024 Upgraded]",$49.99,4.0,120.0,https://www.amazon.com/Wireless-Keyboard-Mouse-Backlit-Typewriter/dp/B0D7PTKBTW/ref=sr_1_80?dib=eyJ2IjoiMSJ9.87krn4Gs_ZI6xVw4oiYxc0kp9TlhJyqqu8mvbYqh-Clx-C91JAOSp5JKm4gn-hL1eTk4vr4aEAXEiGGfV7XsAXffuPPpNt1aJF1OK1zCs3usxFRQaNKz5Ok_sfa02poAKk4Gu4kQLL-b01gilsBmSMApjMZ5bcgIb_6P1IigfMvlZuX1HLi0Pqz-DRxLRvev2S2AYBIsomgCWnJfwuyUxrtelg9PpsuR_-UufP8PDik.3-GTY5Fen3DghxzykMeH32e2pGOuYXb0TPpSQZcEpF0&dib_tag=se&keywords=wireless+keyboard&qid=1733686502&sr=8-80
"JOYACCESS Wireless Keyboard, 2.4G Slim and Compact Wireless Keyboard with Numeric Pad for Laptop, MacBook Air, Apple, Computer, PC(Black and Grey)",$24.99,4.2,10919.0,https://www.amazon.com/Wireless-Keyboard-JOYACCESS-Compact-Keyboard-Black/dp/B07K6MGLDL/ref=sr_1_81?dib=eyJ2IjoiMSJ9.87krn4Gs_ZI6xVw4oiYxc0kp9TlhJyqqu8mvbYqh-Clx-C91JAOSp5JKm4gn-hL1eTk4vr4aEAXEiGGfV7XsAXffuPPpNt1aJF1OK1zCs3usxFRQaNKz5Ok_sfa02poAKk4Gu4kQLL-b01gilsBmSMApjMZ5bcgIb_6P1IigfMvlZuX1HLi0Pqz-DRxLRvev2S2AYBIsomgCWnJfwuyUxrtelg9PpsuR_-UufP8PDik.3-GTY5Fen3DghxzykMeH32e2pGOuYXb0TPpSQZcEpF0&dib_tag=se&keywords=wireless+keyboard&qid=1733686502&sr=8-81
"Wireless Keyboard with Wrist Rest, 2.4G Wireless Ergonomic Keyboard, 7-Color & 3 RGB Backlit Modes, Phone/Tablet Holder, Rechargeable Computer Keyboard for Windows, Mac, Computer, PC",$29.99,4.1,92.0,https://www.amazon.com/Wireless-Keyboard-Ergonomic-Rechargeable-Computer/dp/B0D5Y9HD8B/ref=sr_1_82?dib=eyJ2IjoiMSJ9.87krn4Gs_ZI6xVw4oiYxc0kp9TlhJyqqu8mvbYqh-Clx-C91JAOSp5JKm4gn-hL1eTk4vr4aEAXEiGGfV7XsAXffuPPpNt1aJF1OK1zCs3usxFRQaNKz5Ok_sfa02poAKk4Gu4kQLL-b01gilsBmSMApjMZ5bcgIb_6P1IigfMvlZuX1HLi0Pqz-DRxLRvev2S2AYBIsomgCWnJfwuyUxrtelg9PpsuR_-UufP8PDik.3-GTY5Fen3DghxzykMeH32e2pGOuYXb0TPpSQZcEpF0&dib_tag=se&keywords=wireless+keyboard&qid=1733686502&sr=8-82
"Keychron K10 Full Size 104 Keys Bluetooth Wireless Mechanical Gaming Keyboard for Mac Windows with Gateron G Pro Brown Switch, Multitasking/White LED Backlight/USB C Wired Computer Keyboard",$84.99,4.3,350.0,https://www.amazon.com/Keychron-Bluetooth-Wireless-Mechanical-Multitasking/dp/B08MKSNYJD/ref=sr_1_83?dib=eyJ2IjoiMSJ9.87krn4Gs_ZI6xVw4oiYxc0kp9TlhJyqqu8mvbYqh-Clx-C91JAOSp5JKm4gn-hL1eTk4vr4aEAXEiGGfV7XsAXffuPPpNt1aJF1OK1zCs3usxFRQaNKz5Ok_sfa02poAKk4Gu4kQLL-b01gilsBmSMApjMZ5bcgIb_6P1IigfMvlZuX1HLi0Pqz-DRxLRvev2S2AYBIsomgCWnJfwuyUxrtelg9PpsuR_-UufP8PDik.3-GTY5Fen3DghxzykMeH32e2pGOuYXb0TPpSQZcEpF0&dib_tag=se&keywords=wireless+keyboard&qid=1733686502&sr=8-83
"Keychron K8 Tenkeyless Wireless Mechanical Keyboard for Mac, White Backlight, Bluetooth, Multitasking, Type-C Wired Gaming Keyboard for Windows with Gateron G Pro Brown Switch",$79.99,4.4,830.0,https://www.amazon.com/Keychron-Mechanical-Keyboard-Tenkeyless-Bluetooth/dp/B08B5WHYTT/ref=sr_1_84?dib=eyJ2IjoiMSJ9.87krn4Gs_ZI6xVw4oiYxc0kp9TlhJyqqu8mvbYqh-Clx-C91JAOSp5JKm4gn-hL1eTk4vr4aEAXEiGGfV7XsAXffuPPpNt1aJF1OK1zCs3usxFRQaNKz5Ok_sfa02poAKk4Gu4kQLL-b01gilsBmSMApjMZ5bcgIb_6P1IigfMvlZuX1HLi0Pqz-DRxLRvev2S2AYBIsomgCWnJfwuyUxrtelg9PpsuR_-UufP8PDik.3-GTY5Fen3DghxzykMeH32e2pGOuYXb0TPpSQZcEpF0&dib_tag=se&keywords=wireless+keyboard&qid=1733686502&sr=8-84
"Wireless Keyboard, 2.4G Full-Sized Ergonomic Wireless Computer Keyboard with Wrist Rest for Windows, Mac OS Laptop/PC/Desktop/Notebook(Black)",$25.99,4.4,62.0,https://www.amazon.com/sspa/click?ie=UTF8&spc=MTozMTE1OTYwOTkzODc1MDIwOjE3MzM2ODY1MDI6c3BfYnRmOjMwMDI4NzI1MjA3NDQwMjo6MDo6&url=%2FQUASIO-Wireless-Keyboard-Full-Sized-Ergonomic%2Fdp%2FB0D3KTJ6DN%2Fref%3Dsr_1_85_sspa%3Fdib%3DeyJ2IjoiMSJ9.87krn4Gs_ZI6xVw4oiYxc0kp9TlhJyqqu8mvbYqh-Clx-C91JAOSp5JKm4gn-hL1eTk4vr4aEAXEiGGfV7XsAXffuPPpNt1aJF1OK1zCs3usxFRQaNKz5Ok_sfa02poAKk4Gu4kQLL-b01gilsBmSMApjMZ5bcgIb_6P1IigfMvlZuX1HLi0Pqz-DRxLRvev2S2AYBIsomgCWnJfwuyUxrtelg9PpsuR_-UufP8PDik.3-GTY5Fen3DghxzykMeH32e2pGOuYXb0TPpSQZcEpF0%26dib_tag%3Dse%26keywords%3Dwireless%2Bkeyboard%26qid%3D1733686502%26sr%3D8-85-spons%26sp_csd%3Dd2lkZ2V0TmFtZT1zcF9idGY%26psc%3D1
"XTREMTEC Wireless Keyboard and Mouse, Cute Keyboard Retro Round Keycap - 2.4GHz Ultra-Slim Quiet Aesthetic Keyboard for Mac Computer Laptop PC Desktops (Macaron Green)",$35.99,4.3,731.0,https://www.amazon.com/sspa/click?ie=UTF8&spc=MTozMTE1OTYwOTkzODc1MDIwOjE3MzM2ODY1MDI6c3BfYnRmOjMwMDM1MDUyMTMxNDYwMjo6MDo6&url=%2FXTREMTEC-Wireless-Keyboard-Mouse-Keycap%2Fdp%2FB0CN2T2DJ5%2Fref%3Dsr_1_86_sspa%3Fdib%3DeyJ2IjoiMSJ9.87krn4Gs_ZI6xVw4oiYxc0kp9TlhJyqqu8mvbYqh-Clx-C91JAOSp5JKm4gn-hL1eTk4vr4aEAXEiGGfV7XsAXffuPPpNt1aJF1OK1zCs3usxFRQaNKz5Ok_sfa02poAKk4Gu4kQLL-b01gilsBmSMApjMZ5bcgIb_6P1IigfMvlZuX1HLi0Pqz-DRxLRvev2S2AYBIsomgCWnJfwuyUxrtelg9PpsuR_-UufP8PDik.3-GTY5Fen3DghxzykMeH32e2pGOuYXb0TPpSQZcEpF0%26dib_tag%3Dse%26keywords%3Dwireless%2Bkeyboard%26qid%3D1733686502%26sr%3D8-86-spons%26sp_csd%3Dd2lkZ2V0TmFtZT1zcF9idGY%26psc%3D1
"FOPETT Wireless Keyboard and Mouse Combo, 104 Keys Full-Sized 2.4 GHz Round Keycap Colorful Keyboards, USB Receiver Plug and Play, for Windows, Mac, PC, Laptop, Desktop (White)",$37.99,4.3,3519.0,https://www.amazon.com/sspa/click?ie=UTF8&spc=MTo4NDg5Njg3MzMxNzgzNTIxOjE3MzM2ODY1MTI6c3BfYXRmX25leHQ6MzAwMTMyNDU0MzQzMzAyOjowOjo&url=%2FFOPETT-Wireless-Keyboard-Full-Sized-Keyboards%2Fdp%2FB0CTM9ZXRB%2Fref%3Dsr_1_81_sspa%3Fdib%3DeyJ2IjoiMSJ9.rocI-xeRI1WU9d2EBxV9t-W6vAr8bXeuWx9HB5QWp5DTfCBdVDqz2U5fks41t3BIRbSimoLQI_RcM9cQXcECvLi_kO0JUHA47TVBMW5eIFlGOBefhbisBWEYVpR2miz-cKa0seR-fkGd22SzBDw9Zt2p3RjfrS_gwzj4qcCVpeSBsznOQXEuKvJpD5GOxQ8XTLaNbXsVUjCeyLr3fKQ-dBT8Ra4jKhHNkzZrOfwBdH0.zubnZgj9iy1CkXhS4Q3wM7spA-0AFWL5CWl_6Xra7C4%26dib_tag%3Dse%26keywords%3Dwireless%2Bkeyboard%26qid%3D1733686512%26sr%3D8-81-spons%26sp_csd%3Dd2lkZ2V0TmFtZT1zcF9hdGZfbmV4dA%26psc%3D1
"FOPETT Keyboard and Mouse Sets, Wireless, Reliable 2.4 GHz Connectivity for PC,Laptop,Smart TV and More (Black Colorful)",$39.99,4.3,2868.0,https://www.amazon.com/sspa/click?ie=UTF8&spc=MTo4NDg5Njg3MzMxNzgzNTIxOjE3MzM2ODY1MTI6c3BfYXRmX25leHQ6MzAwMjA2OTA3MTUxNTAyOjowOjo&url=%2FSADES-Keyboard-Wireless-Reliable-Connectivity%2Fdp%2FB08T8V5ZQS%2Fref%3Dsr_1_82_sspa%3Fdib%3DeyJ2IjoiMSJ9.rocI-xeRI1WU9d2EBxV9t-W6vAr8bXeuWx9HB5QWp5DTfCBdVDqz2U5fks41t3BIRbSimoLQI_RcM9cQXcECvLi_kO0JUHA47TVBMW5eIFlGOBefhbisBWEYVpR2miz-cKa0seR-fkGd22SzBDw9Zt2p3RjfrS_gwzj4qcCVpeSBsznOQXEuKvJpD5GOxQ8XTLaNbXsVUjCeyLr3fKQ-dBT8Ra4jKhHNkzZrOfwBdH0.zubnZgj9iy1CkXhS4Q3wM7spA-0AFWL5CWl_6Xra7C4%26dib_tag%3Dse%26keywords%3Dwireless%2Bkeyboard%26qid%3D1733686512%26sr%3D8-82-spons%26sp_csd%3Dd2lkZ2V0TmFtZT1zcF9hdGZfbmV4dA%26psc%3D1
Arteck HB192 Universal Bluetooth Keyboard Multi-Device Stainless Steel Full Size Wireless Keyboard for Windows iOS Android Computer Desktop Laptop Surface Tablet Smartphone Rechargeable Battery,$34.99,4.3,5222.0,https://www.amazon.com/Arteck-Universal-Multi-Device-Smartphone-Rechargeable/dp/B07VN47CYW/ref=sr_1_83?dib=eyJ2IjoiMSJ9.rocI-xeRI1WU9d2EBxV9t-W6vAr8bXeuWx9HB5QWp5DTfCBdVDqz2U5fks41t3BIRbSimoLQI_RcM9cQXcECvLi_kO0JUHA47TVBMW5eIFlGOBefhbisBWEYVpR2miz-cKa0seR-fkGd22SzBDw9Zt2p3RjfrS_gwzj4qcCVpeSBsznOQXEuKvJpD5GOxQ8XTLaNbXsVUjCeyLr3fKQ-dBT8Ra4jKhHNkzZrOfwBdH0.zubnZgj9iy1CkXhS4Q3wM7spA-0AFWL5CWl_6Xra7C4&dib_tag=se&keywords=wireless+keyboard&qid=1733686512&sr=8-83
"NPET K11 Wireless Gaming Keyboard, Rechargeable Backlit Ergonomic Water-Resistant Keyboard, 2.4G Wireless Ultra-Slim Full Size Rainbow LED Backlit Keyboard, Purple",$33.99,4.6,1509.0,https://www.amazon.com/NPET-K11-Rechargeable-Water-Resistant-Ultra-Slim/dp/B0D25XVDJ1/ref=sr_1_84?dib=eyJ2IjoiMSJ9.rocI-xeRI1WU9d2EBxV9t-W6vAr8bXeuWx9HB5QWp5DTfCBdVDqz2U5fks41t3BIRbSimoLQI_RcM9cQXcECvLi_kO0JUHA47TVBMW5eIFlGOBefhbisBWEYVpR2miz-cKa0seR-fkGd22SzBDw9Zt2p3RjfrS_gwzj4qcCVpeSBsznOQXEuKvJpD5GOxQ8XTLaNbXsVUjCeyLr3fKQ-dBT8Ra4jKhHNkzZrOfwBdH0.zubnZgj9iy1CkXhS4Q3wM7spA-0AFWL5CWl_6Xra7C4&dib_tag=se&keywords=wireless+keyboard&qid=1733686512&sr=8-84
Razer BlackWidow V3 Mini HyperSpeed 65% Wireless Mechanical Gaming Keyboard: HyperSpeed Wireless Technology - Green Mechanical Switches- Tactile & Clicky - Doubleshot ABS keycaps - 200Hrs Battery Life,$78.00,3.9,10.0,https://www.amazon.com/Razer-BlackWidow-HyperSpeed-Wireless-Mechanical/dp/B09L7SHB7G/ref=sr_1_85?dib=eyJ2IjoiMSJ9.rocI-xeRI1WU9d2EBxV9t-W6vAr8bXeuWx9HB5QWp5DTfCBdVDqz2U5fks41t3BIRbSimoLQI_RcM9cQXcECvLi_kO0JUHA47TVBMW5eIFlGOBefhbisBWEYVpR2miz-cKa0seR-fkGd22SzBDw9Zt2p3RjfrS_gwzj4qcCVpeSBsznOQXEuKvJpD5GOxQ8XTLaNbXsVUjCeyLr3fKQ-dBT8Ra4jKhHNkzZrOfwBdH0.zubnZgj9iy1CkXhS4Q3wM7spA-0AFWL5CWl_6Xra7C4&dib_tag=se&keywords=wireless+keyboard&qid=1733686512&sr=8-85
"Wireless Keyboard Mouse Combo, 2.4GHz Receiver，Ergonomic Wireless Keyboard and Mouse with Palm Rest，Adjustable DPI，Compatibility with PC, Laptop, MacBook, Windows",$19.99,3.9,88.0,https://www.amazon.com/Wireless-Keyboard-Receiver%EF%BC%8CErgonomic-Rest%EF%BC%8CAdjustable-DPI%EF%BC%8CCompatibility/dp/B0CSK5FVJG/ref=sr_1_86?dib=eyJ2IjoiMSJ9.rocI-xeRI1WU9d2EBxV9t-W6vAr8bXeuWx9HB5QWp5DTfCBdVDqz2U5fks41t3BIRbSimoLQI_RcM9cQXcECvLi_kO0JUHA47TVBMW5eIFlGOBefhbisBWEYVpR2miz-cKa0seR-fkGd22SzBDw9Zt2p3RjfrS_gwzj4qcCVpeSBsznOQXEuKvJpD5GOxQ8XTLaNbXsVUjCeyLr3fKQ-dBT8Ra4jKhHNkzZrOfwBdH0.zubnZgj9iy1CkXhS4Q3wM7spA-0AFWL5CWl_6Xra7C4&dib_tag=se&keywords=wireless+keyboard&qid=1733686512&sr=8-86
"Redragon K503 Wireless Gaming Keyboard, RGB LED Backlit, Multimedia Keys, Silent Membrane Keyboard with Wrist Rest for Windows PC Games (Black)",$42.99,4.3,2919.0,https://www.amazon.com/Redragon-Wireless-Keyboard-Multimedia-Membrane/dp/B08CFPXPB7/ref=sr_1_87?dib=eyJ2IjoiMSJ9.rocI-xeRI1WU9d2EBxV9t-W6vAr8bXeuWx9HB5QWp5DTfCBdVDqz2U5fks41t3BIRbSimoLQI_RcM9cQXcECvLi_kO0JUHA47TVBMW5eIFlGOBefhbisBWEYVpR2miz-cKa0seR-fkGd22SzBDw9Zt2p3RjfrS_gwzj4qcCVpeSBsznOQXEuKvJpD5GOxQ8XTLaNbXsVUjCeyLr3fKQ-dBT8Ra4jKhHNkzZrOfwBdH0.zubnZgj9iy1CkXhS4Q3wM7spA-0AFWL5CWl_6Xra7C4&dib_tag=se&keywords=wireless+keyboard&qid=1733686512&sr=8-87
"Redragon K660RGB-PRO (K556 TKL) Wireless Gaming Keyboard, 80% 87 Keys BT/2.4Ghz Tri-Mode Aluminum Mechanical Keyboard w/Mac Function Keys, Hot-Swap Sockets & Noise Absorbing Form, Red Switch",$69.99,4.4,105.0,https://www.amazon.com/Redragon-K556-PRO-Mechanical-Absorbing/dp/B0CPXKV6RR/ref=sr_1_88?dib=eyJ2IjoiMSJ9.rocI-xeRI1WU9d2EBxV9t-W6vAr8bXeuWx9HB5QWp5DTfCBdVDqz2U5fks41t3BIRbSimoLQI_RcM9cQXcECvLi_kO0JUHA47TVBMW5eIFlGOBefhbisBWEYVpR2miz-cKa0seR-fkGd22SzBDw9Zt2p3RjfrS_gwzj4qcCVpeSBsznOQXEuKvJpD5GOxQ8XTLaNbXsVUjCeyLr3fKQ-dBT8Ra4jKhHNkzZrOfwBdH0.zubnZgj9iy1CkXhS4Q3wM7spA-0AFWL5CWl_6Xra7C4&dib_tag=se&keywords=wireless+keyboard&qid=1733686512&sr=8-88
"Logitech G413 SE Full-Size Mechanical Gaming Keyboard - Backlit Keyboard with Tactile Mechanical Switches, Anti-Ghosting, Compatible with Windows, macOS - Black Aluminum",$56.09,4.6,1701.0,https://www.amazon.com/Logitech-Full-Size-Mechanical-Anti-Ghosting-Keys-White/dp/B08Z6X4NK3/ref=sr_1_89?dib=eyJ2IjoiMSJ9.rocI-xeRI1WU9d2EBxV9t-W6vAr8bXeuWx9HB5QWp5DTfCBdVDqz2U5fks41t3BIRbSimoLQI_RcM9cQXcECvLi_kO0JUHA47TVBMW5eIFlGOBefhbisBWEYVpR2miz-cKa0seR-fkGd22SzBDw9Zt2p3RjfrS_gwzj4qcCVpeSBsznOQXEuKvJpD5GOxQ8XTLaNbXsVUjCeyLr3fKQ-dBT8Ra4jKhHNkzZrOfwBdH0.zubnZgj9iy1CkXhS4Q3wM7spA-0AFWL5CWl_6Xra7C4&dib_tag=se&keywords=wireless+keyboard&qid=1733686512&sr=8-89
"Corsair K65 Plus Wireless 75% RGB Mechanical Gaming Keyboard – Pre-Lubricated MLX Red Linear Switches – PBT Dye-Sub Keycaps – PC, Mac, PS5, PS4, Xbox, iPad – QWERTY NA – Black/Gray",$149.82,4.4,189.0,https://www.amazon.com/Corsair-Wireless-Hot-Swappable-Mechanical-Keyboard/dp/B0CQ31VFT4/ref=sr_1_90?dib=eyJ2IjoiMSJ9.rocI-xeRI1WU9d2EBxV9t-W6vAr8bXeuWx9HB5QWp5DTfCBdVDqz2U5fks41t3BIRbSimoLQI_RcM9cQXcECvLi_kO0JUHA47TVBMW5eIFlGOBefhbisBWEYVpR2miz-cKa0seR-fkGd22SzBDw9Zt2p3RjfrS_gwzj4qcCVpeSBsznOQXEuKvJpD5GOxQ8XTLaNbXsVUjCeyLr3fKQ-dBT8Ra4jKhHNkzZrOfwBdH0.zubnZgj9iy1CkXhS4Q3wM7spA-0AFWL5CWl_6Xra7C4&dib_tag=se&keywords=wireless+keyboard&qid=1733686512&sr=8-90
"MOFII Wireless Keyboard and Mouse Set, Retro Full Size Typewriter Keyboard with Number Pad and Sport Car Mouse for PC Computer Desktop Laptop Windows (Blue Colorful)",$39.99,4.2,799.0,https://www.amazon.com/sspa/click?ie=UTF8&spc=MTo4NDg5Njg3MzMxNzgzNTIxOjE3MzM2ODY1MTI6c3BfbXRmOjMwMDUwNTkxMzUzODQwMjo6MDo6&url=%2FWireless-Keyboard-Typewriter-Computer-Colorful%2Fdp%2FB095LDN8G8%2Fref%3Dsr_1_91_sspa%3Fdib%3DeyJ2IjoiMSJ9.rocI-xeRI1WU9d2EBxV9t-W6vAr8bXeuWx9HB5QWp5DTfCBdVDqz2U5fks41t3BIRbSimoLQI_RcM9cQXcECvLi_kO0JUHA47TVBMW5eIFlGOBefhbisBWEYVpR2miz-cKa0seR-fkGd22SzBDw9Zt2p3RjfrS_gwzj4qcCVpeSBsznOQXEuKvJpD5GOxQ8XTLaNbXsVUjCeyLr3fKQ-dBT8Ra4jKhHNkzZrOfwBdH0.zubnZgj9iy1CkXhS4Q3wM7spA-0AFWL5CWl_6Xra7C4%26dib_tag%3Dse%26keywords%3Dwireless%2Bkeyboard%26qid%3D1733686512%26sr%3D8-91-spons%26sp_csd%3Dd2lkZ2V0TmFtZT1zcF9tdGY%26psc%3D1
"UBOTIE Colorful Computer Wireless Keyboard Mouse Combos, Typewriter Flexible Keys Office Full-Sized Keyboard, 2.4GHz Dropout-Free Connection and Optical Mouse (Black-Colorful)",$39.99,4.3,17102.0,https://www.amazon.com/sspa/click?ie=UTF8&spc=MTo4NDg5Njg3MzMxNzgzNTIxOjE3MzM2ODY1MTI6c3BfbXRmOjIwMDAzMTQ5MTU1OTQ2MTo6MDo6&url=%2FUBOTIE-Typewriter-Full-Sized-Dropout-Free-Black-Colorful%2Fdp%2FB087JCGH49%2Fref%3Dsr_1_92_sspa%3Fdib%3DeyJ2IjoiMSJ9.rocI-xeRI1WU9d2EBxV9t-W6vAr8bXeuWx9HB5QWp5DTfCBdVDqz2U5fks41t3BIRbSimoLQI_RcM9cQXcECvLi_kO0JUHA47TVBMW5eIFlGOBefhbisBWEYVpR2miz-cKa0seR-fkGd22SzBDw9Zt2p3RjfrS_gwzj4qcCVpeSBsznOQXEuKvJpD5GOxQ8XTLaNbXsVUjCeyLr3fKQ-dBT8Ra4jKhHNkzZrOfwBdH0.zubnZgj9iy1CkXhS4Q3wM7spA-0AFWL5CWl_6Xra7C4%26dib_tag%3Dse%26keywords%3Dwireless%2Bkeyboard%26qid%3D1733686512%26sr%3D8-92-spons%26sp_csd%3Dd2lkZ2V0TmFtZT1zcF9tdGY%26psc%3D1
"seenda Wireless Keyboard and Mouse Combo, 2.4GHz Wireless Quiet Keyboard Mouse with USB Receiver, Full Size Cute Wireless Keyboard Mouse Set for Windows Laptop Computer Desktop, Purple",$27.99,4.4,594.0,https://www.amazon.com/Wireless-Keyboard-Receiver-Ergonomic-Cordless/dp/B0BXWNY3YX/ref=sr_1_93?dib=eyJ2IjoiMSJ9.rocI-xeRI1WU9d2EBxV9t-W6vAr8bXeuWx9HB5QWp5DTfCBdVDqz2U5fks41t3BIRbSimoLQI_RcM9cQXcECvLi_kO0JUHA47TVBMW5eIFlGOBefhbisBWEYVpR2miz-cKa0seR-fkGd22SzBDw9Zt2p3RjfrS_gwzj4qcCVpeSBsznOQXEuKvJpD5GOxQ8XTLaNbXsVUjCeyLr3fKQ-dBT8Ra4jKhHNkzZrOfwBdH0.zubnZgj9iy1CkXhS4Q3wM7spA-0AFWL5CWl_6Xra7C4&dib_tag=se&keywords=wireless+keyboard&qid=1733686512&sr=8-93
"Wireless Keyboard and Mouse Combo - Round Keycaps, Full-Size Retro Typewriter Keyboard with Detachable Wrist Rest, Sleep Mode & Tilt Legs, 2.4GHz Cordless Connection for Mac/Windows/PC (Hot Pink)",$39.99,4.3,630.0,https://www.amazon.com/Wireless-Keyboard-Mouse-Combo-Pink-Colorful/dp/B0CQJV4BW3/ref=sr_1_94?dib=eyJ2IjoiMSJ9.rocI-xeRI1WU9d2EBxV9t-W6vAr8bXeuWx9HB5QWp5DTfCBdVDqz2U5fks41t3BIRbSimoLQI_RcM9cQXcECvLi_kO0JUHA47TVBMW5eIFlGOBefhbisBWEYVpR2miz-cKa0seR-fkGd22SzBDw9Zt2p3RjfrS_gwzj4qcCVpeSBsznOQXEuKvJpD5GOxQ8XTLaNbXsVUjCeyLr3fKQ-dBT8Ra4jKhHNkzZrOfwBdH0.zubnZgj9iy1CkXhS4Q3wM7spA-0AFWL5CWl_6Xra7C4&dib_tag=se&keywords=wireless+keyboard&qid=1733686512&sr=8-94
"Redragon K673 PRO 75% Wireless Gasket RGB Gaming Keyboard, 3-Modes 81 Keys Compact Mechanical Keyboard Hot-Swap Socket, Dedicated Knob Control and Sound Absorbing Pads, Linear Red Switch",$64.99,4.7,374.0,https://www.amazon.com/Redragon-K673-Mechanical-Dedicated-Absorbing/dp/B0CDX5XGLK/ref=sr_1_95?dib=eyJ2IjoiMSJ9.rocI-xeRI1WU9d2EBxV9t-W6vAr8bXeuWx9HB5QWp5DTfCBdVDqz2U5fks41t3BIRbSimoLQI_RcM9cQXcECvLi_kO0JUHA47TVBMW5eIFlGOBefhbisBWEYVpR2miz-cKa0seR-fkGd22SzBDw9Zt2p3RjfrS_gwzj4qcCVpeSBsznOQXEuKvJpD5GOxQ8XTLaNbXsVUjCeyLr3fKQ-dBT8Ra4jKhHNkzZrOfwBdH0.zubnZgj9iy1CkXhS4Q3wM7spA-0AFWL5CWl_6Xra7C4&dib_tag=se&keywords=wireless+keyboard&qid=1733686512&sr=8-95
"Wireless Keyboard and Mouse Combo, 2.4G Silent Cordless Keyboard Mouse Combo for Windows Chrome Laptop Computer PC Desktop, 106 Keys Full Size with Number Pad, 1600 DPI Optical Mouse (Black)",$21.99,4.2,2579.0,https://www.amazon.com/Wireless-Keyboard-Cordless-Windows-Computer/dp/B0B1BQNCPR/ref=sr_1_96?dib=eyJ2IjoiMSJ9.rocI-xeRI1WU9d2EBxV9t-W6vAr8bXeuWx9HB5QWp5DTfCBdVDqz2U5fks41t3BIRbSimoLQI_RcM9cQXcECvLi_kO0JUHA47TVBMW5eIFlGOBefhbisBWEYVpR2miz-cKa0seR-fkGd22SzBDw9Zt2p3RjfrS_gwzj4qcCVpeSBsznOQXEuKvJpD5GOxQ8XTLaNbXsVUjCeyLr3fKQ-dBT8Ra4jKhHNkzZrOfwBdH0.zubnZgj9iy1CkXhS4Q3wM7spA-0AFWL5CWl_6Xra7C4&dib_tag=se&keywords=wireless+keyboard&qid=1733686512&sr=8-96
"RK ROYAL KLUDGE RK96 RGB Limited Ed, 90% 96 Keys Wireless Triple Mode BT5.0/2.4G/USB-C Hot Swappable Mechanical Keyboard w/Wrist Rest, Software Support & Massive Battery, RK Yellow Switch",$89.99,4.6,509.0,https://www.amazon.com/RK-ROYAL-KLUDGE-RK96-Mechanical/dp/B0BQ732228/ref=sr_1_97?dib=eyJ2IjoiMSJ9.rocI-xeRI1WU9d2EBxV9t-W6vAr8bXeuWx9HB5QWp5DTfCBdVDqz2U5fks41t3BIRbSimoLQI_RcM9cQXcECvLi_kO0JUHA47TVBMW5eIFlGOBefhbisBWEYVpR2miz-cKa0seR-fkGd22SzBDw9Zt2p3RjfrS_gwzj4qcCVpeSBsznOQXEuKvJpD5GOxQ8XTLaNbXsVUjCeyLr3fKQ-dBT8Ra4jKhHNkzZrOfwBdH0.zubnZgj9iy1CkXhS4Q3wM7spA-0AFWL5CWl_6Xra7C4&dib_tag=se&keywords=wireless+keyboard&qid=1733686512&sr=8-97
"RK ROYAL KLUDGE S98 Mechanical Keyboard w/Smart Display & Knob, Top Mount 96% Wireless Mechanical Keyboard BT/2.4G/USB-C, Hot Swappable, Software Support, Creamy Sounding, 98 Keys",$99.99,4.6,688.0,https://www.amazon.com/RK-ROYAL-KLUDGE-Mechanical-Swappable/dp/B0CQ2MSP2B/ref=sr_1_98?dib=eyJ2IjoiMSJ9.rocI-xeRI1WU9d2EBxV9t-W6vAr8bXeuWx9HB5QWp5DTfCBdVDqz2U5fks41t3BIRbSimoLQI_RcM9cQXcECvLi_kO0JUHA47TVBMW5eIFlGOBefhbisBWEYVpR2miz-cKa0seR-fkGd22SzBDw9Zt2p3RjfrS_gwzj4qcCVpeSBsznOQXEuKvJpD5GOxQ8XTLaNbXsVUjCeyLr3fKQ-dBT8Ra4jKhHNkzZrOfwBdH0.zubnZgj9iy1CkXhS4Q3wM7spA-0AFWL5CWl_6Xra7C4&dib_tag=se&keywords=wireless+keyboard&qid=1733686512&sr=8-98
"Redragon K668 RGB Gaming Keyboard, 104 Keys + Extra 4 Hotkeys Wired Mechanical Keyboard w/Sound Absorbing Foams, Upgraded Hot-swappable Socket, Mixed Color Keycaps x 2 Sets, Red Switch",$49.99,4.7,420.0,https://www.amazon.com/Redragon-K668-Mechanical-Absorbing-Hot-swappable/dp/B0CDWP1D58/ref=sr_1_99?dib=eyJ2IjoiMSJ9.rocI-xeRI1WU9d2EBxV9t-W6vAr8bXeuWx9HB5QWp5DTfCBdVDqz2U5fks41t3BIRbSimoLQI_RcM9cQXcECvLi_kO0JUHA47TVBMW5eIFlGOBefhbisBWEYVpR2miz-cKa0seR-fkGd22SzBDw9Zt2p3RjfrS_gwzj4qcCVpeSBsznOQXEuKvJpD5GOxQ8XTLaNbXsVUjCeyLr3fKQ-dBT8Ra4jKhHNkzZrOfwBdH0.zubnZgj9iy1CkXhS4Q3wM7spA-0AFWL5CWl_6Xra7C4&dib_tag=se&keywords=wireless+keyboard&qid=1733686512&sr=8-99
"Wireless Keyboard Mouse Combo, USB Type C Rechargeable Slim Silent White Keyboard Mouse, Compact Full-Size Keyboard with Number Pad for Windows and macOS, PC/Computer/Laptop (Keyboard Cover Included)",$36.31,4.7,75.0,https://www.amazon.com/Wireless-Keyboard-Mouse-Rechargeable-Full-Size/dp/B0D4TD7BW9/ref=sr_1_100?dib=eyJ2IjoiMSJ9.rocI-xeRI1WU9d2EBxV9t-W6vAr8bXeuWx9HB5QWp5DTfCBdVDqz2U5fks41t3BIRbSimoLQI_RcM9cQXcECvLi_kO0JUHA47TVBMW5eIFlGOBefhbisBWEYVpR2miz-cKa0seR-fkGd22SzBDw9Zt2p3RjfrS_gwzj4qcCVpeSBsznOQXEuKvJpD5GOxQ8XTLaNbXsVUjCeyLr3fKQ-dBT8Ra4jKhHNkzZrOfwBdH0.zubnZgj9iy1CkXhS4Q3wM7spA-0AFWL5CWl_6Xra7C4&dib_tag=se&keywords=wireless+keyboard&qid=1733686512&sr=8-100
"Wireless Keyboard and Mouse Combo Backlit,2.4Ghz Rechargeable Light Up Keyboard and RGB Mouse,Quiet Ergonomic Wireless Mouse Keyboard for Mac, Windows, Laptop, PC (Black)",$29.99,4.2,182.0,https://www.amazon.com/sspa/click?ie=UTF8&spc=MTo4NDg5Njg3MzMxNzgzNTIxOjE3MzM2ODY1MTI6c3BfYnRmOjMwMDA4OTIzMzUwNTUwMjo6MDo6&url=%2FWireless-Combo-Backlit-Full-Size-Rechargeable-Ergonomic%2Fdp%2FB0CGD833C2%2Fref%3Dsr_1_101_sspa%3Fdib%3DeyJ2IjoiMSJ9.rocI-xeRI1WU9d2EBxV9t-W6vAr8bXeuWx9HB5QWp5DTfCBdVDqz2U5fks41t3BIRbSimoLQI_RcM9cQXcECvLi_kO0JUHA47TVBMW5eIFlGOBefhbisBWEYVpR2miz-cKa0seR-fkGd22SzBDw9Zt2p3RjfrS_gwzj4qcCVpeSBsznOQXEuKvJpD5GOxQ8XTLaNbXsVUjCeyLr3fKQ-dBT8Ra4jKhHNkzZrOfwBdH0.zubnZgj9iy1CkXhS4Q3wM7spA-0AFWL5CWl_6Xra7C4%26dib_tag%3Dse%26keywords%3Dwireless%2Bkeyboard%26qid%3D1733686512%26sr%3D8-101-spons%26sp_csd%3Dd2lkZ2V0TmFtZT1zcF9idGY%26psc%3D1
"Rapoo 9010M Multi-Device Keyboard and Mouse Combo, 2.4GHz/Bluetooth 5.0/4.0 Wireless Keyboard & Mouse Set for Windows/Mac/Linux/Chrome, Support 4 Devices, Low-Profile Silent Click, Battery Powered",$19.99,4.2,119.0,https://www.amazon.com/sspa/click?ie=UTF8&spc=MTo4NDg5Njg3MzMxNzgzNTIxOjE3MzM2ODY1MTI6c3BfYnRmOjMwMDQwMDg2OTMzMTYwMjo6MDo6&url=%2FRapoo-9010M-Multi-Device-Bluetooth-Low-Profile%2Fdp%2FB0CX4LBN35%2Fref%3Dsr_1_102_sspa%3Fdib%3DeyJ2IjoiMSJ9.rocI-xeRI1WU9d2EBxV9t-W6vAr8bXeuWx9HB5QWp5DTfCBdVDqz2U5fks41t3BIRbSimoLQI_RcM9cQXcECvLi_kO0JUHA47TVBMW5eIFlGOBefhbisBWEYVpR2miz-cKa0seR-fkGd22SzBDw9Zt2p3RjfrS_gwzj4qcCVpeSBsznOQXEuKvJpD5GOxQ8XTLaNbXsVUjCeyLr3fKQ-dBT8Ra4jKhHNkzZrOfwBdH0.zubnZgj9iy1CkXhS4Q3wM7spA-0AFWL5CWl_6Xra7C4%26dib_tag%3Dse%26keywords%3Dwireless%2Bkeyboard%26qid%3D1733686512%26sr%3D8-102-spons%26sp_csd%3Dd2lkZ2V0TmFtZT1zcF9idGY%26psc%3D1
"Computer Keyboard Wired, Plug and Play USB Retro Round Typewriter Keyboard, Full Size Wired Keyboard with Foldable Stands for Laptop and Office PC- Purple Colorful",$29.99,4.6,672.0,https://www.amazon.com/sspa/click?ie=UTF8&spc=MTo1OTQxNDUzODg0NDczMDUyOjE3MzM2ODY1Mjc6c3BfYXRmX25leHQ6MzAwMTQyMjgzNDE2MzAyOjowOjo&url=%2FMOWUX-Computer-Keyboard-Typewriter-Foldable%2Fdp%2FB0C7K7T4TY%2Fref%3Dsr_1_97_sspa%3Fdib%3DeyJ2IjoiMSJ9.4D1jeRROYQ73hbMfv6HjMFKwtbnJOagKdIQIpDUgqkPwPMuA_074zfbXkiPbrpp4Mco7ZHniJftKeUEDoKffMAzANASU8UuXazeR6MqQDiMOBbP2ts8e9GK_EJjkpA_WTIAKqjy3zL0KzsCRSbuBLN4BEBuuJz48_jFjFWVCG9Egt7EjlyKtk7eTe7QcINEAsIdPusBlmE69-bty4_I8uQNykkVwQ9SRA6A9DvnoK50.USwiGh9j-jM_Yl3SYvDVKiaRN9x-EVvj3CCM_hsQcd8%26dib_tag%3Dse%26keywords%3Dwireless%2Bkeyboard%26qid%3D1733686527%26sr%3D8-97-spons%26sp_csd%3Dd2lkZ2V0TmFtZT1zcF9hdGZfbmV4dA%26psc%3D1
"TECKNET Wireless Keyboard and Mouse Combo, Mini Cordless Computer Keyboard and Mouse Set 2.4GHz, Silent Adjustable 1600 DPI, Quiet Click, Lag-Free for Computer, Laptop, PC, Windows, Mac, Chrome OS",$22.99,4.4,2581.0,https://www.amazon.com/TECKNET-Wireless-Keyboard-Cordless-Adjustable/dp/B0CQP9GK47/ref=sr_1_99?dib=eyJ2IjoiMSJ9.4D1jeRROYQ73hbMfv6HjMFKwtbnJOagKdIQIpDUgqkPwPMuA_074zfbXkiPbrpp4Mco7ZHniJftKeUEDoKffMAzANASU8UuXazeR6MqQDiMOBbP2ts8e9GK_EJjkpA_WTIAKqjy3zL0KzsCRSbuBLN4BEBuuJz48_jFjFWVCG9Egt7EjlyKtk7eTe7QcINEAsIdPusBlmE69-bty4_I8uQNykkVwQ9SRA6A9DvnoK50.USwiGh9j-jM_Yl3SYvDVKiaRN9x-EVvj3CCM_hsQcd8&dib_tag=se&keywords=wireless+keyboard&qid=1733686527&sr=8-99
"Wireless Keyboard and Mouse Combo, EDJO 2.4G Full-Sized Ergonomic Computer Keyboard with Wrist Rest and 3 Level DPI Adjustable Wireless Mouse for Windows, Mac OS Desktop/Laptop/PC",$34.99,4.2,5175.0,https://www.amazon.com/Wireless-EDJO-Full-Sized-Ergonomic-Adjustable/dp/B08PBVDQKG/ref=sr_1_100?dib=eyJ2IjoiMSJ9.4D1jeRROYQ73hbMfv6HjMFKwtbnJOagKdIQIpDUgqkPwPMuA_074zfbXkiPbrpp4Mco7ZHniJftKeUEDoKffMAzANASU8UuXazeR6MqQDiMOBbP2ts8e9GK_EJjkpA_WTIAKqjy3zL0KzsCRSbuBLN4BEBuuJz48_jFjFWVCG9Egt7EjlyKtk7eTe7QcINEAsIdPusBlmE69-bty4_I8uQNykkVwQ9SRA6A9DvnoK50.USwiGh9j-jM_Yl3SYvDVKiaRN9x-EVvj3CCM_hsQcd8&dib_tag=se&keywords=wireless+keyboard&qid=1733686527&sr=8-100
"Wireless Keyboard and Mouse Combo, Retro Round Keycaps, Cute Full-Size Typewriter Keyboard with Phone Holder, Sleep Mode, Click Soft, 2.4GHz Cordless Connection for Windows/PC/Laptop (Pink-Colorful)",$36.99,4.4,218.0,https://www.amazon.com/Wireless-Full-Size-Typewriter-Connection-Pink-Colorful/dp/B0CYSMFRNL/ref=sr_1_101?dib=eyJ2IjoiMSJ9.4D1jeRROYQ73hbMfv6HjMFKwtbnJOagKdIQIpDUgqkPwPMuA_074zfbXkiPbrpp4Mco7ZHniJftKeUEDoKffMAzANASU8UuXazeR6MqQDiMOBbP2ts8e9GK_EJjkpA_WTIAKqjy3zL0KzsCRSbuBLN4BEBuuJz48_jFjFWVCG9Egt7EjlyKtk7eTe7QcINEAsIdPusBlmE69-bty4_I8uQNykkVwQ9SRA6A9DvnoK50.USwiGh9j-jM_Yl3SYvDVKiaRN9x-EVvj3CCM_hsQcd8&dib_tag=se&keywords=wireless+keyboard&qid=1733686527&sr=8-101
Arteck 2.4G Wireless Keyboard and Mouse Combo Stainless Steel Ultra Slim Full Size Keyboard and Ergonomic Mice for Computer Desktop PC Laptop and Windows 11/10/8 Build in Rechargeable Battery,$39.99,4.4,4363.0,https://www.amazon.com/Arteck-Wireless-Stainless-Ergonomic-Rechargeable/dp/B07VL8N7NX/ref=sr_1_102?dib=eyJ2IjoiMSJ9.4D1jeRROYQ73hbMfv6HjMFKwtbnJOagKdIQIpDUgqkPwPMuA_074zfbXkiPbrpp4Mco7ZHniJftKeUEDoKffMAzANASU8UuXazeR6MqQDiMOBbP2ts8e9GK_EJjkpA_WTIAKqjy3zL0KzsCRSbuBLN4BEBuuJz48_jFjFWVCG9Egt7EjlyKtk7eTe7QcINEAsIdPusBlmE69-bty4_I8uQNykkVwQ9SRA6A9DvnoK50.USwiGh9j-jM_Yl3SYvDVKiaRN9x-EVvj3CCM_hsQcd8&dib_tag=se&keywords=wireless+keyboard&qid=1733686527&sr=8-102
"Wireless Keyboard and Mouse Combo - 7Color Backlit, Wrist Rest, Rechargeable, Silent Light Up Keys, Ergonomic Full Size with Phone Holder for Windows, Mac, PC, Laptop, PC - Trueque (Black)",$39.99,4.1,172.0,https://www.amazon.com/Wireless-Keyboard-Mouse-Combo-Rechargeable/dp/B0DCJPZ9FX/ref=sr_1_103?dib=eyJ2IjoiMSJ9.4D1jeRROYQ73hbMfv6HjMFKwtbnJOagKdIQIpDUgqkPwPMuA_074zfbXkiPbrpp4Mco7ZHniJftKeUEDoKffMAzANASU8UuXazeR6MqQDiMOBbP2ts8e9GK_EJjkpA_WTIAKqjy3zL0KzsCRSbuBLN4BEBuuJz48_jFjFWVCG9Egt7EjlyKtk7eTe7QcINEAsIdPusBlmE69-bty4_I8uQNykkVwQ9SRA6A9DvnoK50.USwiGh9j-jM_Yl3SYvDVKiaRN9x-EVvj3CCM_hsQcd8&dib_tag=se&keywords=wireless+keyboard&qid=1733686527&sr=8-103
"Wireless Keyboard and Mouse Combo for Windows, 2.4G Full-Sized External Cordless Computer Keyboard Mouse Combo for Laptop PC Desktop Chrome Mac, Number Pad 1600 DPI Silent Mouse USB Receiver (Black)",$16.99,4.3,632.0,https://www.amazon.com/Wireless-Keyboard-Full-Sized-External-Cordless/dp/B0BZYVZV65/ref=sr_1_104?dib=eyJ2IjoiMSJ9.4D1jeRROYQ73hbMfv6HjMFKwtbnJOagKdIQIpDUgqkPwPMuA_074zfbXkiPbrpp4Mco7ZHniJftKeUEDoKffMAzANASU8UuXazeR6MqQDiMOBbP2ts8e9GK_EJjkpA_WTIAKqjy3zL0KzsCRSbuBLN4BEBuuJz48_jFjFWVCG9Egt7EjlyKtk7eTe7QcINEAsIdPusBlmE69-bty4_I8uQNykkVwQ9SRA6A9DvnoK50.USwiGh9j-jM_Yl3SYvDVKiaRN9x-EVvj3CCM_hsQcd8&dib_tag=se&keywords=wireless+keyboard&qid=1733686527&sr=8-104
"Wireless Keyboard and Mouse Combo,LIZRROT Ergonomic Computer Keyboard with Wrist Rest,2.4GHz Full-Sized Silent Mouse and Keyboard Combo with Phone Holder for Window, PC, Laptop",$29.99,4.1,133.0,https://www.amazon.com/Wireless-Keyboard-LIZRROT-Ergonomic-Full-Sized/dp/B0CPPN4TTX/ref=sr_1_105?dib=eyJ2IjoiMSJ9.4D1jeRROYQ73hbMfv6HjMFKwtbnJOagKdIQIpDUgqkPwPMuA_074zfbXkiPbrpp4Mco7ZHniJftKeUEDoKffMAzANASU8UuXazeR6MqQDiMOBbP2ts8e9GK_EJjkpA_WTIAKqjy3zL0KzsCRSbuBLN4BEBuuJz48_jFjFWVCG9Egt7EjlyKtk7eTe7QcINEAsIdPusBlmE69-bty4_I8uQNykkVwQ9SRA6A9DvnoK50.USwiGh9j-jM_Yl3SYvDVKiaRN9x-EVvj3CCM_hsQcd8&dib_tag=se&keywords=wireless+keyboard&qid=1733686527&sr=8-105
"HyperX Alloy Rise 75 Wireless – Hot-Swappable 75% Mechanical Gaming Keyboard, PC, Up to 80 Hours Backlighting On, Dual Wireless 2.4GHz & Bluetooth",$206.99,4.6,29.0,https://www.amazon.com/HyperX-Alloy-Rise-Wireless-Hot-Swappable/dp/B0DF9X9F4D/ref=sr_1_106?dib=eyJ2IjoiMSJ9.4D1jeRROYQ73hbMfv6HjMFKwtbnJOagKdIQIpDUgqkPwPMuA_074zfbXkiPbrpp4Mco7ZHniJftKeUEDoKffMAzANASU8UuXazeR6MqQDiMOBbP2ts8e9GK_EJjkpA_WTIAKqjy3zL0KzsCRSbuBLN4BEBuuJz48_jFjFWVCG9Egt7EjlyKtk7eTe7QcINEAsIdPusBlmE69-bty4_I8uQNykkVwQ9SRA6A9DvnoK50.USwiGh9j-jM_Yl3SYvDVKiaRN9x-EVvj3CCM_hsQcd8&dib_tag=se&keywords=wireless+keyboard&qid=1733686527&sr=8-106
FOPETT Wireless Keyboard and Mouse Combo - 2.4G Full-Sized Cute Colorful Retro Keyboard with Round Keycaps 104 Keys Typewriter Keyboard for Laptop/Windows/PC - Purple Colorful,$39.99,4.3,2868.0,https://www.amazon.com/sspa/click?ie=UTF8&spc=MTo1OTQxNDUzODg0NDczMDUyOjE3MzM2ODY1Mjc6c3BfbXRmOjMwMDE1NjU2NDM0ODYwMjo6MDo6&url=%2FFOPETT-Wireless-Keyboard-Mouse-Combo%2Fdp%2FB0CRXX94SY%2Fref%3Dsr_1_107_sspa%3Fdib%3DeyJ2IjoiMSJ9.4D1jeRROYQ73hbMfv6HjMFKwtbnJOagKdIQIpDUgqkPwPMuA_074zfbXkiPbrpp4Mco7ZHniJftKeUEDoKffMAzANASU8UuXazeR6MqQDiMOBbP2ts8e9GK_EJjkpA_WTIAKqjy3zL0KzsCRSbuBLN4BEBuuJz48_jFjFWVCG9Egt7EjlyKtk7eTe7QcINEAsIdPusBlmE69-bty4_I8uQNykkVwQ9SRA6A9DvnoK50.USwiGh9j-jM_Yl3SYvDVKiaRN9x-EVvj3CCM_hsQcd8%26dib_tag%3Dse%26keywords%3Dwireless%2Bkeyboard%26qid%3D1733686527%26sr%3D8-107-spons%26sp_csd%3Dd2lkZ2V0TmFtZT1zcF9tdGY%26psc%3D1
"Wireless Number Pads, Cute Colorful Numeric Keypad Numpad Portable 2.4 GHz Financial Accounting Number Keyboard Extensions, 18 Key Number Numpad for Laptop Desktop, PC (Pink)",$17.99,4.6,19.0,https://www.amazon.com/sspa/click?ie=UTF8&spc=MTo1OTQxNDUzODg0NDczMDUyOjE3MzM2ODY1Mjc6c3BfbXRmOjMwMDI4Nzk0MjE0NzMwMjo6MDo6&url=%2FMOWUX-Wireless-Financial-Accounting-Extensions%2Fdp%2FB0D5CYFDV3%2Fref%3Dsr_1_108_sspa%3Fdib%3DeyJ2IjoiMSJ9.4D1jeRROYQ73hbMfv6HjMFKwtbnJOagKdIQIpDUgqkPwPMuA_074zfbXkiPbrpp4Mco7ZHniJftKeUEDoKffMAzANASU8UuXazeR6MqQDiMOBbP2ts8e9GK_EJjkpA_WTIAKqjy3zL0KzsCRSbuBLN4BEBuuJz48_jFjFWVCG9Egt7EjlyKtk7eTe7QcINEAsIdPusBlmE69-bty4_I8uQNykkVwQ9SRA6A9DvnoK50.USwiGh9j-jM_Yl3SYvDVKiaRN9x-EVvj3CCM_hsQcd8%26dib_tag%3Dse%26keywords%3Dwireless%2Bkeyboard%26qid%3D1733686527%26sr%3D8-108-spons%26sp_csd%3Dd2lkZ2V0TmFtZT1zcF9tdGY%26psc%3D1
Razer Huntsman V3 Pro Esports Gaming Keyboard: Analog Optical Switches - Razer Snap Tap - Rapid Trigger - Adjustable Actuation - Media Keys & Dial - Doubleshot PBT Keycaps - Wrist Rest - Black,$229.99,4.2,341.0,https://www.amazon.com/Razer-Huntsman-Esports-Gaming-Keyboard/dp/B0CG7FQML2/ref=sr_1_109?dib=eyJ2IjoiMSJ9.4D1jeRROYQ73hbMfv6HjMFKwtbnJOagKdIQIpDUgqkPwPMuA_074zfbXkiPbrpp4Mco7ZHniJftKeUEDoKffMAzANASU8UuXazeR6MqQDiMOBbP2ts8e9GK_EJjkpA_WTIAKqjy3zL0KzsCRSbuBLN4BEBuuJz48_jFjFWVCG9Egt7EjlyKtk7eTe7QcINEAsIdPusBlmE69-bty4_I8uQNykkVwQ9SRA6A9DvnoK50.USwiGh9j-jM_Yl3SYvDVKiaRN9x-EVvj3CCM_hsQcd8&dib_tag=se&keywords=wireless+keyboard&qid=1733686527&sr=8-109
"OMOTON Bluetooth Keyboard for Mac, Compact Wireless Keyboard Compatible with MacBook Pro/Air, iMac, iMac Pro, Mac Mini, Mac Pro Laptop and PC (Silver)",$19.19,4.2,8450.0,https://www.amazon.com/Bluetooth-Keyboard-OMOTON-Wireless-Compatible/dp/B09899K4L6/ref=sr_1_110?dib=eyJ2IjoiMSJ9.4D1jeRROYQ73hbMfv6HjMFKwtbnJOagKdIQIpDUgqkPwPMuA_074zfbXkiPbrpp4Mco7ZHniJftKeUEDoKffMAzANASU8UuXazeR6MqQDiMOBbP2ts8e9GK_EJjkpA_WTIAKqjy3zL0KzsCRSbuBLN4BEBuuJz48_jFjFWVCG9Egt7EjlyKtk7eTe7QcINEAsIdPusBlmE69-bty4_I8uQNykkVwQ9SRA6A9DvnoK50.USwiGh9j-jM_Yl3SYvDVKiaRN9x-EVvj3CCM_hsQcd8&dib_tag=se&keywords=wireless+keyboard&qid=1733686527&sr=8-110
"Wireless Keyboard and Mouse, KOOTOP Cute Keyboard and Mouse, 2.4G Wireless Keyboard with Retro Round Keycap for PC, Mac, Laptop,Computer Windows (Milk Tea)",$31.99,4.3,1876.0,https://www.amazon.com/Wireless-Keyboard-Dropout-Free-Connection-Compatible/dp/B0B4JYRFKM/ref=sr_1_111?dib=eyJ2IjoiMSJ9.4D1jeRROYQ73hbMfv6HjMFKwtbnJOagKdIQIpDUgqkPwPMuA_074zfbXkiPbrpp4Mco7ZHniJftKeUEDoKffMAzANASU8UuXazeR6MqQDiMOBbP2ts8e9GK_EJjkpA_WTIAKqjy3zL0KzsCRSbuBLN4BEBuuJz48_jFjFWVCG9Egt7EjlyKtk7eTe7QcINEAsIdPusBlmE69-bty4_I8uQNykkVwQ9SRA6A9DvnoK50.USwiGh9j-jM_Yl3SYvDVKiaRN9x-EVvj3CCM_hsQcd8&dib_tag=se&keywords=wireless+keyboard&qid=1733686527&sr=8-111
Wireless Keyboard and Mouse Combo - Full Size Slim Thin Wireless Keyboard Mouse with Numeric Keypad 2.4G Stable Connection Adjustable DPI (White & Silver),$33.96,4.3,9954.0,https://www.amazon.com/Wireless-Keyboard-Mouse-Combo-Connection/dp/B07L2LS9SK/ref=sr_1_112?dib=eyJ2IjoiMSJ9.4D1jeRROYQ73hbMfv6HjMFKwtbnJOagKdIQIpDUgqkPwPMuA_074zfbXkiPbrpp4Mco7ZHniJftKeUEDoKffMAzANASU8UuXazeR6MqQDiMOBbP2ts8e9GK_EJjkpA_WTIAKqjy3zL0KzsCRSbuBLN4BEBuuJz48_jFjFWVCG9Egt7EjlyKtk7eTe7QcINEAsIdPusBlmE69-bty4_I8uQNykkVwQ9SRA6A9DvnoK50.USwiGh9j-jM_Yl3SYvDVKiaRN9x-EVvj3CCM_hsQcd8&dib_tag=se&keywords=wireless+keyboard&qid=1733686527&sr=8-112
FD 2.4GHz Wireless Keyboard and Mouse Set with Switch Button - Full-Size Keyboard - Compatible for Windows/Laptop/PC/Notebook/Smart TV and More - Light Pink Colorful,$38.99,3.9,43.0,https://www.amazon.com/FOPETT-2-4GHz-Wireless-Keyboard-Switch/dp/B0CMTQ95X3/ref=sr_1_113?dib=eyJ2IjoiMSJ9.4D1jeRROYQ73hbMfv6HjMFKwtbnJOagKdIQIpDUgqkPwPMuA_074zfbXkiPbrpp4Mco7ZHniJftKeUEDoKffMAzANASU8UuXazeR6MqQDiMOBbP2ts8e9GK_EJjkpA_WTIAKqjy3zL0KzsCRSbuBLN4BEBuuJz48_jFjFWVCG9Egt7EjlyKtk7eTe7QcINEAsIdPusBlmE69-bty4_I8uQNykkVwQ9SRA6A9DvnoK50.USwiGh9j-jM_Yl3SYvDVKiaRN9x-EVvj3CCM_hsQcd8&dib_tag=se&keywords=wireless+keyboard&qid=1733686527&sr=8-113
"Logitech G213 Prodigy Gaming Keyboard, LIGHTSYNC RGB Backlit Keys, Spill-Resistant, Customizable Keys, Dedicated Multi-Media Keys – Black",$39.99,4.5,6183.0,https://www.amazon.com/Logitech-LIGHTSYNC-Spill-Resistant-Customizable-Multi-Media/dp/B07QGHK6Q8/ref=sr_1_114?dib=eyJ2IjoiMSJ9.4D1jeRROYQ73hbMfv6HjMFKwtbnJOagKdIQIpDUgqkPwPMuA_074zfbXkiPbrpp4Mco7ZHniJftKeUEDoKffMAzANASU8UuXazeR6MqQDiMOBbP2ts8e9GK_EJjkpA_WTIAKqjy3zL0KzsCRSbuBLN4BEBuuJz48_jFjFWVCG9Egt7EjlyKtk7eTe7QcINEAsIdPusBlmE69-bty4_I8uQNykkVwQ9SRA6A9DvnoK50.USwiGh9j-jM_Yl3SYvDVKiaRN9x-EVvj3CCM_hsQcd8&dib_tag=se&keywords=wireless+keyboard&qid=1733686527&sr=8-114
"Wireless Keyboard and Mouse Combo, EDJO Silent Full Size USB Keyboard Mouse, Long Battery Life, Lag-Free, 2.4GHz Cordless Keyboard Mouse for Computer, Laptop, PC, Windows, Chrome OS (Black)",$16.99,4.4,133.0,https://www.amazon.com/Wireless-Keyboard-EDJO-Lag-Free-Cordless/dp/B0D7CXDQC7/ref=sr_1_115?dib=eyJ2IjoiMSJ9.4D1jeRROYQ73hbMfv6HjMFKwtbnJOagKdIQIpDUgqkPwPMuA_074zfbXkiPbrpp4Mco7ZHniJftKeUEDoKffMAzANASU8UuXazeR6MqQDiMOBbP2ts8e9GK_EJjkpA_WTIAKqjy3zL0KzsCRSbuBLN4BEBuuJz48_jFjFWVCG9Egt7EjlyKtk7eTe7QcINEAsIdPusBlmE69-bty4_I8uQNykkVwQ9SRA6A9DvnoK50.USwiGh9j-jM_Yl3SYvDVKiaRN9x-EVvj3CCM_hsQcd8&dib_tag=se&keywords=wireless+keyboard&qid=1733686527&sr=8-115
"Rii RK907 Ultra-Slim Compact USB Wired Keyboard for Mac and PC,Windows 10/8 / 7 / Vista/XP (Black) (1PCS)",$9.99,4.5,848.0,https://www.amazon.com/Rii-Ultra-Slim-Compact-Keyboard-Windows/dp/B0BXNGJ2LD/ref=sr_1_116?dib=eyJ2IjoiMSJ9.4D1jeRROYQ73hbMfv6HjMFKwtbnJOagKdIQIpDUgqkPwPMuA_074zfbXkiPbrpp4Mco7ZHniJftKeUEDoKffMAzANASU8UuXazeR6MqQDiMOBbP2ts8e9GK_EJjkpA_WTIAKqjy3zL0KzsCRSbuBLN4BEBuuJz48_jFjFWVCG9Egt7EjlyKtk7eTe7QcINEAsIdPusBlmE69-bty4_I8uQNykkVwQ9SRA6A9DvnoK50.USwiGh9j-jM_Yl3SYvDVKiaRN9x-EVvj3CCM_hsQcd8&dib_tag=se&keywords=wireless+keyboard&qid=1733686527&sr=8-116
"Wireless Keyboard and Mouse Combo with Wrist Rest, 2.4G Full-Sized Keyboard and Mouse Cordless, 3 DPI Adjustable Silent Mouse, Dual-System Keyboard for Computer/Laptop/Windows/Mac",$29.99,4.0,62.0,https://www.amazon.com/sspa/click?ie=UTF8&spc=MTo1OTQxNDUzODg0NDczMDUyOjE3MzM2ODY1Mjc6c3BfYnRmOjMwMDE2MzI1NjIxNDQwMjo6MDo6&url=%2FRECCAZR-Wireless-Full-Sized-Adjustable-Dual-System%2Fdp%2FB0CTS7LXYY%2Fref%3Dsr_1_117_sspa%3Fdib%3DeyJ2IjoiMSJ9.4D1jeRROYQ73hbMfv6HjMFKwtbnJOagKdIQIpDUgqkPwPMuA_074zfbXkiPbrpp4Mco7ZHniJftKeUEDoKffMAzANASU8UuXazeR6MqQDiMOBbP2ts8e9GK_EJjkpA_WTIAKqjy3zL0KzsCRSbuBLN4BEBuuJz48_jFjFWVCG9Egt7EjlyKtk7eTe7QcINEAsIdPusBlmE69-bty4_I8uQNykkVwQ9SRA6A9DvnoK50.USwiGh9j-jM_Yl3SYvDVKiaRN9x-EVvj3CCM_hsQcd8%26dib_tag%3Dse%26keywords%3Dwireless%2Bkeyboard%26qid%3D1733686527%26sr%3D8-117-spons%26sp_csd%3Dd2lkZ2V0TmFtZT1zcF9idGY%26psc%3D1
"EDJO Wireless Keyboard, 2.4G Ergonomic Full Size Wireless Computer Keyboard with Wrist Rest for Windows, Mac OS Desktop/Laptop/PC（Black）",$25.99,4.3,2020.0,https://www.amazon.com/sspa/click?ie=UTF8&spc=MTo1OTQxNDUzODg0NDczMDUyOjE3MzM2ODY1Mjc6c3BfYnRmOjIwMDAzOTkyNjc2MjY5ODo6MDo6&url=%2FWireless-Keyboard-EDJO-Ergonomic-PC%25EF%25BC%2588Black%25EF%25BC%2589%2Fdp%2FB095VM6J1R%2Fref%3Dsr_1_118_sspa%3Fdib%3DeyJ2IjoiMSJ9.4D1jeRROYQ73hbMfv6HjMFKwtbnJOagKdIQIpDUgqkPwPMuA_074zfbXkiPbrpp4Mco7ZHniJftKeUEDoKffMAzANASU8UuXazeR6MqQDiMOBbP2ts8e9GK_EJjkpA_WTIAKqjy3zL0KzsCRSbuBLN4BEBuuJz48_jFjFWVCG9Egt7EjlyKtk7eTe7QcINEAsIdPusBlmE69-bty4_I8uQNykkVwQ9SRA6A9DvnoK50.USwiGh9j-jM_Yl3SYvDVKiaRN9x-EVvj3CCM_hsQcd8%26dib_tag%3Dse%26keywords%3Dwireless%2Bkeyboard%26qid%3D1733686527%26sr%3D8-118-spons%26sp_csd%3Dd2lkZ2V0TmFtZT1zcF9idGY%26psc%3D1
"AULA F99 Wireless Mechanical Keyboard,Tri-Mode BT5.0/2.4GHz/USB-C Hot Swappable Custom Keyboard,Pre-lubed Linear Switches,Gasket Structure,RGB Backlit Gaming Keyboard for PC/Tablet/Xbox/PS4/PS5",$82.89,4.6,912.0,https://www.amazon.com/sspa/click?ie=UTF8&spc=MTozNjI1MzM2Njc2OTgxNjAyOjE3MzM2ODY1NDI6c3BfYXRmX25leHQ6MzAwNTMyNjY3NDI4NzAyOjowOjo&url=%2FAULA-F99-Mechanical-Bluetooth-Swappable%2Fdp%2FB0CQ4TBV2N%2Fref%3Dsr_1_113_sspa%3Fdib%3DeyJ2IjoiMSJ9.6_nOjy_dqYKmeXRqnPS2LnCoxIk3TO2ENXCtXbZRhOQIEQHblMfWWHQazbnGLa1NdpFp9fLkZFOZ6ma_zdX1BxQdNXo9INhs6eMxPq7yXg0xBwE7P-aLkoPof4XohB_yoiwJY1HVdqtcPZSBFo_mZag_AJoz3sH9RbLT-QjRSytCNbDEOBKhcEOk6McrNeRy4m7aXIlfUreGhDKw2l9qOk376Q4wAJqS7PmN1DE90uM.FCwvBIX7jFmCNLoa_KrgbLuBCRFAEqodFkovxQBWeTc%26dib_tag%3Dse%26keywords%3Dwireless%2Bkeyboard%26qid%3D1733686542%26sr%3D8-113-spons%26sp_csd%3Dd2lkZ2V0TmFtZT1zcF9hdGZfbmV4dA%26psc%3D1%26smid%3DA9TV4QL8DFMM5
"MageGee LIGHT100 Wireless Creamy Keyboard, 96% Gasket Hot Swappable Custom Mechanical Keyboard, Tri-Mode 2.4G/USB-C/BT5.0 RGB Backlit Gaming Keyboard for Win/Mac/PC, 8000mAh Battery, PBT Keycaps, Blue",$69.99,5.0,4.0,https://www.amazon.com/sspa/click?ie=UTF8&spc=MTozNjI1MzM2Njc2OTgxNjAyOjE3MzM2ODY1NDI6c3BfYXRmX25leHQ6MzAwNDc4MTIwMDQwMTAyOjowOjo&url=%2FMageGee-LIGHT100-Wireless-Swappable-Mechanical%2Fdp%2FB0DFT2125Q%2Fref%3Dsr_1_114_sspa%3Fdib%3DeyJ2IjoiMSJ9.6_nOjy_dqYKmeXRqnPS2LnCoxIk3TO2ENXCtXbZRhOQIEQHblMfWWHQazbnGLa1NdpFp9fLkZFOZ6ma_zdX1BxQdNXo9INhs6eMxPq7yXg0xBwE7P-aLkoPof4XohB_yoiwJY1HVdqtcPZSBFo_mZag_AJoz3sH9RbLT-QjRSytCNbDEOBKhcEOk6McrNeRy4m7aXIlfUreGhDKw2l9qOk376Q4wAJqS7PmN1DE90uM.FCwvBIX7jFmCNLoa_KrgbLuBCRFAEqodFkovxQBWeTc%26dib_tag%3Dse%26keywords%3Dwireless%2Bkeyboard%26qid%3D1733686542%26sr%3D8-114-spons%26sp_csd%3Dd2lkZ2V0TmFtZT1zcF9hdGZfbmV4dA%26psc%3D1
"TopMate Wireless Keyboard and Mouse Ultra Slim Combo, 2.4G Silent Compact USB Mouse and Scissor Switch Keyboard Set with Cover, 2 AA and 2 AAA Batteries, for PC/Laptop/Windows/Mac - White",$31.77,4.2,6893.0,https://www.amazon.com/TopMate-Wireless-Keyboard-Designed-Office/dp/B06XHY8J7M/ref=sr_1_115?dib=eyJ2IjoiMSJ9.6_nOjy_dqYKmeXRqnPS2LnCoxIk3TO2ENXCtXbZRhOQIEQHblMfWWHQazbnGLa1NdpFp9fLkZFOZ6ma_zdX1BxQdNXo9INhs6eMxPq7yXg0xBwE7P-aLkoPof4XohB_yoiwJY1HVdqtcPZSBFo_mZag_AJoz3sH9RbLT-QjRSytCNbDEOBKhcEOk6McrNeRy4m7aXIlfUreGhDKw2l9qOk376Q4wAJqS7PmN1DE90uM.FCwvBIX7jFmCNLoa_KrgbLuBCRFAEqodFkovxQBWeTc&dib_tag=se&keywords=wireless+keyboard&qid=1733686542&sr=8-115
"Wireless Keyboard and Mouse, Vssoplor Rechargeable Quiet Full-Size Keyboard and Mouse Combo Set Ultra Slim Design for Laptop, PC, Notebook, Desktop-Dark Gray",$38.98,4.4,9783.0,https://www.amazon.com/Vive-Rechargeable-Whisper-Quiet-Full-Size-Notebook-Dark/dp/B07JJGCSHR/ref=sr_1_116?dib=eyJ2IjoiMSJ9.6_nOjy_dqYKmeXRqnPS2LnCoxIk3TO2ENXCtXbZRhOQIEQHblMfWWHQazbnGLa1NdpFp9fLkZFOZ6ma_zdX1BxQdNXo9INhs6eMxPq7yXg0xBwE7P-aLkoPof4XohB_yoiwJY1HVdqtcPZSBFo_mZag_AJoz3sH9RbLT-QjRSytCNbDEOBKhcEOk6McrNeRy4m7aXIlfUreGhDKw2l9qOk376Q4wAJqS7PmN1DE90uM.FCwvBIX7jFmCNLoa_KrgbLuBCRFAEqodFkovxQBWeTc&dib_tag=se&keywords=wireless+keyboard&qid=1733686542&sr=8-116
"Logitech K270 Wireless Keyboard for Windows, 2.4 GHz Wireless, Full-Size, Number Pad, 8 Multimedia Keys, 2-Year Battery Life, Compatible with PC, Laptop - Rose",$24.99,4.8,11.0,https://www.amazon.com/Logitech-Wireless-Full-Size-Multimedia-Compatible/dp/B0DHGDJF67/ref=sr_1_117?dib=eyJ2IjoiMSJ9.6_nOjy_dqYKmeXRqnPS2LnCoxIk3TO2ENXCtXbZRhOQIEQHblMfWWHQazbnGLa1NdpFp9fLkZFOZ6ma_zdX1BxQdNXo9INhs6eMxPq7yXg0xBwE7P-aLkoPof4XohB_yoiwJY1HVdqtcPZSBFo_mZag_AJoz3sH9RbLT-QjRSytCNbDEOBKhcEOk6McrNeRy4m7aXIlfUreGhDKw2l9qOk376Q4wAJqS7PmN1DE90uM.FCwvBIX7jFmCNLoa_KrgbLuBCRFAEqodFkovxQBWeTc&dib_tag=se&keywords=wireless+keyboard&qid=1733686542&sr=8-117
Razer DeathStalker V2 Pro Wireless Gaming Keyboard: Low Profile Optical Switches Clicky Purple - HyperSpeed Wireless & Bluetooth - Chroma RGB - Up to 200 Hr Battery - Snap Tap,$199.99,4.1,566.0,https://www.amazon.com/Razer-DeathStalker-Wireless-Gaming-Keyboard/dp/B0B5FP7GST/ref=sr_1_118?dib=eyJ2IjoiMSJ9.6_nOjy_dqYKmeXRqnPS2LnCoxIk3TO2ENXCtXbZRhOQIEQHblMfWWHQazbnGLa1NdpFp9fLkZFOZ6ma_zdX1BxQdNXo9INhs6eMxPq7yXg0xBwE7P-aLkoPof4XohB_yoiwJY1HVdqtcPZSBFo_mZag_AJoz3sH9RbLT-QjRSytCNbDEOBKhcEOk6McrNeRy4m7aXIlfUreGhDKw2l9qOk376Q4wAJqS7PmN1DE90uM.FCwvBIX7jFmCNLoa_KrgbLuBCRFAEqodFkovxQBWeTc&dib_tag=se&keywords=wireless+keyboard&qid=1733686542&sr=8-118
"Logitech MK120 Wired Keyboard and Mouse Combo for Windows, Optical Wired Mouse, Full-Size Keyboard, USB Plug-and-Play, Compatible with PC, Laptop - Black",$15.16,4.5,21387.0,https://www.amazon.com/Logitech-Keyboard-Windows-Optical-Full-Size/dp/B003NREDC8/ref=sr_1_119?dib=eyJ2IjoiMSJ9.6_nOjy_dqYKmeXRqnPS2LnCoxIk3TO2ENXCtXbZRhOQIEQHblMfWWHQazbnGLa1NdpFp9fLkZFOZ6ma_zdX1BxQdNXo9INhs6eMxPq7yXg0xBwE7P-aLkoPof4XohB_yoiwJY1HVdqtcPZSBFo_mZag_AJoz3sH9RbLT-QjRSytCNbDEOBKhcEOk6McrNeRy4m7aXIlfUreGhDKw2l9qOk376Q4wAJqS7PmN1DE90uM.FCwvBIX7jFmCNLoa_KrgbLuBCRFAEqodFkovxQBWeTc&dib_tag=se&keywords=wireless+keyboard&qid=1733686542&sr=8-119
"Redragon S101 Gaming Keyboard, M601 Mouse, RGB Backlit Gaming Keyboard, Programmable Backlit Gaming Mouse, Value Combo Set [New Version]",$41.99,4.6,46082.0,https://www.amazon.com/Redragon-S101-Keyboard-Ergonomic-Programmable/dp/B00NLZUM36/ref=sr_1_120?dib=eyJ2IjoiMSJ9.6_nOjy_dqYKmeXRqnPS2LnCoxIk3TO2ENXCtXbZRhOQIEQHblMfWWHQazbnGLa1NdpFp9fLkZFOZ6ma_zdX1BxQdNXo9INhs6eMxPq7yXg0xBwE7P-aLkoPof4XohB_yoiwJY1HVdqtcPZSBFo_mZag_AJoz3sH9RbLT-QjRSytCNbDEOBKhcEOk6McrNeRy4m7aXIlfUreGhDKw2l9qOk376Q4wAJqS7PmN1DE90uM.FCwvBIX7jFmCNLoa_KrgbLuBCRFAEqodFkovxQBWeTc&dib_tag=se&keywords=wireless+keyboard&qid=1733686542&sr=8-120
"OMOTON Bluetooth Keyboard for iPad 10th Generation, iPad 10.2 (9th/8th/7th), iPad Pro 13/12.9/11 inch, iPad Air 13/11 inch, iPad Air 5th/4th Gen, iPad Mini and More Bluetooth Enabled Devices, White",$19.99,4.5,29006.0,https://www.amazon.com/OMOTON-Ultra-Slim-Bluetooth-Keyboard-Enabled/dp/B00GD1BGYO/ref=sr_1_121?dib=eyJ2IjoiMSJ9.6_nOjy_dqYKmeXRqnPS2LnCoxIk3TO2ENXCtXbZRhOQIEQHblMfWWHQazbnGLa1NdpFp9fLkZFOZ6ma_zdX1BxQdNXo9INhs6eMxPq7yXg0xBwE7P-aLkoPof4XohB_yoiwJY1HVdqtcPZSBFo_mZag_AJoz3sH9RbLT-QjRSytCNbDEOBKhcEOk6McrNeRy4m7aXIlfUreGhDKw2l9qOk376Q4wAJqS7PmN1DE90uM.FCwvBIX7jFmCNLoa_KrgbLuBCRFAEqodFkovxQBWeTc&dib_tag=se&keywords=wireless+keyboard&qid=1733686542&sr=8-121
"Gaming Keyboard and Mouse Combo, K1 RGB LED Backlit Keyboard with 104 Key for PC/Laptop(White)",$29.99,4.4,14425.0,https://www.amazon.com/Gaming-Keyboard-Rainbow-Backlit-Computer/dp/B07W6ZTMWP/ref=sr_1_122?dib=eyJ2IjoiMSJ9.6_nOjy_dqYKmeXRqnPS2LnCoxIk3TO2ENXCtXbZRhOQIEQHblMfWWHQazbnGLa1NdpFp9fLkZFOZ6ma_zdX1BxQdNXo9INhs6eMxPq7yXg0xBwE7P-aLkoPof4XohB_yoiwJY1HVdqtcPZSBFo_mZag_AJoz3sH9RbLT-QjRSytCNbDEOBKhcEOk6McrNeRy4m7aXIlfUreGhDKw2l9qOk376Q4wAJqS7PmN1DE90uM.FCwvBIX7jFmCNLoa_KrgbLuBCRFAEqodFkovxQBWeTc&dib_tag=se&keywords=wireless+keyboard&qid=1733686542&sr=8-122
"Pink Light Up Keyboard and Mouse Wireless,Cute 2.4Ghz Cordless Rechargeable Transparent Backlit Keyboard,15 Backlight Effects,Volume Knob,RGB Mouse with 3 DPI for Mac Computer PC Laptop Desktop iPad",$39.99,4.1,43.0,https://www.amazon.com/sspa/click?ie=UTF8&spc=MTozNjI1MzM2Njc2OTgxNjAyOjE3MzM2ODY1NDI6c3BfbXRmOjMwMDU2ODIwMzk2MDUwMjo6MDo6&url=%2FKeyboard-Rechargeable-Transparent-Backlit-Backlight%2Fdp%2FB0DHRMZSTM%2Fref%3Dsr_1_123_sspa%3Fdib%3DeyJ2IjoiMSJ9.6_nOjy_dqYKmeXRqnPS2LnCoxIk3TO2ENXCtXbZRhOQIEQHblMfWWHQazbnGLa1NdpFp9fLkZFOZ6ma_zdX1BxQdNXo9INhs6eMxPq7yXg0xBwE7P-aLkoPof4XohB_yoiwJY1HVdqtcPZSBFo_mZag_AJoz3sH9RbLT-QjRSytCNbDEOBKhcEOk6McrNeRy4m7aXIlfUreGhDKw2l9qOk376Q4wAJqS7PmN1DE90uM.FCwvBIX7jFmCNLoa_KrgbLuBCRFAEqodFkovxQBWeTc%26dib_tag%3Dse%26keywords%3Dwireless%2Bkeyboard%26qid%3D1733686542%26sr%3D8-123-spons%26sp_csd%3Dd2lkZ2V0TmFtZT1zcF9tdGY%26psc%3D1
"FOPETT Wireless Keyboard and Mouse Sets,Reliable 2.4 GHz Connectivity for PC,Laptop,Smart TV and More (White Colorful)",$39.99,4.3,2868.0,https://www.amazon.com/sspa/click?ie=UTF8&spc=MTozNjI1MzM2Njc2OTgxNjAyOjE3MzM2ODY1NDI6c3BfbXRmOjIwMDEyNzY2MTE2Nzg5ODo6MDo6&url=%2FSADES-Keyboard-Wireless-Reliable-Connectivity%2Fdp%2FB097R496BG%2Fref%3Dsr_1_124_sspa%3Fdib%3DeyJ2IjoiMSJ9.6_nOjy_dqYKmeXRqnPS2LnCoxIk3TO2ENXCtXbZRhOQIEQHblMfWWHQazbnGLa1NdpFp9fLkZFOZ6ma_zdX1BxQdNXo9INhs6eMxPq7yXg0xBwE7P-aLkoPof4XohB_yoiwJY1HVdqtcPZSBFo_mZag_AJoz3sH9RbLT-QjRSytCNbDEOBKhcEOk6McrNeRy4m7aXIlfUreGhDKw2l9qOk376Q4wAJqS7PmN1DE90uM.FCwvBIX7jFmCNLoa_KrgbLuBCRFAEqodFkovxQBWeTc%26dib_tag%3Dse%26keywords%3Dwireless%2Bkeyboard%26qid%3D1733686542%26sr%3D8-124-spons%26sp_csd%3Dd2lkZ2V0TmFtZT1zcF9tdGY%26psc%3D1
"Wireless Keyboard and Mouse, Trueque Silent 2.4GHz Cordless Full Size USB Mouse Combo, Long Battery Life, Lag-Free for Computer, Laptop, PC, Windows, Mac, Chrome OS (Black)",$24.99,4.2,2015.0,https://www.amazon.com/Wireless-Keyboard-Trueque-Cordless-Computer/dp/B09J4RQFK7/ref=sr_1_125?dib=eyJ2IjoiMSJ9.6_nOjy_dqYKmeXRqnPS2LnCoxIk3TO2ENXCtXbZRhOQIEQHblMfWWHQazbnGLa1NdpFp9fLkZFOZ6ma_zdX1BxQdNXo9INhs6eMxPq7yXg0xBwE7P-aLkoPof4XohB_yoiwJY1HVdqtcPZSBFo_mZag_AJoz3sH9RbLT-QjRSytCNbDEOBKhcEOk6McrNeRy4m7aXIlfUreGhDKw2l9qOk376Q4wAJqS7PmN1DE90uM.FCwvBIX7jFmCNLoa_KrgbLuBCRFAEqodFkovxQBWeTc&dib_tag=se&keywords=wireless+keyboard&qid=1733686542&sr=8-125
"MageGee Portable 60% Mechanical Gaming Keyboard, MK-Box LED Backlit Compact 68 Keys Mini Wired Office Keyboard with Red Switch for Windows Laptop PC Mac - Black/Grey",$29.99,4.4,8336.0,https://www.amazon.com/Portable-Mechanical-Keyboard-MageGee-Backlit/dp/B098LG3N6R/ref=sr_1_126?dib=eyJ2IjoiMSJ9.6_nOjy_dqYKmeXRqnPS2LnCoxIk3TO2ENXCtXbZRhOQIEQHblMfWWHQazbnGLa1NdpFp9fLkZFOZ6ma_zdX1BxQdNXo9INhs6eMxPq7yXg0xBwE7P-aLkoPof4XohB_yoiwJY1HVdqtcPZSBFo_mZag_AJoz3sH9RbLT-QjRSytCNbDEOBKhcEOk6McrNeRy4m7aXIlfUreGhDKw2l9qOk376Q4wAJqS7PmN1DE90uM.FCwvBIX7jFmCNLoa_KrgbLuBCRFAEqodFkovxQBWeTc&dib_tag=se&keywords=wireless+keyboard&qid=1733686542&sr=8-126
"Logitech K120 Wired Keyboard for Windows, Plug and Play, Full-Size, Spill-Resistant, Curved Space Bar, Compatible with PC, Laptop - Black",$12.99,4.6,7767.0,https://www.amazon.com/Logitech-920-002478-K120-USB-Keyboard/dp/B003ELVLKU/ref=sr_1_127?dib=eyJ2IjoiMSJ9.6_nOjy_dqYKmeXRqnPS2LnCoxIk3TO2ENXCtXbZRhOQIEQHblMfWWHQazbnGLa1NdpFp9fLkZFOZ6ma_zdX1BxQdNXo9INhs6eMxPq7yXg0xBwE7P-aLkoPof4XohB_yoiwJY1HVdqtcPZSBFo_mZag_AJoz3sH9RbLT-QjRSytCNbDEOBKhcEOk6McrNeRy4m7aXIlfUreGhDKw2l9qOk376Q4wAJqS7PmN1DE90uM.FCwvBIX7jFmCNLoa_KrgbLuBCRFAEqodFkovxQBWeTc&dib_tag=se&keywords=wireless+keyboard&qid=1733686542&sr=8-127
"Rii X8 Mini Keyboard,2.4GHz Portable Wireless Keyboard with Touchpad Mouse,RGB Backlit,Rechargeable Battery for Android TV Box/Mac/PC/Nvidia Shield",$22.99,4.3,5459.0,https://www.amazon.com/Keyboard-Rii-Portable-Controller-Rechargeable/dp/B07D2BG6R5/ref=sr_1_128?dib=eyJ2IjoiMSJ9.6_nOjy_dqYKmeXRqnPS2LnCoxIk3TO2ENXCtXbZRhOQIEQHblMfWWHQazbnGLa1NdpFp9fLkZFOZ6ma_zdX1BxQdNXo9INhs6eMxPq7yXg0xBwE7P-aLkoPof4XohB_yoiwJY1HVdqtcPZSBFo_mZag_AJoz3sH9RbLT-QjRSytCNbDEOBKhcEOk6McrNeRy4m7aXIlfUreGhDKw2l9qOk376Q4wAJqS7PmN1DE90uM.FCwvBIX7jFmCNLoa_KrgbLuBCRFAEqodFkovxQBWeTc&dib_tag=se&keywords=wireless+keyboard&qid=1733686542&sr=8-128
"Arteck Mechanical 2.4G USB Wireless Performance Keyboard, Tacktile Quiet Brown Switches, Stainless Steel Low Profile for PC/Desktop/Laptop/TV and Windows 11/10 Built in Rechargeable Battery Black",$44.99,4.0,146.0,https://www.amazon.com/Arteck-Mechanical-Performance-Stainless-Rechargeable/dp/B0CF9S172W/ref=sr_1_129?dib=eyJ2IjoiMSJ9.6_nOjy_dqYKmeXRqnPS2LnCoxIk3TO2ENXCtXbZRhOQIEQHblMfWWHQazbnGLa1NdpFp9fLkZFOZ6ma_zdX1BxQdNXo9INhs6eMxPq7yXg0xBwE7P-aLkoPof4XohB_yoiwJY1HVdqtcPZSBFo_mZag_AJoz3sH9RbLT-QjRSytCNbDEOBKhcEOk6McrNeRy4m7aXIlfUreGhDKw2l9qOk376Q4wAJqS7PmN1DE90uM.FCwvBIX7jFmCNLoa_KrgbLuBCRFAEqodFkovxQBWeTc&dib_tag=se&keywords=wireless+keyboard&qid=1733686542&sr=8-129
"RedThunder K10 Wireless Gaming Keyboard and Mouse Combo, LED Backlit Rechargeable 3800mAh Battery, Mechanical Feel Anti-ghosting Keyboard + 7D 3200DPI Mice for PC Gamer (Black)",$49.99,3.9,5941.0,https://www.amazon.com/RedThunder-Wireless-Rechargeable-Mechanical-Anti-ghosting/dp/B09BR46F63/ref=sr_1_130?dib=eyJ2IjoiMSJ9.6_nOjy_dqYKmeXRqnPS2LnCoxIk3TO2ENXCtXbZRhOQIEQHblMfWWHQazbnGLa1NdpFp9fLkZFOZ6ma_zdX1BxQdNXo9INhs6eMxPq7yXg0xBwE7P-aLkoPof4XohB_yoiwJY1HVdqtcPZSBFo_mZag_AJoz3sH9RbLT-QjRSytCNbDEOBKhcEOk6McrNeRy4m7aXIlfUreGhDKw2l9qOk376Q4wAJqS7PmN1DE90uM.FCwvBIX7jFmCNLoa_KrgbLuBCRFAEqodFkovxQBWeTc&dib_tag=se&keywords=wireless+keyboard&qid=1733686542&sr=8-130
"Wireless Mechanical Keyboard,Triple-Mode 2.4G/USB-C/Bluetooth Gaming Keyboard with RGB Backlit,Efficient Numeric Pad,Red Switches,94 Keys Metal Base PBT Compact Quiet Wired Keyboard for PC Mac iPad",$49.99,4.0,95.0,https://www.amazon.com/Wireless-Mechanical-Triple-Mode-Bluetooth-Efficient/dp/B0BGH9FQHZ/ref=sr_1_131?dib=eyJ2IjoiMSJ9.6_nOjy_dqYKmeXRqnPS2LnCoxIk3TO2ENXCtXbZRhOQIEQHblMfWWHQazbnGLa1NdpFp9fLkZFOZ6ma_zdX1BxQdNXo9INhs6eMxPq7yXg0xBwE7P-aLkoPof4XohB_yoiwJY1HVdqtcPZSBFo_mZag_AJoz3sH9RbLT-QjRSytCNbDEOBKhcEOk6McrNeRy4m7aXIlfUreGhDKw2l9qOk376Q4wAJqS7PmN1DE90uM.FCwvBIX7jFmCNLoa_KrgbLuBCRFAEqodFkovxQBWeTc&dib_tag=se&keywords=wireless+keyboard&qid=1733686542&sr=8-131
"cimetech Bluetooth Keyboard and Mouse, Rechargeable Dual-Mode (Bluetooth 5.1 + USB) Wireless Keyboard and Mouse Combo, Ultra-Slim Multi-Device Keyboard for Mac, iPad, Computer, PC, Windows - Black",$23.79,4.0,39.0,https://www.amazon.com/Bluetooth-Rechargeable-Dual-Mode-Ultra-Slim-Multi-Device/dp/B0CCS7FZYZ/ref=sr_1_132?dib=eyJ2IjoiMSJ9.6_nOjy_dqYKmeXRqnPS2LnCoxIk3TO2ENXCtXbZRhOQIEQHblMfWWHQazbnGLa1NdpFp9fLkZFOZ6ma_zdX1BxQdNXo9INhs6eMxPq7yXg0xBwE7P-aLkoPof4XohB_yoiwJY1HVdqtcPZSBFo_mZag_AJoz3sH9RbLT-QjRSytCNbDEOBKhcEOk6McrNeRy4m7aXIlfUreGhDKw2l9qOk376Q4wAJqS7PmN1DE90uM.FCwvBIX7jFmCNLoa_KrgbLuBCRFAEqodFkovxQBWeTc&dib_tag=se&keywords=wireless+keyboard&qid=1733686542&sr=8-132
"Wireless Keyboard and Mouse Combo, 2.4GHz USB Cordless Round Keys Set for Laptop, Computer, TV (White+Green)",$29.99,4.3,190.0,https://www.amazon.com/sspa/click?ie=UTF8&spc=MTozNjI1MzM2Njc2OTgxNjAyOjE3MzM2ODY1NDI6c3BfYnRmOjMwMDE0MzY4MjYwNDQwMjo6MDo6&url=%2FTKVPJYYI-Wireless-Keyboard-Cordless-Computer%2Fdp%2FB0CLV1BFMH%2Fref%3Dsr_1_133_sspa%3Fdib%3DeyJ2IjoiMSJ9.6_nOjy_dqYKmeXRqnPS2LnCoxIk3TO2ENXCtXbZRhOQIEQHblMfWWHQazbnGLa1NdpFp9fLkZFOZ6ma_zdX1BxQdNXo9INhs6eMxPq7yXg0xBwE7P-aLkoPof4XohB_yoiwJY1HVdqtcPZSBFo_mZag_AJoz3sH9RbLT-QjRSytCNbDEOBKhcEOk6McrNeRy4m7aXIlfUreGhDKw2l9qOk376Q4wAJqS7PmN1DE90uM.FCwvBIX7jFmCNLoa_KrgbLuBCRFAEqodFkovxQBWeTc%26dib_tag%3Dse%26keywords%3Dwireless%2Bkeyboard%26qid%3D1733686542%26sr%3D8-133-spons%26sp_csd%3Dd2lkZ2V0TmFtZT1zcF9idGY%26psc%3D1
"Wireless Keyboard and Mouse Combo, Reccazr 2.4G Full-Sized Keyboard and Mouse Cordless, 3 DPI Adjustable Mouse, Dual-System Keyboard for Computer/Laptop/Windows/Mac (Wine red)",$23.99,4.3,204.0,https://www.amazon.com/sspa/click?ie=UTF8&spc=MTozNjI1MzM2Njc2OTgxNjAyOjE3MzM2ODY1NDI6c3BfYnRmOjMwMDEyMjE3OTUxNDMwMjo6MDo6&url=%2FWireless-Keyboard-Full-Sized-Adjustable-Dual-System%2Fdp%2FB0CMQHP6ZS%2Fref%3Dsr_1_134_sspa%3Fdib%3DeyJ2IjoiMSJ9.6_nOjy_dqYKmeXRqnPS2LnCoxIk3TO2ENXCtXbZRhOQIEQHblMfWWHQazbnGLa1NdpFp9fLkZFOZ6ma_zdX1BxQdNXo9INhs6eMxPq7yXg0xBwE7P-aLkoPof4XohB_yoiwJY1HVdqtcPZSBFo_mZag_AJoz3sH9RbLT-QjRSytCNbDEOBKhcEOk6McrNeRy4m7aXIlfUreGhDKw2l9qOk376Q4wAJqS7PmN1DE90uM.FCwvBIX7jFmCNLoa_KrgbLuBCRFAEqodFkovxQBWeTc%26dib_tag%3Dse%26keywords%3Dwireless%2Bkeyboard%26qid%3D1733686542%26sr%3D8-134-spons%26sp_csd%3Dd2lkZ2V0TmFtZT1zcF9idGY%26psc%3D1
FOPETT Wireless Keyboard and Mouse Combo - 2.4G Full-Sized Cute Colorful Retro Keyboard with Round Keycaps 104 Keys Typewriter Keyboard for Laptop/Windows/PC-Yellow Colorful,$39.99,4.3,2868.0,https://www.amazon.com/sspa/click?ie=UTF8&spc=MTo4Mjg0MjA2MzcxNjY1NjMwOjE3MzM2ODY1NTY6c3BfYXRmX25leHQ6MzAwMTg5MDM3MzA0MjAyOjowOjo&url=%2FFOPETT-Wireless-Keyboard-Mouse-Combo%2Fdp%2FB0CZM4K4WG%2Fref%3Dsr_1_130_sspa%3Fdib%3DeyJ2IjoiMSJ9.TttZTPLqI47kofdZYQpvTC5zO-ZzYeXBAx37huw0ewmvnxFmn-ODADKw-V5h_w9AHeXAdZ7OHo9xOHkkehG4J0a9trMhHK_JCysDSJ9xV9vG_zwIUuGRFwxi0inZB9GbOJb0pK7lJYb4dQc2SFmlor1GU0_4Qlx79-SG0zJBkzcBojP1mpbrYsj5ufofLmoxj9ejbrBovJSidpRK0D_i59wpIhahk7r60t0-Ci2hs9Q.W8Om8pYAHdOd2wvwQEqUswR2IhmbCXZ3oHmFHq6_7GI%26dib_tag%3Dse%26keywords%3Dwireless%2Bkeyboard%26qid%3D1733686556%26sr%3D8-130-spons%26sp_csd%3Dd2lkZ2V0TmFtZT1zcF9hdGZfbmV4dA%26psc%3D1
"Wireless Keyboard and Mouse, Trueque Silent 2.4GHz Cordless Full Size USB Mouse Combo, Long Battery Life, Lag-Free for Computer, Laptop, PC, Windows, Mac, Chrome OS (Black)",$24.99,4.2,2015.0,https://www.amazon.com/Wireless-Keyboard-Trueque-Cordless-Computer/dp/B09J4RQFK7/ref=sr_1_131?dib=eyJ2IjoiMSJ9.TttZTPLqI47kofdZYQpvTC5zO-ZzYeXBAx37huw0ewmvnxFmn-ODADKw-V5h_w9AHeXAdZ7OHo9xOHkkehG4J0a9trMhHK_JCysDSJ9xV9vG_zwIUuGRFwxi0inZB9GbOJb0pK7lJYb4dQc2SFmlor1GU0_4Qlx79-SG0zJBkzcBojP1mpbrYsj5ufofLmoxj9ejbrBovJSidpRK0D_i59wpIhahk7r60t0-Ci2hs9Q.W8Om8pYAHdOd2wvwQEqUswR2IhmbCXZ3oHmFHq6_7GI&dib_tag=se&keywords=wireless+keyboard&qid=1733686556&sr=8-131
"OMOTON Bluetooth Keyboard for iPad 10th Generation, iPad 10.2 (9th/8th/7th), iPad Pro 13/12.9/11 inch, iPad Air 13/11 inch, iPad Air 5th/4th Gen, iPad Mini and More Bluetooth Enabled Devices, White",$19.99,4.5,29006.0,https://www.amazon.com/OMOTON-Ultra-Slim-Bluetooth-Keyboard-Enabled/dp/B00GD1BGYO/ref=sr_1_132?dib=eyJ2IjoiMSJ9.TttZTPLqI47kofdZYQpvTC5zO-ZzYeXBAx37huw0ewmvnxFmn-ODADKw-V5h_w9AHeXAdZ7OHo9xOHkkehG4J0a9trMhHK_JCysDSJ9xV9vG_zwIUuGRFwxi0inZB9GbOJb0pK7lJYb4dQc2SFmlor1GU0_4Qlx79-SG0zJBkzcBojP1mpbrYsj5ufofLmoxj9ejbrBovJSidpRK0D_i59wpIhahk7r60t0-Ci2hs9Q.W8Om8pYAHdOd2wvwQEqUswR2IhmbCXZ3oHmFHq6_7GI&dib_tag=se&keywords=wireless+keyboard&qid=1733686556&sr=8-132
"Gaming Keyboard and Mouse Combo, K1 RGB LED Backlit Keyboard with 104 Key for PC/Laptop(White)",$29.99,4.4,14425.0,https://www.amazon.com/Gaming-Keyboard-Rainbow-Backlit-Computer/dp/B07W6ZTMWP/ref=sr_1_133?dib=eyJ2IjoiMSJ9.TttZTPLqI47kofdZYQpvTC5zO-ZzYeXBAx37huw0ewmvnxFmn-ODADKw-V5h_w9AHeXAdZ7OHo9xOHkkehG4J0a9trMhHK_JCysDSJ9xV9vG_zwIUuGRFwxi0inZB9GbOJb0pK7lJYb4dQc2SFmlor1GU0_4Qlx79-SG0zJBkzcBojP1mpbrYsj5ufofLmoxj9ejbrBovJSidpRK0D_i59wpIhahk7r60t0-Ci2hs9Q.W8Om8pYAHdOd2wvwQEqUswR2IhmbCXZ3oHmFHq6_7GI&dib_tag=se&keywords=wireless+keyboard&qid=1733686556&sr=8-133
"Rii X8 Mini Keyboard,2.4GHz Portable Wireless Keyboard with Touchpad Mouse,RGB Backlit,Rechargeable Battery for Android TV Box/Mac/PC/Nvidia Shield",$22.99,4.3,5459.0,https://www.amazon.com/Keyboard-Rii-Portable-Controller-Rechargeable/dp/B07D2BG6R5/ref=sr_1_134?dib=eyJ2IjoiMSJ9.TttZTPLqI47kofdZYQpvTC5zO-ZzYeXBAx37huw0ewmvnxFmn-ODADKw-V5h_w9AHeXAdZ7OHo9xOHkkehG4J0a9trMhHK_JCysDSJ9xV9vG_zwIUuGRFwxi0inZB9GbOJb0pK7lJYb4dQc2SFmlor1GU0_4Qlx79-SG0zJBkzcBojP1mpbrYsj5ufofLmoxj9ejbrBovJSidpRK0D_i59wpIhahk7r60t0-Ci2hs9Q.W8Om8pYAHdOd2wvwQEqUswR2IhmbCXZ3oHmFHq6_7GI&dib_tag=se&keywords=wireless+keyboard&qid=1733686556&sr=8-134
"MageGee Portable 60% Mechanical Gaming Keyboard, MK-Box LED Backlit Compact 68 Keys Mini Wired Office Keyboard with Red Switch for Windows Laptop PC Mac - Black/Grey",$29.99,4.4,8336.0,https://www.amazon.com/Portable-Mechanical-Keyboard-MageGee-Backlit/dp/B098LG3N6R/ref=sr_1_135?dib=eyJ2IjoiMSJ9.TttZTPLqI47kofdZYQpvTC5zO-ZzYeXBAx37huw0ewmvnxFmn-ODADKw-V5h_w9AHeXAdZ7OHo9xOHkkehG4J0a9trMhHK_JCysDSJ9xV9vG_zwIUuGRFwxi0inZB9GbOJb0pK7lJYb4dQc2SFmlor1GU0_4Qlx79-SG0zJBkzcBojP1mpbrYsj5ufofLmoxj9ejbrBovJSidpRK0D_i59wpIhahk7r60t0-Ci2hs9Q.W8Om8pYAHdOd2wvwQEqUswR2IhmbCXZ3oHmFHq6_7GI&dib_tag=se&keywords=wireless+keyboard&qid=1733686556&sr=8-135
"Arteck Mechanical 2.4G USB Wireless Performance Keyboard, Tacktile Quiet Brown Switches, Stainless Steel Low Profile for PC/Desktop/Laptop/TV and Windows 11/10 Built in Rechargeable Battery Black",$44.99,4.0,146.0,https://www.amazon.com/Arteck-Mechanical-Performance-Stainless-Rechargeable/dp/B0CF9S172W/ref=sr_1_136?dib=eyJ2IjoiMSJ9.TttZTPLqI47kofdZYQpvTC5zO-ZzYeXBAx37huw0ewmvnxFmn-ODADKw-V5h_w9AHeXAdZ7OHo9xOHkkehG4J0a9trMhHK_JCysDSJ9xV9vG_zwIUuGRFwxi0inZB9GbOJb0pK7lJYb4dQc2SFmlor1GU0_4Qlx79-SG0zJBkzcBojP1mpbrYsj5ufofLmoxj9ejbrBovJSidpRK0D_i59wpIhahk7r60t0-Ci2hs9Q.W8Om8pYAHdOd2wvwQEqUswR2IhmbCXZ3oHmFHq6_7GI&dib_tag=se&keywords=wireless+keyboard&qid=1733686556&sr=8-136
"RedThunder K10 Wireless Gaming Keyboard and Mouse Combo, LED Backlit Rechargeable 3800mAh Battery, Mechanical Feel Anti-ghosting Keyboard + 7D 3200DPI Mice for PC Gamer (Black)",$49.99,3.9,5941.0,https://www.amazon.com/RedThunder-Wireless-Rechargeable-Mechanical-Anti-ghosting/dp/B09BR46F63/ref=sr_1_137?dib=eyJ2IjoiMSJ9.TttZTPLqI47kofdZYQpvTC5zO-ZzYeXBAx37huw0ewmvnxFmn-ODADKw-V5h_w9AHeXAdZ7OHo9xOHkkehG4J0a9trMhHK_JCysDSJ9xV9vG_zwIUuGRFwxi0inZB9GbOJb0pK7lJYb4dQc2SFmlor1GU0_4Qlx79-SG0zJBkzcBojP1mpbrYsj5ufofLmoxj9ejbrBovJSidpRK0D_i59wpIhahk7r60t0-Ci2hs9Q.W8Om8pYAHdOd2wvwQEqUswR2IhmbCXZ3oHmFHq6_7GI&dib_tag=se&keywords=wireless+keyboard&qid=1733686556&sr=8-137
"Logitech K120 Wired Keyboard for Windows, Plug and Play, Full-Size, Spill-Resistant, Curved Space Bar, Compatible with PC, Laptop - Black",$12.99,4.6,7767.0,https://www.amazon.com/Logitech-920-002478-K120-USB-Keyboard/dp/B003ELVLKU/ref=sr_1_138?dib=eyJ2IjoiMSJ9.TttZTPLqI47kofdZYQpvTC5zO-ZzYeXBAx37huw0ewmvnxFmn-ODADKw-V5h_w9AHeXAdZ7OHo9xOHkkehG4J0a9trMhHK_JCysDSJ9xV9vG_zwIUuGRFwxi0inZB9GbOJb0pK7lJYb4dQc2SFmlor1GU0_4Qlx79-SG0zJBkzcBojP1mpbrYsj5ufofLmoxj9ejbrBovJSidpRK0D_i59wpIhahk7r60t0-Ci2hs9Q.W8Om8pYAHdOd2wvwQEqUswR2IhmbCXZ3oHmFHq6_7GI&dib_tag=se&keywords=wireless+keyboard&qid=1733686556&sr=8-138
"Wireless Keyboard with 8 Colored, 9 Effects Backlits, Wrist Rest, Phone Holder, Rechargeable Ergonomic Computer Keyboard with Silent Keys, 2.4G Lag-Free Cordless Set for PC, Laptop, Windows, MacBook",$39.99,4.3,404.0,https://www.amazon.com/sspa/click?ie=UTF8&spc=MTo4Mjg0MjA2MzcxNjY1NjMwOjE3MzM2ODY1NTY6c3BfbXRmOjMwMDU0NzczMTIxMDEwMjo6MDo6&url=%2FSABLUTE-Wireless-Rechargeable-Ergonomic-Keyboards%2Fdp%2FB0CPPH26X4%2Fref%3Dsr_1_139_sspa%3Fdib%3DeyJ2IjoiMSJ9.TttZTPLqI47kofdZYQpvTC5zO-ZzYeXBAx37huw0ewmvnxFmn-ODADKw-V5h_w9AHeXAdZ7OHo9xOHkkehG4J0a9trMhHK_JCysDSJ9xV9vG_zwIUuGRFwxi0inZB9GbOJb0pK7lJYb4dQc2SFmlor1GU0_4Qlx79-SG0zJBkzcBojP1mpbrYsj5ufofLmoxj9ejbrBovJSidpRK0D_i59wpIhahk7r60t0-Ci2hs9Q.W8Om8pYAHdOd2wvwQEqUswR2IhmbCXZ3oHmFHq6_7GI%26dib_tag%3Dse%26keywords%3Dwireless%2Bkeyboard%26qid%3D1733686556%26sr%3D8-139-spons%26sp_csd%3Dd2lkZ2V0TmFtZT1zcF9tdGY%26psc%3D1
"7KEYS Typewriter Keyboard Wireless Retro Style, Vintage Classical Round Keys Metal Mechanical Keyboard with Bluetooth5.0 and Wired for IPAD PC/Laptop Mac/Phone (Black Mini)",$69.99,4.2,868.0,https://www.amazon.com/sspa/click?ie=UTF8&spc=MTo4Mjg0MjA2MzcxNjY1NjMwOjE3MzM2ODY1NTY6c3BfbXRmOjMwMDUzNzYyNTc2NDUwMjo6MDo6&url=%2F7KEYS-Typewriter-Bluetooth-Mechanical-Rechargetable%2Fdp%2FB0CWN7BNC6%2Fref%3Dsr_1_140_sspa%3Fdib%3DeyJ2IjoiMSJ9.TttZTPLqI47kofdZYQpvTC5zO-ZzYeXBAx37huw0ewmvnxFmn-ODADKw-V5h_w9AHeXAdZ7OHo9xOHkkehG4J0a9trMhHK_JCysDSJ9xV9vG_zwIUuGRFwxi0inZB9GbOJb0pK7lJYb4dQc2SFmlor1GU0_4Qlx79-SG0zJBkzcBojP1mpbrYsj5ufofLmoxj9ejbrBovJSidpRK0D_i59wpIhahk7r60t0-Ci2hs9Q.W8Om8pYAHdOd2wvwQEqUswR2IhmbCXZ3oHmFHq6_7GI%26dib_tag%3Dse%26keywords%3Dwireless%2Bkeyboard%26qid%3D1733686556%26sr%3D8-140-spons%26sp_csd%3Dd2lkZ2V0TmFtZT1zcF9tdGY%26psc%3D1
"Wireless Mechanical Keyboard,Triple-Mode 2.4G/USB-C/Bluetooth Gaming Keyboard with RGB Backlit,Efficient Numeric Pad,Red Switches,94 Keys Metal Base PBT Compact Quiet Wired Keyboard for PC Mac iPad",$49.99,4.0,95.0,https://www.amazon.com/Wireless-Mechanical-Triple-Mode-Bluetooth-Efficient/dp/B0BGH9FQHZ/ref=sr_1_141?dib=eyJ2IjoiMSJ9.TttZTPLqI47kofdZYQpvTC5zO-ZzYeXBAx37huw0ewmvnxFmn-ODADKw-V5h_w9AHeXAdZ7OHo9xOHkkehG4J0a9trMhHK_JCysDSJ9xV9vG_zwIUuGRFwxi0inZB9GbOJb0pK7lJYb4dQc2SFmlor1GU0_4Qlx79-SG0zJBkzcBojP1mpbrYsj5ufofLmoxj9ejbrBovJSidpRK0D_i59wpIhahk7r60t0-Ci2hs9Q.W8Om8pYAHdOd2wvwQEqUswR2IhmbCXZ3oHmFHq6_7GI&dib_tag=se&keywords=wireless+keyboard&qid=1733686556&sr=8-141
"Redragon K652 75% Wireless RGB Mechanical Keyboard, Tri-Mode 84 Keys Ultra-Thin Gaming Keyboard w/Aluminum Top Plate, 100% Supported Win/Mac System & Low Profile Blue Switch",$64.99,4.4,343.0,https://www.amazon.com/Redragon-K652-Mechanical-Ultra-Thin-Supported/dp/B0BYJWV36Y/ref=sr_1_142?dib=eyJ2IjoiMSJ9.TttZTPLqI47kofdZYQpvTC5zO-ZzYeXBAx37huw0ewmvnxFmn-ODADKw-V5h_w9AHeXAdZ7OHo9xOHkkehG4J0a9trMhHK_JCysDSJ9xV9vG_zwIUuGRFwxi0inZB9GbOJb0pK7lJYb4dQc2SFmlor1GU0_4Qlx79-SG0zJBkzcBojP1mpbrYsj5ufofLmoxj9ejbrBovJSidpRK0D_i59wpIhahk7r60t0-Ci2hs9Q.W8Om8pYAHdOd2wvwQEqUswR2IhmbCXZ3oHmFHq6_7GI&dib_tag=se&keywords=wireless+keyboard&qid=1733686556&sr=8-142
Renewed Klim Chroma Wireless Gaming Keyboard RGB - Rechargeable Battery - Quick & Quiet Typing - Water Resistant Backlit Wireless Keyboard for PC PS5 PS4 Xbox One Mac - Black (Renewed),$18.97,4.2,128.0,https://www.amazon.com/KLIM-Rechargeable-Wireless-Ergonomic-Waterproof/dp/B08HY7MBPY/ref=sr_1_143?dib=eyJ2IjoiMSJ9.TttZTPLqI47kofdZYQpvTC5zO-ZzYeXBAx37huw0ewmvnxFmn-ODADKw-V5h_w9AHeXAdZ7OHo9xOHkkehG4J0a9trMhHK_JCysDSJ9xV9vG_zwIUuGRFwxi0inZB9GbOJb0pK7lJYb4dQc2SFmlor1GU0_4Qlx79-SG0zJBkzcBojP1mpbrYsj5ufofLmoxj9ejbrBovJSidpRK0D_i59wpIhahk7r60t0-Ci2hs9Q.W8Om8pYAHdOd2wvwQEqUswR2IhmbCXZ3oHmFHq6_7GI&dib_tag=se&keywords=wireless+keyboard&qid=1733686556&sr=8-143
"Rii K18 Plus Wireless 3-LED Color Backlit Multimedia Keyboard with Multi-Touch Big Size Trackpad,Rechargable Keyboard for Android TV Box,PC,Smart TV,Xbox,Raspberry Pi, HTPC IPTV,Windows, MacOS (2.4G)",$26.99,3.9,5294.0,https://www.amazon.com/Rii-Wireless-Keyboard-Rechargable-Raspberry/dp/B077VYRMC1/ref=sr_1_144?dib=eyJ2IjoiMSJ9.TttZTPLqI47kofdZYQpvTC5zO-ZzYeXBAx37huw0ewmvnxFmn-ODADKw-V5h_w9AHeXAdZ7OHo9xOHkkehG4J0a9trMhHK_JCysDSJ9xV9vG_zwIUuGRFwxi0inZB9GbOJb0pK7lJYb4dQc2SFmlor1GU0_4Qlx79-SG0zJBkzcBojP1mpbrYsj5ufofLmoxj9ejbrBovJSidpRK0D_i59wpIhahk7r60t0-Ci2hs9Q.W8Om8pYAHdOd2wvwQEqUswR2IhmbCXZ3oHmFHq6_7GI&dib_tag=se&keywords=wireless+keyboard&qid=1733686556&sr=8-144
"RedThunder K10 Wireless Gaming Keyboard, Rechargeable 3000mAh 2.4G LED Backlit Wireless Keyboard, Ergonomic Keyboard with Mechanical Feeling Keys for PC PS4 Xbox One Mac, Teclado Gamer, Black",$29.99,4.1,1658.0,https://www.amazon.com/RedThunder-Wireless-Rechargeable-Ergonomic-Mechanical/dp/B0951YQGFJ/ref=sr_1_145?dib=eyJ2IjoiMSJ9.TttZTPLqI47kofdZYQpvTC5zO-ZzYeXBAx37huw0ewmvnxFmn-ODADKw-V5h_w9AHeXAdZ7OHo9xOHkkehG4J0a9trMhHK_JCysDSJ9xV9vG_zwIUuGRFwxi0inZB9GbOJb0pK7lJYb4dQc2SFmlor1GU0_4Qlx79-SG0zJBkzcBojP1mpbrYsj5ufofLmoxj9ejbrBovJSidpRK0D_i59wpIhahk7r60t0-Ci2hs9Q.W8Om8pYAHdOd2wvwQEqUswR2IhmbCXZ3oHmFHq6_7GI&dib_tag=se&keywords=wireless+keyboard&qid=1733686556&sr=8-145
"Arteck Universal Backlit 7-Colors Ultra Light Slim Portable Wireless Bluetooth 3.0 Keyboard for iOS iPad Pro, Air, Mini, Android, Windows Tablets PC Smartphone Built in Rechargeable 6-Month Battery",$23.99,4.4,28446.0,https://www.amazon.com/Arteck-HB030B-Universal-Bluetooth-Rechargeable/dp/B00X5P8BJO/ref=sr_1_146?dib=eyJ2IjoiMSJ9.TttZTPLqI47kofdZYQpvTC5zO-ZzYeXBAx37huw0ewmvnxFmn-ODADKw-V5h_w9AHeXAdZ7OHo9xOHkkehG4J0a9trMhHK_JCysDSJ9xV9vG_zwIUuGRFwxi0inZB9GbOJb0pK7lJYb4dQc2SFmlor1GU0_4Qlx79-SG0zJBkzcBojP1mpbrYsj5ufofLmoxj9ejbrBovJSidpRK0D_i59wpIhahk7r60t0-Ci2hs9Q.W8Om8pYAHdOd2wvwQEqUswR2IhmbCXZ3oHmFHq6_7GI&dib_tag=se&keywords=wireless+keyboard&qid=1733686556&sr=8-146
"CHONCHOW Wireless LED Keyboard, Rechargeable 87 Key RGB LED Backlit Wireless Keyboard, Ergonomic Light up Gaming Keyboard Wireless for PC PS4 PS5 Xbox One",$21.99,4.3,2645.0,https://www.amazon.com/CHONCHOW-Wireless-Rechargeable-Ergonomic-inal%C3%A1mbrico/dp/B09B9R3XRR/ref=sr_1_147?dib=eyJ2IjoiMSJ9.TttZTPLqI47kofdZYQpvTC5zO-ZzYeXBAx37huw0ewmvnxFmn-ODADKw-V5h_w9AHeXAdZ7OHo9xOHkkehG4J0a9trMhHK_JCysDSJ9xV9vG_zwIUuGRFwxi0inZB9GbOJb0pK7lJYb4dQc2SFmlor1GU0_4Qlx79-SG0zJBkzcBojP1mpbrYsj5ufofLmoxj9ejbrBovJSidpRK0D_i59wpIhahk7r60t0-Ci2hs9Q.W8Om8pYAHdOd2wvwQEqUswR2IhmbCXZ3oHmFHq6_7GI&dib_tag=se&keywords=wireless+keyboard&qid=1733686556&sr=8-147
"Wireless Keyboard and Mouse Combo, 9 Backlit Effects, Wrist Rest, Phone Holder, 2.4G Lag-Free Ergonomic Keyboards, Rechargeable Silent Cordless Set for Computer, Laptop, PC, Mac, Windows -SABLUTE",$40.99,4.1,1041.0,https://www.amazon.com/Wireless-Keyboard-Ergonomic-Keyboards-Rechargeable/dp/B0CBV3BS4W/ref=sr_1_148?dib=eyJ2IjoiMSJ9.TttZTPLqI47kofdZYQpvTC5zO-ZzYeXBAx37huw0ewmvnxFmn-ODADKw-V5h_w9AHeXAdZ7OHo9xOHkkehG4J0a9trMhHK_JCysDSJ9xV9vG_zwIUuGRFwxi0inZB9GbOJb0pK7lJYb4dQc2SFmlor1GU0_4Qlx79-SG0zJBkzcBojP1mpbrYsj5ufofLmoxj9ejbrBovJSidpRK0D_i59wpIhahk7r60t0-Ci2hs9Q.W8Om8pYAHdOd2wvwQEqUswR2IhmbCXZ3oHmFHq6_7GI&dib_tag=se&keywords=wireless+keyboard&qid=1733686556&sr=8-148
"MOFII Wireless Keyboard and Mouse Combo, Full Size 2.4G Plug and Play Typewriter Retro Round Computer Keyboard and Mouse Set for Windows, Computer, Desktop, PC, Notebook - (Blue Colorful)",$39.99,4.4,6664.0,https://www.amazon.com/sspa/click?ie=UTF8&spc=MTo4Mjg0MjA2MzcxNjY1NjMwOjE3MzM2ODY1NTY6c3BfYnRmOjMwMDI4MTU2ODk0MjMwMjo6MDo6&url=%2FMOFII-Wireless-Keyboard-Typewriter-Computer%2Fdp%2FB0D2D5J59M%2Fref%3Dsr_1_149_sspa%3Fdib%3DeyJ2IjoiMSJ9.TttZTPLqI47kofdZYQpvTC5zO-ZzYeXBAx37huw0ewmvnxFmn-ODADKw-V5h_w9AHeXAdZ7OHo9xOHkkehG4J0a9trMhHK_JCysDSJ9xV9vG_zwIUuGRFwxi0inZB9GbOJb0pK7lJYb4dQc2SFmlor1GU0_4Qlx79-SG0zJBkzcBojP1mpbrYsj5ufofLmoxj9ejbrBovJSidpRK0D_i59wpIhahk7r60t0-Ci2hs9Q.W8Om8pYAHdOd2wvwQEqUswR2IhmbCXZ3oHmFHq6_7GI%26dib_tag%3Dse%26keywords%3Dwireless%2Bkeyboard%26qid%3D1733686556%26sr%3D8-149-spons%26sp_csd%3Dd2lkZ2V0TmFtZT1zcF9idGY%26psc%3D1
"MOFii Wireless Keyboard Mouse Combo, Colorful Typewriter Full-Sized Keyboard and 2.4GHz USB Connected Mouse for Office Computer, Desktop, Laptop, PC, Windows 7/8/10 (Purple)",$39.99,4.2,1033.0,https://www.amazon.com/sspa/click?ie=UTF8&spc=MTo4Mjg0MjA2MzcxNjY1NjMwOjE3MzM2ODY1NTY6c3BfYnRmOjMwMDAyODAwOTc5NDYwMjo6MDo6&url=%2FWireless-Keyboard-Typewriter-Full-Sized-Connected%2Fdp%2FB0BCFY1KBP%2Fref%3Dsr_1_150_sspa%3Fdib%3DeyJ2IjoiMSJ9.TttZTPLqI47kofdZYQpvTC5zO-ZzYeXBAx37huw0ewmvnxFmn-ODADKw-V5h_w9AHeXAdZ7OHo9xOHkkehG4J0a9trMhHK_JCysDSJ9xV9vG_zwIUuGRFwxi0inZB9GbOJb0pK7lJYb4dQc2SFmlor1GU0_4Qlx79-SG0zJBkzcBojP1mpbrYsj5ufofLmoxj9ejbrBovJSidpRK0D_i59wpIhahk7r60t0-Ci2hs9Q.W8Om8pYAHdOd2wvwQEqUswR2IhmbCXZ3oHmFHq6_7GI%26dib_tag%3Dse%26keywords%3Dwireless%2Bkeyboard%26qid%3D1733686556%26sr%3D8-150-spons%26sp_csd%3Dd2lkZ2V0TmFtZT1zcF9idGY%26psc%3D1
FOPETT 2.4GHz Wireless Keyboard and Mouse Set with Switch Button - Full-Size Keyboard - Compatible for Windows/Laptop/PC/Notebook/Smart TV and More - White Green,$38.99,4.3,2868.0,https://www.amazon.com/sspa/click?ie=UTF8&spc=MTo4MzI1NDE0MzE5NDQwMjIyOjE3MzM2ODY1Nzg6c3BfYXRmX25leHQ6MzAwMjk3ODIxOTIyNTAyOjowOjo&url=%2FFOPETT-2-4GHz-Wireless-Keyboard-Switch%2Fdp%2FB0D46R4T6T%2Fref%3Dsr_1_145_sspa%3Fdib%3DeyJ2IjoiMSJ9.x25fM04cbxaIRFbMlTLyV28_IF85jIbCNsfe30uGwldyONPNjlADQ-wVVDLxd6L-G1hZxMbzxYfAt_mjcYxzHoEMzNrLPB58n2qfaY7lMDF6kYQq0HO2UsmzfvjdF6cn3kBtahCHlfFK_zNk87SHsBYuKg-rRJ4RTvDnvzztcJY8fCB63m8HPIfT-Q-_uZ23V8GpfGwWioSjZ3bjmAV1gyahxUiGbt2DgulJ8gXnLow.x6aAkajur9MCtjuWf2ovHPxQP2R8hCkHbg1JgbxIAv4%26dib_tag%3Dse%26keywords%3Dwireless%2Bkeyboard%26qid%3D1733686578%26sr%3D8-145-spons%26sp_csd%3Dd2lkZ2V0TmFtZT1zcF9hdGZfbmV4dA%26psc%3D1
"Wireless Keyboard and Mouse Combo, Full-Size 2.4G Ergonomic Computer Keyboard with Wrist Rest, 12+10 Multimedia Hotkeys, 4-Level 2400 DPI Wireless Mouse for Laptop/PC/Desktop,Windows/Mac OS",$25.99,4.3,312.0,https://www.amazon.com/sspa/click?ie=UTF8&spc=MTo4MzI1NDE0MzE5NDQwMjIyOjE3MzM2ODY1Nzg6c3BfYXRmX25leHQ6MzAwNTgwODgyNDA2NDAyOjowOjo&url=%2FVEILZOR-Wireless-Full-Size-Ergonomic-Multimedia%2Fdp%2FB0CQN5V716%2Fref%3Dsr_1_146_sspa%3Fdib%3DeyJ2IjoiMSJ9.x25fM04cbxaIRFbMlTLyV28_IF85jIbCNsfe30uGwldyONPNjlADQ-wVVDLxd6L-G1hZxMbzxYfAt_mjcYxzHoEMzNrLPB58n2qfaY7lMDF6kYQq0HO2UsmzfvjdF6cn3kBtahCHlfFK_zNk87SHsBYuKg-rRJ4RTvDnvzztcJY8fCB63m8HPIfT-Q-_uZ23V8GpfGwWioSjZ3bjmAV1gyahxUiGbt2DgulJ8gXnLow.x6aAkajur9MCtjuWf2ovHPxQP2R8hCkHbg1JgbxIAv4%26dib_tag%3Dse%26keywords%3Dwireless%2Bkeyboard%26qid%3D1733686578%26sr%3D8-146-spons%26sp_csd%3Dd2lkZ2V0TmFtZT1zcF9hdGZfbmV4dA%26psc%3D1%26smid%3DAZVSJ3W66C9FZ
"Rii K18 Plus Wireless 3-LED Color Backlit Multimedia Keyboard with Multi-Touch Big Size Trackpad,Rechargable Keyboard for Android TV Box,PC,Smart TV,Xbox,Raspberry Pi, HTPC IPTV,Windows, MacOS (2.4G)",$26.99,3.9,5294.0,https://www.amazon.com/Rii-Wireless-Keyboard-Rechargable-Raspberry/dp/B077VYRMC1/ref=sr_1_147?dib=eyJ2IjoiMSJ9.x25fM04cbxaIRFbMlTLyV28_IF85jIbCNsfe30uGwldyONPNjlADQ-wVVDLxd6L-G1hZxMbzxYfAt_mjcYxzHoEMzNrLPB58n2qfaY7lMDF6kYQq0HO2UsmzfvjdF6cn3kBtahCHlfFK_zNk87SHsBYuKg-rRJ4RTvDnvzztcJY8fCB63m8HPIfT-Q-_uZ23V8GpfGwWioSjZ3bjmAV1gyahxUiGbt2DgulJ8gXnLow.x6aAkajur9MCtjuWf2ovHPxQP2R8hCkHbg1JgbxIAv4&dib_tag=se&keywords=wireless+keyboard&qid=1733686578&sr=8-147
Renewed Klim Chroma Wireless Gaming Keyboard RGB - Rechargeable Battery - Quick & Quiet Typing - Water Resistant Backlit Wireless Keyboard for PC PS5 PS4 Xbox One Mac - Black (Renewed),$18.97,4.2,128.0,https://www.amazon.com/KLIM-Rechargeable-Wireless-Ergonomic-Waterproof/dp/B08HY7MBPY/ref=sr_1_148?dib=eyJ2IjoiMSJ9.x25fM04cbxaIRFbMlTLyV28_IF85jIbCNsfe30uGwldyONPNjlADQ-wVVDLxd6L-G1hZxMbzxYfAt_mjcYxzHoEMzNrLPB58n2qfaY7lMDF6kYQq0HO2UsmzfvjdF6cn3kBtahCHlfFK_zNk87SHsBYuKg-rRJ4RTvDnvzztcJY8fCB63m8HPIfT-Q-_uZ23V8GpfGwWioSjZ3bjmAV1gyahxUiGbt2DgulJ8gXnLow.x6aAkajur9MCtjuWf2ovHPxQP2R8hCkHbg1JgbxIAv4&dib_tag=se&keywords=wireless+keyboard&qid=1733686578&sr=8-148
"RedThunder K10 Wireless Gaming Keyboard, Rechargeable 3000mAh 2.4G LED Backlit Wireless Keyboard, Ergonomic Keyboard with Mechanical Feeling Keys for PC PS4 Xbox One Mac, Teclado Gamer, Black",$29.99,4.1,1658.0,https://www.amazon.com/RedThunder-Wireless-Rechargeable-Ergonomic-Mechanical/dp/B0951YQGFJ/ref=sr_1_149?dib=eyJ2IjoiMSJ9.x25fM04cbxaIRFbMlTLyV28_IF85jIbCNsfe30uGwldyONPNjlADQ-wVVDLxd6L-G1hZxMbzxYfAt_mjcYxzHoEMzNrLPB58n2qfaY7lMDF6kYQq0HO2UsmzfvjdF6cn3kBtahCHlfFK_zNk87SHsBYuKg-rRJ4RTvDnvzztcJY8fCB63m8HPIfT-Q-_uZ23V8GpfGwWioSjZ3bjmAV1gyahxUiGbt2DgulJ8gXnLow.x6aAkajur9MCtjuWf2ovHPxQP2R8hCkHbg1JgbxIAv4&dib_tag=se&keywords=wireless+keyboard&qid=1733686578&sr=8-149
"Rii Wireless Bluetooth Keyboard,Multi Device Rechargeable Keyboard Stainless Steel Ultra Slim Bluetooth Keyboard with Multi-Touch Touchpad,Compatible with PC, Mac, Laptop(2.4G+BT New)",$24.99,3.9,1071.0,https://www.amazon.com/Rii-Bluetooth-Rechargeable-Multi-Touch-Compatible/dp/B0CCD27546/ref=sr_1_150?dib=eyJ2IjoiMSJ9.x25fM04cbxaIRFbMlTLyV28_IF85jIbCNsfe30uGwldyONPNjlADQ-wVVDLxd6L-G1hZxMbzxYfAt_mjcYxzHoEMzNrLPB58n2qfaY7lMDF6kYQq0HO2UsmzfvjdF6cn3kBtahCHlfFK_zNk87SHsBYuKg-rRJ4RTvDnvzztcJY8fCB63m8HPIfT-Q-_uZ23V8GpfGwWioSjZ3bjmAV1gyahxUiGbt2DgulJ8gXnLow.x6aAkajur9MCtjuWf2ovHPxQP2R8hCkHbg1JgbxIAv4&dib_tag=se&keywords=wireless+keyboard&qid=1733686578&sr=8-150
"Wireless Keyboard and Mouse Combo, 15 Backlit Effects, Phone Holder, Rechargeable Silent Hibernation Keyboard and Mouse Wireless for Mac, Windows, PC, Laptop",$35.99,4.1,135.0,https://www.amazon.com/Veilzor-Wireless-Keyboard-Rechargeable-Computer/dp/B0CJJFHWCQ/ref=sr_1_151?dib=eyJ2IjoiMSJ9.x25fM04cbxaIRFbMlTLyV28_IF85jIbCNsfe30uGwldyONPNjlADQ-wVVDLxd6L-G1hZxMbzxYfAt_mjcYxzHoEMzNrLPB58n2qfaY7lMDF6kYQq0HO2UsmzfvjdF6cn3kBtahCHlfFK_zNk87SHsBYuKg-rRJ4RTvDnvzztcJY8fCB63m8HPIfT-Q-_uZ23V8GpfGwWioSjZ3bjmAV1gyahxUiGbt2DgulJ8gXnLow.x6aAkajur9MCtjuWf2ovHPxQP2R8hCkHbg1JgbxIAv4&dib_tag=se&keywords=wireless+keyboard&qid=1733686578&sr=8-151
"Arteck Universal Backlit 7-Colors Ultra Light Slim Portable Wireless Bluetooth 3.0 Keyboard for iOS iPad Pro, Air, Mini, Android, Windows Tablets PC Smartphone Built in Rechargeable 6-Month Battery",$23.99,4.4,28446.0,https://www.amazon.com/Arteck-HB030B-Universal-Bluetooth-Rechargeable/dp/B00X5P8BJO/ref=sr_1_152?dib=eyJ2IjoiMSJ9.x25fM04cbxaIRFbMlTLyV28_IF85jIbCNsfe30uGwldyONPNjlADQ-wVVDLxd6L-G1hZxMbzxYfAt_mjcYxzHoEMzNrLPB58n2qfaY7lMDF6kYQq0HO2UsmzfvjdF6cn3kBtahCHlfFK_zNk87SHsBYuKg-rRJ4RTvDnvzztcJY8fCB63m8HPIfT-Q-_uZ23V8GpfGwWioSjZ3bjmAV1gyahxUiGbt2DgulJ8gXnLow.x6aAkajur9MCtjuWf2ovHPxQP2R8hCkHbg1JgbxIAv4&dib_tag=se&keywords=wireless+keyboard&qid=1733686578&sr=8-152
"CHONCHOW Wireless LED Keyboard, Rechargeable 87 Key RGB LED Backlit Wireless Keyboard, Ergonomic Light up Gaming Keyboard Wireless for PC PS4 PS5 Xbox One",$21.99,4.3,2645.0,https://www.amazon.com/CHONCHOW-Wireless-Rechargeable-Ergonomic-inal%C3%A1mbrico/dp/B09B9R3XRR/ref=sr_1_153?dib=eyJ2IjoiMSJ9.x25fM04cbxaIRFbMlTLyV28_IF85jIbCNsfe30uGwldyONPNjlADQ-wVVDLxd6L-G1hZxMbzxYfAt_mjcYxzHoEMzNrLPB58n2qfaY7lMDF6kYQq0HO2UsmzfvjdF6cn3kBtahCHlfFK_zNk87SHsBYuKg-rRJ4RTvDnvzztcJY8fCB63m8HPIfT-Q-_uZ23V8GpfGwWioSjZ3bjmAV1gyahxUiGbt2DgulJ8gXnLow.x6aAkajur9MCtjuWf2ovHPxQP2R8hCkHbg1JgbxIAv4&dib_tag=se&keywords=wireless+keyboard&qid=1733686578&sr=8-153
"Wireless Keyboard and Mouse Combo, 9 Backlit Effects, Wrist Rest, Phone Holder, 2.4G Lag-Free Ergonomic Keyboards, Rechargeable Silent Cordless Set for Computer, Laptop, PC, Mac, Windows -SABLUTE",$40.99,4.1,1041.0,https://www.amazon.com/Wireless-Keyboard-Ergonomic-Keyboards-Rechargeable/dp/B0CBV3BS4W/ref=sr_1_154?dib=eyJ2IjoiMSJ9.x25fM04cbxaIRFbMlTLyV28_IF85jIbCNsfe30uGwldyONPNjlADQ-wVVDLxd6L-G1hZxMbzxYfAt_mjcYxzHoEMzNrLPB58n2qfaY7lMDF6kYQq0HO2UsmzfvjdF6cn3kBtahCHlfFK_zNk87SHsBYuKg-rRJ4RTvDnvzztcJY8fCB63m8HPIfT-Q-_uZ23V8GpfGwWioSjZ3bjmAV1gyahxUiGbt2DgulJ8gXnLow.x6aAkajur9MCtjuWf2ovHPxQP2R8hCkHbg1JgbxIAv4&dib_tag=se&keywords=wireless+keyboard&qid=1733686578&sr=8-154
"UBOTIE Bluetooth Wireless Keyboards, Colorful Cute Cat Deisgn Office Keyboards, Portable Slim Compact Size for Laptop, Tablet, Smart Phones(Blue-Colorful)",$29.99,4.0,75.0,https://www.amazon.com/sspa/click?ie=UTF8&spc=MTo4MzI1NDE0MzE5NDQwMjIyOjE3MzM2ODY1Nzg6c3BfbXRmOjIwMDA4MDkyNTM3ODY5ODo6MDo6&url=%2FUBOTIE-Bluetooth-Wireless-Keyboards-Blue-Colorful%2Fdp%2FB0B5F1G194%2Fref%3Dsr_1_155_sspa%3Fdib%3DeyJ2IjoiMSJ9.x25fM04cbxaIRFbMlTLyV28_IF85jIbCNsfe30uGwldyONPNjlADQ-wVVDLxd6L-G1hZxMbzxYfAt_mjcYxzHoEMzNrLPB58n2qfaY7lMDF6kYQq0HO2UsmzfvjdF6cn3kBtahCHlfFK_zNk87SHsBYuKg-rRJ4RTvDnvzztcJY8fCB63m8HPIfT-Q-_uZ23V8GpfGwWioSjZ3bjmAV1gyahxUiGbt2DgulJ8gXnLow.x6aAkajur9MCtjuWf2ovHPxQP2R8hCkHbg1JgbxIAv4%26dib_tag%3Dse%26keywords%3Dwireless%2Bkeyboard%26qid%3D1733686578%26sr%3D8-155-spons%26sp_csd%3Dd2lkZ2V0TmFtZT1zcF9tdGY%26psc%3D1
"Wireless Number Pads, Cute Colorful Numeric Keypad Numpad Portable 2.4 GHz Financial Accounting Number Keyboard Extensions, 18 Key Number Numpad for Laptop Desktop, PC (Purple)",$17.99,4.6,19.0,https://www.amazon.com/sspa/click?ie=UTF8&spc=MTo4MzI1NDE0MzE5NDQwMjIyOjE3MzM2ODY1Nzg6c3BfbXRmOjMwMDI4Nzk0MjE0NzcwMjo6MDo6&url=%2FMOWUX-Wireless-Financial-Accounting-Extensions%2Fdp%2FB0D5CZH3GY%2Fref%3Dsr_1_156_sspa%3Fdib%3DeyJ2IjoiMSJ9.x25fM04cbxaIRFbMlTLyV28_IF85jIbCNsfe30uGwldyONPNjlADQ-wVVDLxd6L-G1hZxMbzxYfAt_mjcYxzHoEMzNrLPB58n2qfaY7lMDF6kYQq0HO2UsmzfvjdF6cn3kBtahCHlfFK_zNk87SHsBYuKg-rRJ4RTvDnvzztcJY8fCB63m8HPIfT-Q-_uZ23V8GpfGwWioSjZ3bjmAV1gyahxUiGbt2DgulJ8gXnLow.x6aAkajur9MCtjuWf2ovHPxQP2R8hCkHbg1JgbxIAv4%26dib_tag%3Dse%26keywords%3Dwireless%2Bkeyboard%26qid%3D1733686578%26sr%3D8-156-spons%26sp_csd%3Dd2lkZ2V0TmFtZT1zcF9tdGY%26psc%3D1
"iClever Wireless Keyboard and Mouse, GK08 Wireless Keyboard Mouse Combo, Ergonomic, Quiet, Full Size Design with Number Pad, 2.4G Connection Slim Mac Keyboard and Mouse for Windows Mac OS Computer",$36.99,4.3,9334.0,https://www.amazon.com/iClever-Wireless-Keyboard-Mouse-Rechargeable/dp/B07VPMTWMC/ref=sr_1_157?dib=eyJ2IjoiMSJ9.x25fM04cbxaIRFbMlTLyV28_IF85jIbCNsfe30uGwldyONPNjlADQ-wVVDLxd6L-G1hZxMbzxYfAt_mjcYxzHoEMzNrLPB58n2qfaY7lMDF6kYQq0HO2UsmzfvjdF6cn3kBtahCHlfFK_zNk87SHsBYuKg-rRJ4RTvDnvzztcJY8fCB63m8HPIfT-Q-_uZ23V8GpfGwWioSjZ3bjmAV1gyahxUiGbt2DgulJ8gXnLow.x6aAkajur9MCtjuWf2ovHPxQP2R8hCkHbg1JgbxIAv4&dib_tag=se&keywords=wireless+keyboard&qid=1733686578&sr=8-157
"ARZOPA Wireless Mechanical Gaming Keyboard, 87 Keys RGB Backlit Gasket Mount PC Gaming Keyboard, Compact Hot-Swappable Mechanical Keyboard, Sound Absorbing Pads, Custom Switch-K87",$94.99,4.4,76.0,https://www.amazon.com/ARZOPA-Mechanical-Hot-Swappable-Absorbing-Switch-K87/dp/B0D3TZCLSK/ref=sr_1_158?dib=eyJ2IjoiMSJ9.x25fM04cbxaIRFbMlTLyV28_IF85jIbCNsfe30uGwldyONPNjlADQ-wVVDLxd6L-G1hZxMbzxYfAt_mjcYxzHoEMzNrLPB58n2qfaY7lMDF6kYQq0HO2UsmzfvjdF6cn3kBtahCHlfFK_zNk87SHsBYuKg-rRJ4RTvDnvzztcJY8fCB63m8HPIfT-Q-_uZ23V8GpfGwWioSjZ3bjmAV1gyahxUiGbt2DgulJ8gXnLow.x6aAkajur9MCtjuWf2ovHPxQP2R8hCkHbg1JgbxIAv4&dib_tag=se&keywords=wireless+keyboard&qid=1733686578&sr=8-158
"Womier S-K80 75% Keyboard with Color Multimedia Display Mechanical Gaming Keyboard, Wired Hot Swappable Keyboard, Gasket Mount RGB Custom Keyboard, Pre-lubed Stabilizer for Mac/Win, Black Kanagawa",$69.99,4.6,576.0,https://www.amazon.com/XVX-Mechanical-Swappable-Pre-lubed-Stabilizer/dp/B0C9ZJHQHM/ref=sr_1_159?dib=eyJ2IjoiMSJ9.x25fM04cbxaIRFbMlTLyV28_IF85jIbCNsfe30uGwldyONPNjlADQ-wVVDLxd6L-G1hZxMbzxYfAt_mjcYxzHoEMzNrLPB58n2qfaY7lMDF6kYQq0HO2UsmzfvjdF6cn3kBtahCHlfFK_zNk87SHsBYuKg-rRJ4RTvDnvzztcJY8fCB63m8HPIfT-Q-_uZ23V8GpfGwWioSjZ3bjmAV1gyahxUiGbt2DgulJ8gXnLow.x6aAkajur9MCtjuWf2ovHPxQP2R8hCkHbg1JgbxIAv4&dib_tag=se&keywords=wireless+keyboard&qid=1733686578&sr=8-159
"KOORUI Wired Gaming Keyboard, Full Size Ergonomic Mechanical Keyboard,12 Shortcut Keys,RGB Backlit Light Up Keyboard for Laptop/PC/Windows/Mac (Black)",$15.99,4.4,874.0,https://www.amazon.com/KOORUI-Wireless-Keyboard-Multimedia-Shortcut/dp/B0BZ4562W5/ref=sr_1_160?dib=eyJ2IjoiMSJ9.x25fM04cbxaIRFbMlTLyV28_IF85jIbCNsfe30uGwldyONPNjlADQ-wVVDLxd6L-G1hZxMbzxYfAt_mjcYxzHoEMzNrLPB58n2qfaY7lMDF6kYQq0HO2UsmzfvjdF6cn3kBtahCHlfFK_zNk87SHsBYuKg-rRJ4RTvDnvzztcJY8fCB63m8HPIfT-Q-_uZ23V8GpfGwWioSjZ3bjmAV1gyahxUiGbt2DgulJ8gXnLow.x6aAkajur9MCtjuWf2ovHPxQP2R8hCkHbg1JgbxIAv4&dib_tag=se&keywords=wireless+keyboard&qid=1733686578&sr=8-160
"AULA Keyboard, T102 104 Keys Gaming Keyboard and Mouse Combo with RGB Backlit Quiet Computer Keyboard, All-Metal Panel, Waterproof Light Up PC Keyboard, USB Wired Keyboard Gaming for MAC Xbox PC Gamer",$29.99,4.4,2066.0,https://www.amazon.com/AULA-Keyboard-Backlit-Computer-Windows/dp/B0B3RJML38/ref=sr_1_161?dib=eyJ2IjoiMSJ9.x25fM04cbxaIRFbMlTLyV28_IF85jIbCNsfe30uGwldyONPNjlADQ-wVVDLxd6L-G1hZxMbzxYfAt_mjcYxzHoEMzNrLPB58n2qfaY7lMDF6kYQq0HO2UsmzfvjdF6cn3kBtahCHlfFK_zNk87SHsBYuKg-rRJ4RTvDnvzztcJY8fCB63m8HPIfT-Q-_uZ23V8GpfGwWioSjZ3bjmAV1gyahxUiGbt2DgulJ8gXnLow.x6aAkajur9MCtjuWf2ovHPxQP2R8hCkHbg1JgbxIAv4&dib_tag=se&keywords=wireless+keyboard&qid=1733686578&sr=8-161
"MOFII Wireless Keyboard and Mouse Combo, Blue Retro Keyboard with Round Keycaps, 2.4GHz Dropout-Free Connection, Cute Wireless Mouse for PC/Laptop/Mac/Windows XP/7/8/10 (Blue-Colorful)",$39.99,4.4,6664.0,https://www.amazon.com/Wireless-Dropout-Free-Connection-Compatible-Blue-Colorful/dp/B08N4B8Z1J/ref=sr_1_162?dib=eyJ2IjoiMSJ9.x25fM04cbxaIRFbMlTLyV28_IF85jIbCNsfe30uGwldyONPNjlADQ-wVVDLxd6L-G1hZxMbzxYfAt_mjcYxzHoEMzNrLPB58n2qfaY7lMDF6kYQq0HO2UsmzfvjdF6cn3kBtahCHlfFK_zNk87SHsBYuKg-rRJ4RTvDnvzztcJY8fCB63m8HPIfT-Q-_uZ23V8GpfGwWioSjZ3bjmAV1gyahxUiGbt2DgulJ8gXnLow.x6aAkajur9MCtjuWf2ovHPxQP2R8hCkHbg1JgbxIAv4&dib_tag=se&keywords=wireless+keyboard&qid=1733686578&sr=8-162
"CHONCHOW Wireless Gaming Keyboard and Mouse Combo, Rechargeable 87 Key LED Light Up Keyboard Ergonomic Wireless Gaming Mouse, Backlit Wireless Gaming Mouse and Keyboard for Xbox PS4 PS4 PC Laptop",$47.99,4.3,3218.0,https://www.amazon.com/CHONCHOW-Wireless-Keyboard-Rechargeable-Ergonomic/dp/B09S9P83MH/ref=sr_1_163?dib=eyJ2IjoiMSJ9.x25fM04cbxaIRFbMlTLyV28_IF85jIbCNsfe30uGwldyONPNjlADQ-wVVDLxd6L-G1hZxMbzxYfAt_mjcYxzHoEMzNrLPB58n2qfaY7lMDF6kYQq0HO2UsmzfvjdF6cn3kBtahCHlfFK_zNk87SHsBYuKg-rRJ4RTvDnvzztcJY8fCB63m8HPIfT-Q-_uZ23V8GpfGwWioSjZ3bjmAV1gyahxUiGbt2DgulJ8gXnLow.x6aAkajur9MCtjuWf2ovHPxQP2R8hCkHbg1JgbxIAv4&dib_tag=se&keywords=wireless+keyboard&qid=1733686578&sr=8-163
"Wireless Keyboard and Mouse Backlits, Wrist Rest, Jiggler Mouse, Rechargeable Ergonomic Keyboard with Phone Holder, Silent Light Up Combo for Computer, Mac, PC, Laptop, Chromebook (Black)",$49.99,4.1,1888.0,https://www.amazon.com/Wireless-Keyboard-Colored-Backlits-Holder/dp/B0BG21S94B/ref=sr_1_164?dib=eyJ2IjoiMSJ9.x25fM04cbxaIRFbMlTLyV28_IF85jIbCNsfe30uGwldyONPNjlADQ-wVVDLxd6L-G1hZxMbzxYfAt_mjcYxzHoEMzNrLPB58n2qfaY7lMDF6kYQq0HO2UsmzfvjdF6cn3kBtahCHlfFK_zNk87SHsBYuKg-rRJ4RTvDnvzztcJY8fCB63m8HPIfT-Q-_uZ23V8GpfGwWioSjZ3bjmAV1gyahxUiGbt2DgulJ8gXnLow.x6aAkajur9MCtjuWf2ovHPxQP2R8hCkHbg1JgbxIAv4&dib_tag=se&keywords=wireless+keyboard&qid=1733686578&sr=8-164
"Rapoo 9010M Multi-Device Keyboard and Mouse Combo, 2.4GHz/Bluetooth 5.0/4.0 Wireless Keyboard & Mouse Set for Windows/Mac/Linux/Chrome, Support 4 Devices, Low-Profile Silent Click, Battery Powered",$19.99,4.2,119.0,https://www.amazon.com/sspa/click?ie=UTF8&spc=MTo4MzI1NDE0MzE5NDQwMjIyOjE3MzM2ODY1Nzg6c3BfYnRmOjMwMDI4NjAxNDcwOTIwMjo6MDo6&url=%2FRapoo-9010M-Multi-Device-Bluetooth-Low-Profile%2Fdp%2FB0CX4FNR96%2Fref%3Dsr_1_165_sspa%3Fdib%3DeyJ2IjoiMSJ9.x25fM04cbxaIRFbMlTLyV28_IF85jIbCNsfe30uGwldyONPNjlADQ-wVVDLxd6L-G1hZxMbzxYfAt_mjcYxzHoEMzNrLPB58n2qfaY7lMDF6kYQq0HO2UsmzfvjdF6cn3kBtahCHlfFK_zNk87SHsBYuKg-rRJ4RTvDnvzztcJY8fCB63m8HPIfT-Q-_uZ23V8GpfGwWioSjZ3bjmAV1gyahxUiGbt2DgulJ8gXnLow.x6aAkajur9MCtjuWf2ovHPxQP2R8hCkHbg1JgbxIAv4%26dib_tag%3Dse%26keywords%3Dwireless%2Bkeyboard%26qid%3D1733686578%26sr%3D8-165-spons%26sp_csd%3Dd2lkZ2V0TmFtZT1zcF9idGY%26psc%3D1
"Wireless Keyboard and Mouse Combo, MOFII Full-Size Retro Round Keyboard and Mouse Wireless, 2.4 GHz Wireless, Plug and Play, 8 Multimedia & Shortcut Keysfor Mac, Windows, Laptop/Desktop/PC (Purple)",$39.99,4.6,110.0,https://www.amazon.com/sspa/click?ie=UTF8&spc=MTo4MzI1NDE0MzE5NDQwMjIyOjE3MzM2ODY1Nzg6c3BfYnRmOjMwMDQ2MDU4ODA1OTMwMjo6MDo6&url=%2FWireless-Keyboard-MOFII-Full-Size-Multimedia%2Fdp%2FB0DFNKRZXR%2Fref%3Dsr_1_166_sspa%3Fdib%3DeyJ2IjoiMSJ9.x25fM04cbxaIRFbMlTLyV28_IF85jIbCNsfe30uGwldyONPNjlADQ-wVVDLxd6L-G1hZxMbzxYfAt_mjcYxzHoEMzNrLPB58n2qfaY7lMDF6kYQq0HO2UsmzfvjdF6cn3kBtahCHlfFK_zNk87SHsBYuKg-rRJ4RTvDnvzztcJY8fCB63m8HPIfT-Q-_uZ23V8GpfGwWioSjZ3bjmAV1gyahxUiGbt2DgulJ8gXnLow.x6aAkajur9MCtjuWf2ovHPxQP2R8hCkHbg1JgbxIAv4%26dib_tag%3Dse%26keywords%3Dwireless%2Bkeyboard%26qid%3D1733686578%26sr%3D8-166-spons%26sp_csd%3Dd2lkZ2V0TmFtZT1zcF9idGY%26psc%3D1
"Ergonomic Wireless Keyboard and Mouse, 2.4G Rechargeable Full Size Keyboard Mouse Set with Wrist Support Mouse Pad , Multi-Device, Windows/Mac/Android(Black)",$37.99,4.0,321.0,https://www.amazon.com/sspa/click?ie=UTF8&spc=MToyNjgwODgzMjA1NjAxNzcxOjE3MzM2ODY1ODg6c3BfYXRmX25leHQ6MzAwMTAxMzAxOTk3MTAyOjowOjo&url=%2FErgonomic-Wireless-Keyboard-Rechargeable-Multi-Device%2Fdp%2FB0B6J6C9NP%2Fref%3Dsr_1_161_sspa%3Fdib%3DeyJ2IjoiMSJ9.4URFGYGSoXBoVVcKuIjvsc6NsOp94ROJE5vQe4hPpPcB4Cg3fd8whOOFprYRdYA4qT6jMXEDZA1ZLMW5BHzIFSjElnmgbk5qjvnIB0jyv_zhZYXPN2u9zIM_e6Igoun9vSYkLxHkF4S03k4zF5x4lHZyt998MSOxt0gSlpdnEgqWvBZzhymm0o8x7EowTG3NVZWGLBLVA6ezSddckFUBab_zf0zNy-ugdry3B9ucMsg.cG4bXNJNzvnQLQfr5J8CLha8_fUQnGAhJtIp9-EzqrM%26dib_tag%3Dse%26keywords%3Dwireless%2Bkeyboard%26qid%3D1733686588%26sr%3D8-161-spons%26sp_csd%3Dd2lkZ2V0TmFtZT1zcF9hdGZfbmV4dA%26psc%3D1
FOPETT 2.4GHz Wireless Keyboard and Mouse Set with Switch Button - Full-Size Keyboard - Compatible for Windows/Laptop/PC/Notebook/Smart TV and More - Green,$38.99,4.3,2868.0,https://www.amazon.com/sspa/click?ie=UTF8&spc=MToyNjgwODgzMjA1NjAxNzcxOjE3MzM2ODY1ODg6c3BfYXRmX25leHQ6MzAwMjk3ODIxOTIyMzAyOjowOjo&url=%2FFOPETT-2-4GHz-Wireless-Keyboard-Switch%2Fdp%2FB0D46Q7BJP%2Fref%3Dsr_1_162_sspa%3Fdib%3DeyJ2IjoiMSJ9.4URFGYGSoXBoVVcKuIjvsc6NsOp94ROJE5vQe4hPpPcB4Cg3fd8whOOFprYRdYA4qT6jMXEDZA1ZLMW5BHzIFSjElnmgbk5qjvnIB0jyv_zhZYXPN2u9zIM_e6Igoun9vSYkLxHkF4S03k4zF5x4lHZyt998MSOxt0gSlpdnEgqWvBZzhymm0o8x7EowTG3NVZWGLBLVA6ezSddckFUBab_zf0zNy-ugdry3B9ucMsg.cG4bXNJNzvnQLQfr5J8CLha8_fUQnGAhJtIp9-EzqrM%26dib_tag%3Dse%26keywords%3Dwireless%2Bkeyboard%26qid%3D1733686588%26sr%3D8-162-spons%26sp_csd%3Dd2lkZ2V0TmFtZT1zcF9hdGZfbmV4dA%26psc%3D1
FOPETT 2.4GHz Wireless Keyboard and Mouse Set with Switch Button - Full-Size Keyboard - Compatible for Windows/Laptop/PC/Notebook/Smart TV and More - Black Colorful,$38.99,4.3,2868.0,https://www.amazon.com/FOPETT-2-4GHz-Wireless-Keyboard-Switch/dp/B0C4TJ12MX/ref=sr_1_163?dib=eyJ2IjoiMSJ9.4URFGYGSoXBoVVcKuIjvsc6NsOp94ROJE5vQe4hPpPcB4Cg3fd8whOOFprYRdYA4qT6jMXEDZA1ZLMW5BHzIFSjElnmgbk5qjvnIB0jyv_zhZYXPN2u9zIM_e6Igoun9vSYkLxHkF4S03k4zF5x4lHZyt998MSOxt0gSlpdnEgqWvBZzhymm0o8x7EowTG3NVZWGLBLVA6ezSddckFUBab_zf0zNy-ugdry3B9ucMsg.cG4bXNJNzvnQLQfr5J8CLha8_fUQnGAhJtIp9-EzqrM&dib_tag=se&keywords=wireless+keyboard&qid=1733686588&sr=8-163
"AULA F2088 Typewriter Style Mechanical Gaming Keyboard Blue Switches,Rainbow LED Backlit,Removable Wrist Rest,Media Control Knob,Retro Punk Round Keycaps,USB Wired Computer Keyboard",$48.99,4.6,2206.0,https://www.amazon.com/AULA-F2088-Mechanical-Removable-Keyboards/dp/B09DKQWTNC/ref=sr_1_164?dib=eyJ2IjoiMSJ9.4URFGYGSoXBoVVcKuIjvsc6NsOp94ROJE5vQe4hPpPcB4Cg3fd8whOOFprYRdYA4qT6jMXEDZA1ZLMW5BHzIFSjElnmgbk5qjvnIB0jyv_zhZYXPN2u9zIM_e6Igoun9vSYkLxHkF4S03k4zF5x4lHZyt998MSOxt0gSlpdnEgqWvBZzhymm0o8x7EowTG3NVZWGLBLVA6ezSddckFUBab_zf0zNy-ugdry3B9ucMsg.cG4bXNJNzvnQLQfr5J8CLha8_fUQnGAhJtIp9-EzqrM&dib_tag=se&keywords=wireless+keyboard&qid=1733686588&sr=8-164
"Trueque Wireless Keyboard with 7 Colored Backlits, Wrist Rest, Phone Holder, Rechargeable Ergonomic Keyboard with Silent Light Up Keys, Cordless Computer Keyboard for Windows, Mac, Laptop",$37.99,4.1,112.0,https://www.amazon.com/Trueque-Wireless-Keyboard-Rechargeable-Ergonomic/dp/B0D2D44RHY/ref=sr_1_165?dib=eyJ2IjoiMSJ9.4URFGYGSoXBoVVcKuIjvsc6NsOp94ROJE5vQe4hPpPcB4Cg3fd8whOOFprYRdYA4qT6jMXEDZA1ZLMW5BHzIFSjElnmgbk5qjvnIB0jyv_zhZYXPN2u9zIM_e6Igoun9vSYkLxHkF4S03k4zF5x4lHZyt998MSOxt0gSlpdnEgqWvBZzhymm0o8x7EowTG3NVZWGLBLVA6ezSddckFUBab_zf0zNy-ugdry3B9ucMsg.cG4bXNJNzvnQLQfr5J8CLha8_fUQnGAhJtIp9-EzqrM&dib_tag=se&keywords=wireless+keyboard&qid=1733686588&sr=8-165
"K500A-B61W 60% Mechanical Wireless Gaming Keyboard, 61 Keys Ultra-Compact Hot Swappable Linear Brown Switch, Dynamic RGB Backlit, Anti-Ghosting, Double-Shot PBT Keycaps, Win/Mac, White",$35.99,4.4,79.0,https://www.amazon.com/Machenike-K500-B61W-Ultra-Compact-Anti-Ghosting-Double-Shot/dp/B0CZYK3YB7/ref=sr_1_166?dib=eyJ2IjoiMSJ9.4URFGYGSoXBoVVcKuIjvsc6NsOp94ROJE5vQe4hPpPcB4Cg3fd8whOOFprYRdYA4qT6jMXEDZA1ZLMW5BHzIFSjElnmgbk5qjvnIB0jyv_zhZYXPN2u9zIM_e6Igoun9vSYkLxHkF4S03k4zF5x4lHZyt998MSOxt0gSlpdnEgqWvBZzhymm0o8x7EowTG3NVZWGLBLVA6ezSddckFUBab_zf0zNy-ugdry3B9ucMsg.cG4bXNJNzvnQLQfr5J8CLha8_fUQnGAhJtIp9-EzqrM&dib_tag=se&keywords=wireless+keyboard&qid=1733686588&sr=8-166
Macally Small Wireless Keyboard and Mouse Combo for PC - an Essential Work Duo - 2.4G - 78 Compact Key Cordless Mouse and Keyboard Combo with Mini Body and Quiet Click,$29.99,4.5,2243.0,https://www.amazon.com/Macally-Wireless-Keyboard-Mouse-Combo/dp/B081549BN2/ref=sr_1_167?dib=eyJ2IjoiMSJ9.4URFGYGSoXBoVVcKuIjvsc6NsOp94ROJE5vQe4hPpPcB4Cg3fd8whOOFprYRdYA4qT6jMXEDZA1ZLMW5BHzIFSjElnmgbk5qjvnIB0jyv_zhZYXPN2u9zIM_e6Igoun9vSYkLxHkF4S03k4zF5x4lHZyt998MSOxt0gSlpdnEgqWvBZzhymm0o8x7EowTG3NVZWGLBLVA6ezSddckFUBab_zf0zNy-ugdry3B9ucMsg.cG4bXNJNzvnQLQfr5J8CLha8_fUQnGAhJtIp9-EzqrM&dib_tag=se&keywords=wireless+keyboard&qid=1733686588&sr=8-167
"Rii Three Colors Backlit Keyboard and Mouse, Wired Keyboard and Mouse Combo, USB Keyboard and Mouse Set,Quiet Input Gaming Keyboard,Optical RGB Mouse for School,Office,Business and Gaming",$19.99,4.4,4892.0,https://www.amazon.com/Rii-Backlit-Business-Keyboard-Optical/dp/B081YXTSXG/ref=sr_1_168?dib=eyJ2IjoiMSJ9.4URFGYGSoXBoVVcKuIjvsc6NsOp94ROJE5vQe4hPpPcB4Cg3fd8whOOFprYRdYA4qT6jMXEDZA1ZLMW5BHzIFSjElnmgbk5qjvnIB0jyv_zhZYXPN2u9zIM_e6Igoun9vSYkLxHkF4S03k4zF5x4lHZyt998MSOxt0gSlpdnEgqWvBZzhymm0o8x7EowTG3NVZWGLBLVA6ezSddckFUBab_zf0zNy-ugdry3B9ucMsg.cG4bXNJNzvnQLQfr5J8CLha8_fUQnGAhJtIp9-EzqrM&dib_tag=se&keywords=wireless+keyboard&qid=1733686588&sr=8-168
"Wireless Keyboard and Mouse Combo - GEEZER Sky Blue Full-Sized Colorful Keyboard 104 Keys - USB 2.4 G Receiver Plug Play with Round Keycap Typewriter Keyboards, for Windows, PC, Laptop, Desktop",$39.99,4.4,1009.0,https://www.amazon.com/Wireless-Keyboard-Mouse-Combo-Full-Sized/dp/B0BP1ST14S/ref=sr_1_169?dib=eyJ2IjoiMSJ9.4URFGYGSoXBoVVcKuIjvsc6NsOp94ROJE5vQe4hPpPcB4Cg3fd8whOOFprYRdYA4qT6jMXEDZA1ZLMW5BHzIFSjElnmgbk5qjvnIB0jyv_zhZYXPN2u9zIM_e6Igoun9vSYkLxHkF4S03k4zF5x4lHZyt998MSOxt0gSlpdnEgqWvBZzhymm0o8x7EowTG3NVZWGLBLVA6ezSddckFUBab_zf0zNy-ugdry3B9ucMsg.cG4bXNJNzvnQLQfr5J8CLha8_fUQnGAhJtIp9-EzqrM&dib_tag=se&keywords=wireless+keyboard&qid=1733686588&sr=8-169
"Logitech G915 LIGHTSPEED RGB Mechanical Gaming Keyboard, Low Profile GL Clicky Key Switch, LIGHTSYNC RGB, Advanced LIGHTSPEED Wireless and Bluetooth Support - Clicky,Black",$139.99,4.4,14006.0,https://www.amazon.com/Logitech-Wireless-Mechanical-Gaming-Keyboard/dp/B07NY9ZT92/ref=sr_1_170?dib=eyJ2IjoiMSJ9.4URFGYGSoXBoVVcKuIjvsc6NsOp94ROJE5vQe4hPpPcB4Cg3fd8whOOFprYRdYA4qT6jMXEDZA1ZLMW5BHzIFSjElnmgbk5qjvnIB0jyv_zhZYXPN2u9zIM_e6Igoun9vSYkLxHkF4S03k4zF5x4lHZyt998MSOxt0gSlpdnEgqWvBZzhymm0o8x7EowTG3NVZWGLBLVA6ezSddckFUBab_zf0zNy-ugdry3B9ucMsg.cG4bXNJNzvnQLQfr5J8CLha8_fUQnGAhJtIp9-EzqrM&dib_tag=se&keywords=wireless+keyboard&qid=1733686588&sr=8-170
"EWEADN G61 Typewriter Keyboard Wireless Mechanical Keyboard, 60% Mini Typewriter Keyboard with Rainbow Backlit, Anti-Ghosting, Red Switch Bluetooth/2.4GHz/USB-C Cute Aesthetic Keyboard-Green",$59.99,4.7,4.0,https://www.amazon.com/sspa/click?ie=UTF8&spc=MToyNjgwODgzMjA1NjAxNzcxOjE3MzM2ODY1ODg6c3BfbXRmOjMwMDUxOTcyNTg1OTEwMjo6MDo6&url=%2FG61-Typewriter-Mechanical-Anti-Ghosting-Keyboard-Green%2Fdp%2FB0D8PND2YQ%2Fref%3Dsr_1_171_sspa%3Fdib%3DeyJ2IjoiMSJ9.4URFGYGSoXBoVVcKuIjvsc6NsOp94ROJE5vQe4hPpPcB4Cg3fd8whOOFprYRdYA4qT6jMXEDZA1ZLMW5BHzIFSjElnmgbk5qjvnIB0jyv_zhZYXPN2u9zIM_e6Igoun9vSYkLxHkF4S03k4zF5x4lHZyt998MSOxt0gSlpdnEgqWvBZzhymm0o8x7EowTG3NVZWGLBLVA6ezSddckFUBab_zf0zNy-ugdry3B9ucMsg.cG4bXNJNzvnQLQfr5J8CLha8_fUQnGAhJtIp9-EzqrM%26dib_tag%3Dse%26keywords%3Dwireless%2Bkeyboard%26qid%3D1733686588%26sr%3D8-171-spons%26sp_csd%3Dd2lkZ2V0TmFtZT1zcF9tdGY%26psc%3D1
"Wireless Keyboard and Mouse Combo, Quiet and Soft 2.4G Full-Size Computer Keyboard and Ergonomic Wireless Mouse for Windows, Mac Desktop/Laptop/PC/PS, Pink",$21.99,4.3,26.0,https://www.amazon.com/sspa/click?ie=UTF8&spc=MToyNjgwODgzMjA1NjAxNzcxOjE3MzM2ODY1ODg6c3BfbXRmOjMwMDM3MTEyOTY4MzQwMjo6MDo6&url=%2FWireless-Keyboard-Full-Size-Computer-Ergonomic%2Fdp%2FB0D8SWBDRQ%2Fref%3Dsr_1_172_sspa%3Fdib%3DeyJ2IjoiMSJ9.4URFGYGSoXBoVVcKuIjvsc6NsOp94ROJE5vQe4hPpPcB4Cg3fd8whOOFprYRdYA4qT6jMXEDZA1ZLMW5BHzIFSjElnmgbk5qjvnIB0jyv_zhZYXPN2u9zIM_e6Igoun9vSYkLxHkF4S03k4zF5x4lHZyt998MSOxt0gSlpdnEgqWvBZzhymm0o8x7EowTG3NVZWGLBLVA6ezSddckFUBab_zf0zNy-ugdry3B9ucMsg.cG4bXNJNzvnQLQfr5J8CLha8_fUQnGAhJtIp9-EzqrM%26dib_tag%3Dse%26keywords%3Dwireless%2Bkeyboard%26qid%3D1733686588%26sr%3D8-172-spons%26sp_csd%3Dd2lkZ2V0TmFtZT1zcF9tdGY%26psc%3D1
"LeadsaiL Wireless Keyboard and Mouse Combo, Full-Sized Ergonomic Computer Keyboard, 2.4GHz Cordless Keyboard Silent Mouse Set with 2-in-1 USB Receiver, 12 FN Shortcuts for Windows Laptop, PC/Mac-Pink",$22.99,4.4,533.0,https://www.amazon.com/LeadsaiL-Wireless-Full-Sized-Ergonomic-Shortcuts/dp/B0CR5VKR9G/ref=sr_1_173?dib=eyJ2IjoiMSJ9.4URFGYGSoXBoVVcKuIjvsc6NsOp94ROJE5vQe4hPpPcB4Cg3fd8whOOFprYRdYA4qT6jMXEDZA1ZLMW5BHzIFSjElnmgbk5qjvnIB0jyv_zhZYXPN2u9zIM_e6Igoun9vSYkLxHkF4S03k4zF5x4lHZyt998MSOxt0gSlpdnEgqWvBZzhymm0o8x7EowTG3NVZWGLBLVA6ezSddckFUBab_zf0zNy-ugdry3B9ucMsg.cG4bXNJNzvnQLQfr5J8CLha8_fUQnGAhJtIp9-EzqrM&dib_tag=se&keywords=wireless+keyboard&qid=1733686588&sr=8-173
"RK ROYAL KLUDGE S108 Typewriter Keyboard, Retro Mechanical Gaming Keyboard Wired 108 Keys with RGB Backlit Sidelight, Detachable Wrist Rest, Round Keycaps Blue Switches - Black",$59.99,4.6,6704.0,https://www.amazon.com/RK-ROYAL-KLUDGE-Typewriter-Collapsible/dp/B07XVCP7F5/ref=sr_1_174?dib=eyJ2IjoiMSJ9.4URFGYGSoXBoVVcKuIjvsc6NsOp94ROJE5vQe4hPpPcB4Cg3fd8whOOFprYRdYA4qT6jMXEDZA1ZLMW5BHzIFSjElnmgbk5qjvnIB0jyv_zhZYXPN2u9zIM_e6Igoun9vSYkLxHkF4S03k4zF5x4lHZyt998MSOxt0gSlpdnEgqWvBZzhymm0o8x7EowTG3NVZWGLBLVA6ezSddckFUBab_zf0zNy-ugdry3B9ucMsg.cG4bXNJNzvnQLQfr5J8CLha8_fUQnGAhJtIp9-EzqrM&dib_tag=se&keywords=wireless+keyboard&qid=1733686588&sr=8-174
"Rii RK100+ Multiple Color Rainbow LED Backlit Large Size USB Wired Mechanical Feeling Multimedia PC Gaming Keyboard,Office Keyboard for Working or Primer Gaming,Office Device",$11.99,4.4,6919.0,https://www.amazon.com/Rii-Multiple-Mechanical-Multimedia-Keyboard/dp/B0CCZWCPRQ/ref=sr_1_175?dib=eyJ2IjoiMSJ9.4URFGYGSoXBoVVcKuIjvsc6NsOp94ROJE5vQe4hPpPcB4Cg3fd8whOOFprYRdYA4qT6jMXEDZA1ZLMW5BHzIFSjElnmgbk5qjvnIB0jyv_zhZYXPN2u9zIM_e6Igoun9vSYkLxHkF4S03k4zF5x4lHZyt998MSOxt0gSlpdnEgqWvBZzhymm0o8x7EowTG3NVZWGLBLVA6ezSddckFUBab_zf0zNy-ugdry3B9ucMsg.cG4bXNJNzvnQLQfr5J8CLha8_fUQnGAhJtIp9-EzqrM&dib_tag=se&keywords=wireless+keyboard&qid=1733686588&sr=8-175
"TECURS Wireless Keyboard - 2.4G Wireless Gaming Keyboard Wirst Rest with Phone Holder, Rechargeable Ergonomic Keyboard, LED Backlit, Silent Keyboard for PC/MAC/Windows",$19.99,3.6,37.0,https://www.amazon.com/TECURS-Wireless-Keyboard-Rechargeable-Ergonomic/dp/B0CL8X9B68/ref=sr_1_176?dib=eyJ2IjoiMSJ9.4URFGYGSoXBoVVcKuIjvsc6NsOp94ROJE5vQe4hPpPcB4Cg3fd8whOOFprYRdYA4qT6jMXEDZA1ZLMW5BHzIFSjElnmgbk5qjvnIB0jyv_zhZYXPN2u9zIM_e6Igoun9vSYkLxHkF4S03k4zF5x4lHZyt998MSOxt0gSlpdnEgqWvBZzhymm0o8x7EowTG3NVZWGLBLVA6ezSddckFUBab_zf0zNy-ugdry3B9ucMsg.cG4bXNJNzvnQLQfr5J8CLha8_fUQnGAhJtIp9-EzqrM&dib_tag=se&keywords=wireless+keyboard&qid=1733686588&sr=8-176
"Camiysn Typewriter Style Mechanical Gaming Keyboard, Black Retro Punk Gaming Keyboard with RGB Backlit, 104 Keys Blue Switch Wired Cute Keyboard, Round Keycaps for Windows/Mac/PC",$36.99,4.2,4893.0,https://www.amazon.com/Typewriter-Mechanical-Keyboard-Backlit-Keycaps/dp/B09DK9CSTQ/ref=sr_1_177?dib=eyJ2IjoiMSJ9.4URFGYGSoXBoVVcKuIjvsc6NsOp94ROJE5vQe4hPpPcB4Cg3fd8whOOFprYRdYA4qT6jMXEDZA1ZLMW5BHzIFSjElnmgbk5qjvnIB0jyv_zhZYXPN2u9zIM_e6Igoun9vSYkLxHkF4S03k4zF5x4lHZyt998MSOxt0gSlpdnEgqWvBZzhymm0o8x7EowTG3NVZWGLBLVA6ezSddckFUBab_zf0zNy-ugdry3B9ucMsg.cG4bXNJNzvnQLQfr5J8CLha8_fUQnGAhJtIp9-EzqrM&dib_tag=se&keywords=wireless+keyboard&qid=1733686588&sr=8-177
"EPOMAKER x Aula F75 Gasket Mechanical Keyboard, 75% Wireless Hot Swappable Gaming Keyboard with Five-Layer Padding&Knob, Bluetooth/2.4GHz/USB-C, RGB (Black Gradient, LEOBOG Reaper Switch)",$79.99,4.7,1651.0,https://www.amazon.com/EPOMAKER-F75-Mechanical-Swappable-Five-Layer/dp/B0D3F69XSP/ref=sr_1_178?dib=eyJ2IjoiMSJ9.4URFGYGSoXBoVVcKuIjvsc6NsOp94ROJE5vQe4hPpPcB4Cg3fd8whOOFprYRdYA4qT6jMXEDZA1ZLMW5BHzIFSjElnmgbk5qjvnIB0jyv_zhZYXPN2u9zIM_e6Igoun9vSYkLxHkF4S03k4zF5x4lHZyt998MSOxt0gSlpdnEgqWvBZzhymm0o8x7EowTG3NVZWGLBLVA6ezSddckFUBab_zf0zNy-ugdry3B9ucMsg.cG4bXNJNzvnQLQfr5J8CLha8_fUQnGAhJtIp9-EzqrM&dib_tag=se&keywords=wireless+keyboard&qid=1733686588&sr=8-178
"EWEADN Typewriter Style Mechanical Gaming Keyboard,104 Keys Backlit LED Keyboard, Media Control Knob, Wired Computer Keyboard Pink Switch for Windows/Mac/PC-Purple",$69.99,4.3,40.0,https://www.amazon.com/SEUNKWANG-Typewriter-Mechanical-Keyboard-PC-Purple/dp/B0D7YWMNNZ/ref=sr_1_179?dib=eyJ2IjoiMSJ9.4URFGYGSoXBoVVcKuIjvsc6NsOp94ROJE5vQe4hPpPcB4Cg3fd8whOOFprYRdYA4qT6jMXEDZA1ZLMW5BHzIFSjElnmgbk5qjvnIB0jyv_zhZYXPN2u9zIM_e6Igoun9vSYkLxHkF4S03k4zF5x4lHZyt998MSOxt0gSlpdnEgqWvBZzhymm0o8x7EowTG3NVZWGLBLVA6ezSddckFUBab_zf0zNy-ugdry3B9ucMsg.cG4bXNJNzvnQLQfr5J8CLha8_fUQnGAhJtIp9-EzqrM&dib_tag=se&keywords=wireless+keyboard&qid=1733686588&sr=8-179
"RK ROYAL KLUDGE RK61 Wireless 60% Mechanical Gaming Keyboard, Ultra-Compact 60 Keys Bluetooth Mechanical Keyboard with Programmable Software (Blue Switch, White)",$49.99,4.4,11579.0,https://www.amazon.com/RK-ROYAL-KLUDGE-Ultra-Compact-Programmable/dp/B0731CJ4ZJ/ref=sr_1_180?dib=eyJ2IjoiMSJ9.4URFGYGSoXBoVVcKuIjvsc6NsOp94ROJE5vQe4hPpPcB4Cg3fd8whOOFprYRdYA4qT6jMXEDZA1ZLMW5BHzIFSjElnmgbk5qjvnIB0jyv_zhZYXPN2u9zIM_e6Igoun9vSYkLxHkF4S03k4zF5x4lHZyt998MSOxt0gSlpdnEgqWvBZzhymm0o8x7EowTG3NVZWGLBLVA6ezSddckFUBab_zf0zNy-ugdry3B9ucMsg.cG4bXNJNzvnQLQfr5J8CLha8_fUQnGAhJtIp9-EzqrM&dib_tag=se&keywords=wireless+keyboard&qid=1733686588&sr=8-180
KLIM Chroma Wireless Gaming Keyboard RGB - Backlit Wireless Keyboard - Long-Lasting Rechargeable Battery - Quiet Water Resistant Ergonomic Keyboard - Teclado Gamer - PC PS5 PS4 Xbox One Mac - Black,$29.97,4.3,17630.0,https://www.amazon.com/sspa/click?ie=UTF8&spc=MToyNjgwODgzMjA1NjAxNzcxOjE3MzM2ODY1ODg6c3BfYnRmOjIwMDE3MDU0MjEzNDg5ODo6MDo6&url=%2FKlim-KLIM-Chroma-Wireless-USA%2Fdp%2FB07FLKYRFB%2Fref%3Dsr_1_181_sspa%3Fdib%3DeyJ2IjoiMSJ9.4URFGYGSoXBoVVcKuIjvsc6NsOp94ROJE5vQe4hPpPcB4Cg3fd8whOOFprYRdYA4qT6jMXEDZA1ZLMW5BHzIFSjElnmgbk5qjvnIB0jyv_zhZYXPN2u9zIM_e6Igoun9vSYkLxHkF4S03k4zF5x4lHZyt998MSOxt0gSlpdnEgqWvBZzhymm0o8x7EowTG3NVZWGLBLVA6ezSddckFUBab_zf0zNy-ugdry3B9ucMsg.cG4bXNJNzvnQLQfr5J8CLha8_fUQnGAhJtIp9-EzqrM%26dib_tag%3Dse%26keywords%3Dwireless%2Bkeyboard%26qid%3D1733686588%26sr%3D8-181-spons%26sp_csd%3Dd2lkZ2V0TmFtZT1zcF9idGY%26psc%3D1%26smid%3DA1Y2HVFT1GWBYK
"Logitech MK295 Wireless Mouse & Keyboard Combo with SilentTouch Technology, Full Numpad, Advanced Optical Tracking, Lag-Free Wireless, 90% Less Noise - Graphite",$26.99,4.4,12247.0,https://www.amazon.com/sspa/click?ie=UTF8&spc=MToyNjgwODgzMjA1NjAxNzcxOjE3MzM2ODY1ODg6c3BfYnRmOjIwMDA3MzE4MzUxNzQ0MTo6MDo6&url=%2FLogitech-Wireless-Keyboard-SilentTouch-Technology%2Fdp%2FB089KV4YYX%2Fref%3Dsr_1_182_sspa%3Fdib%3DeyJ2IjoiMSJ9.4URFGYGSoXBoVVcKuIjvsc6NsOp94ROJE5vQe4hPpPcB4Cg3fd8whOOFprYRdYA4qT6jMXEDZA1ZLMW5BHzIFSjElnmgbk5qjvnIB0jyv_zhZYXPN2u9zIM_e6Igoun9vSYkLxHkF4S03k4zF5x4lHZyt998MSOxt0gSlpdnEgqWvBZzhymm0o8x7EowTG3NVZWGLBLVA6ezSddckFUBab_zf0zNy-ugdry3B9ucMsg.cG4bXNJNzvnQLQfr5J8CLha8_fUQnGAhJtIp9-EzqrM%26dib_tag%3Dse%26keywords%3Dwireless%2Bkeyboard%26qid%3D1733686588%26sr%3D8-182-spons%26sp_csd%3Dd2lkZ2V0TmFtZT1zcF9idGY%26psc%3D1
"Wireless Keyboard and Mouse Combo, Retro Typewriter Keyboard with Round Keycaps, Full-Size Ergonomic, Blue, Ideal for Windows PC, Home, Office, and College, Wireless Keyboard Mouse Combo",$39.99,5.0,12.0,https://www.amazon.com/sspa/click?ie=UTF8&spc=MToyMzYwMTkwNDExODc4MDQxOjE3MzM2ODY2MDA6c3BfYXRmX25leHQ6MzAwNTY1NjEwMzQ4NDAyOjowOjo&url=%2FNowlike-Wireless-Typewriter-Full-Size-Ergonomic%2Fdp%2FB0DL5L68LG%2Fref%3Dsr_1_177_sspa%3Fdib%3DeyJ2IjoiMSJ9.dlaH1hzj1_XM3qENjFGr_Vq_kt7lS1ZaE0X1YAb8IawIISKYV5bDAoOdq5FolEqdoU-R77-zLLTSbIcVgeFvKH9wUQ3zdpAqB5CHF8u0E5XQeRVCQw5T4ek2gi12hc_smk-vPEJJSXWEocgFYyZDSJ930AdGMNd0EtJrQltIt2EpgVdCFf0et74vt1vp5B7BMOpEhMNG7ME54fvKHZPguY2t-Sjv1d5aA50LzN4QV3w.xFELPEQbIYeJglxgwq9iykyxcS1E7HG6vN3jXb-QuWc%26dib_tag%3Dse%26keywords%3Dwireless%2Bkeyboard%26qid%3D1733686599%26sr%3D8-177-spons%26sp_csd%3Dd2lkZ2V0TmFtZT1zcF9hdGZfbmV4dA%26psc%3D1
"Wireless Number Pads, Cute Colorful Numeric Keypad Numpad Portable 2.4 GHz Financial Accounting Number Keyboard Extensions, 18 Key Number Numpad for Laptop Desktop, PC (Cream)",$17.99,4.6,19.0,https://www.amazon.com/sspa/click?ie=UTF8&spc=MToyMzYwMTkwNDExODc4MDQxOjE3MzM2ODY2MDA6c3BfYXRmX25leHQ6MzAwMjg3OTQyMTQ3NTAyOjowOjo&url=%2FMOWUX-Wireless-Financial-Accounting-Extensions%2Fdp%2FB0D5CXXYN8%2Fref%3Dsr_1_178_sspa%3Fdib%3DeyJ2IjoiMSJ9.dlaH1hzj1_XM3qENjFGr_Vq_kt7lS1ZaE0X1YAb8IawIISKYV5bDAoOdq5FolEqdoU-R77-zLLTSbIcVgeFvKH9wUQ3zdpAqB5CHF8u0E5XQeRVCQw5T4ek2gi12hc_smk-vPEJJSXWEocgFYyZDSJ930AdGMNd0EtJrQltIt2EpgVdCFf0et74vt1vp5B7BMOpEhMNG7ME54fvKHZPguY2t-Sjv1d5aA50LzN4QV3w.xFELPEQbIYeJglxgwq9iykyxcS1E7HG6vN3jXb-QuWc%26dib_tag%3Dse%26keywords%3Dwireless%2Bkeyboard%26qid%3D1733686599%26sr%3D8-178-spons%26sp_csd%3Dd2lkZ2V0TmFtZT1zcF9hdGZfbmV4dA%26psc%3D1
"DIERYA T68SE Mechanical Gaming Keyboard, LED-Backlit Wired Keyboard, Ultra-Compact Mini 68-Key White Keyboard with Brown Switches, Anti-Ghosting Keys, for Windows Laptops and PC Gamers",$27.89,4.6,897.0,https://www.amazon.com/DIERYA-T68SE-Mechanical-Ultra-Compact-Stand-Alone/dp/B0BGXYKS6Y/ref=sr_1_179?dib=eyJ2IjoiMSJ9.dlaH1hzj1_XM3qENjFGr_Vq_kt7lS1ZaE0X1YAb8IawIISKYV5bDAoOdq5FolEqdoU-R77-zLLTSbIcVgeFvKH9wUQ3zdpAqB5CHF8u0E5XQeRVCQw5T4ek2gi12hc_smk-vPEJJSXWEocgFYyZDSJ930AdGMNd0EtJrQltIt2EpgVdCFf0et74vt1vp5B7BMOpEhMNG7ME54fvKHZPguY2t-Sjv1d5aA50LzN4QV3w.xFELPEQbIYeJglxgwq9iykyxcS1E7HG6vN3jXb-QuWc&dib_tag=se&keywords=wireless+keyboard&qid=1733686599&sr=8-179
"ASUS ROG Strix Scope II 96 Wireless Gaming Keyboard, Tri-Mode Connection, Dampening Foam & Switch-Dampening Pads, Hot-Swappable Pre-lubed ROG NX Storm Switches, PBT Keycaps, RGB-Black",$159.99,4.6,438.0,https://www.amazon.com/ASUS-II-Switch-Dampening-Hot-Swappable-PBT/dp/B0CNL7XMC3/ref=sr_1_180?dib=eyJ2IjoiMSJ9.dlaH1hzj1_XM3qENjFGr_Vq_kt7lS1ZaE0X1YAb8IawIISKYV5bDAoOdq5FolEqdoU-R77-zLLTSbIcVgeFvKH9wUQ3zdpAqB5CHF8u0E5XQeRVCQw5T4ek2gi12hc_smk-vPEJJSXWEocgFYyZDSJ930AdGMNd0EtJrQltIt2EpgVdCFf0et74vt1vp5B7BMOpEhMNG7ME54fvKHZPguY2t-Sjv1d5aA50LzN4QV3w.xFELPEQbIYeJglxgwq9iykyxcS1E7HG6vN3jXb-QuWc&dib_tag=se&keywords=wireless+keyboard&qid=1733686599&sr=8-180
"Keychron V6 Max Wireless Custom Mechanical Keyboard, 2.4 GHz Bluetooth QMK Full-Size Layout RGB with Hot-swappable Gateron Brown Switch Compatible with Mac Windows Linux",$114.99,4.6,56.0,https://www.amazon.com/Keychron-Mechanical-Bluetooth-Hot-swappable-Compatible/dp/B0D14L7VZ6/ref=sr_1_181?dib=eyJ2IjoiMSJ9.dlaH1hzj1_XM3qENjFGr_Vq_kt7lS1ZaE0X1YAb8IawIISKYV5bDAoOdq5FolEqdoU-R77-zLLTSbIcVgeFvKH9wUQ3zdpAqB5CHF8u0E5XQeRVCQw5T4ek2gi12hc_smk-vPEJJSXWEocgFYyZDSJ930AdGMNd0EtJrQltIt2EpgVdCFf0et74vt1vp5B7BMOpEhMNG7ME54fvKHZPguY2t-Sjv1d5aA50LzN4QV3w.xFELPEQbIYeJglxgwq9iykyxcS1E7HG6vN3jXb-QuWc&dib_tag=se&keywords=wireless+keyboard&qid=1733686599&sr=8-181
"EPOMAKER x Aula F99 Wireless Mechanical Keyboard, Hot Swappable Gasket Custom Gaming Keyboard with Five-Layer Padding, Bluetooth/2.4GHz/USB-C, 8000mAh Battery (White Grey, Graywood V3 Switch)",$82.99,4.6,502.0,https://www.amazon.com/EPOMAKER-Mechanical-Swappable-Five-Layer-Bluetooth/dp/B0CSYN1HBQ/ref=sr_1_182?dib=eyJ2IjoiMSJ9.dlaH1hzj1_XM3qENjFGr_Vq_kt7lS1ZaE0X1YAb8IawIISKYV5bDAoOdq5FolEqdoU-R77-zLLTSbIcVgeFvKH9wUQ3zdpAqB5CHF8u0E5XQeRVCQw5T4ek2gi12hc_smk-vPEJJSXWEocgFYyZDSJ930AdGMNd0EtJrQltIt2EpgVdCFf0et74vt1vp5B7BMOpEhMNG7ME54fvKHZPguY2t-Sjv1d5aA50LzN4QV3w.xFELPEQbIYeJglxgwq9iykyxcS1E7HG6vN3jXb-QuWc&dib_tag=se&keywords=wireless+keyboard&qid=1733686599&sr=8-182
"Snpurdiri 60% Wired Gaming Keyboard, RGB Backlit Mini Keyboard, Waterproof Small Ultra-Compact 61 Keys Keyboard for PC/Mac Gamer, Typist, Travel, Easy to Carry on Business Trip(Black-White)",$27.98,4.3,9674.0,https://www.amazon.com/Snpurdiri-Keyboard-Ultra-Compact-Waterproof-Black-White/dp/B097T276QL/ref=sr_1_183?dib=eyJ2IjoiMSJ9.dlaH1hzj1_XM3qENjFGr_Vq_kt7lS1ZaE0X1YAb8IawIISKYV5bDAoOdq5FolEqdoU-R77-zLLTSbIcVgeFvKH9wUQ3zdpAqB5CHF8u0E5XQeRVCQw5T4ek2gi12hc_smk-vPEJJSXWEocgFYyZDSJ930AdGMNd0EtJrQltIt2EpgVdCFf0et74vt1vp5B7BMOpEhMNG7ME54fvKHZPguY2t-Sjv1d5aA50LzN4QV3w.xFELPEQbIYeJglxgwq9iykyxcS1E7HG6vN3jXb-QuWc&dib_tag=se&keywords=wireless+keyboard&qid=1733686599&sr=8-183
"Redragon K530 Pro Draconic 60% Wireless RGB Mechanical Keyboard, BT/2.4Ghz/Wired 3-Mode 61 Keys Compact Gaming Keyboard w/Hot-Swap Socket, Free-Mod Plate Mounted PCB & Tactile Brown Switch",$59.99,4.5,6028.0,https://www.amazon.com/Redragon-Draconic-Wireless-Mechanical-Bluetooth/dp/B086DQP567/ref=sr_1_184?dib=eyJ2IjoiMSJ9.dlaH1hzj1_XM3qENjFGr_Vq_kt7lS1ZaE0X1YAb8IawIISKYV5bDAoOdq5FolEqdoU-R77-zLLTSbIcVgeFvKH9wUQ3zdpAqB5CHF8u0E5XQeRVCQw5T4ek2gi12hc_smk-vPEJJSXWEocgFYyZDSJ930AdGMNd0EtJrQltIt2EpgVdCFf0et74vt1vp5B7BMOpEhMNG7ME54fvKHZPguY2t-Sjv1d5aA50LzN4QV3w.xFELPEQbIYeJglxgwq9iykyxcS1E7HG6vN3jXb-QuWc&dib_tag=se&keywords=wireless+keyboard&qid=1733686599&sr=8-184
"Wireless Bluetooth Keyboard and Mouse for Mac, Multi-Device Rechargeable Slim Keyboard and Mouse Stainless Steel Full Size, Compatible with MacBook Pro/Air, iPad, iMac - Space Gray",$45.99,4.3,478.0,https://www.amazon.com/Bluetooth-Multi-Device-Rechargeable-Stainless-Compatible/dp/B0BWDMD69D/ref=sr_1_185?dib=eyJ2IjoiMSJ9.dlaH1hzj1_XM3qENjFGr_Vq_kt7lS1ZaE0X1YAb8IawIISKYV5bDAoOdq5FolEqdoU-R77-zLLTSbIcVgeFvKH9wUQ3zdpAqB5CHF8u0E5XQeRVCQw5T4ek2gi12hc_smk-vPEJJSXWEocgFYyZDSJ930AdGMNd0EtJrQltIt2EpgVdCFf0et74vt1vp5B7BMOpEhMNG7ME54fvKHZPguY2t-Sjv1d5aA50LzN4QV3w.xFELPEQbIYeJglxgwq9iykyxcS1E7HG6vN3jXb-QuWc&dib_tag=se&keywords=wireless+keyboard&qid=1733686599&sr=8-185
"RK ROYAL KLUDGE RK84 Wireless RGB 75% Triple Mode BT5.0/2.4G/USB-C Hot Swappable Mechanical Keyboard, 84 Keys Wireless Gaming Keyboard w/High-Capacity Battery, Quiet Red Switch",$59.99,4.5,3324.0,https://www.amazon.com/RK-ROYAL-KLUDGE-Hot-Swappable-Mechanical/dp/B098Q6SHS8/ref=sr_1_186?dib=eyJ2IjoiMSJ9.dlaH1hzj1_XM3qENjFGr_Vq_kt7lS1ZaE0X1YAb8IawIISKYV5bDAoOdq5FolEqdoU-R77-zLLTSbIcVgeFvKH9wUQ3zdpAqB5CHF8u0E5XQeRVCQw5T4ek2gi12hc_smk-vPEJJSXWEocgFYyZDSJ930AdGMNd0EtJrQltIt2EpgVdCFf0et74vt1vp5B7BMOpEhMNG7ME54fvKHZPguY2t-Sjv1d5aA50LzN4QV3w.xFELPEQbIYeJglxgwq9iykyxcS1E7HG6vN3jXb-QuWc&dib_tag=se&keywords=wireless+keyboard&qid=1733686599&sr=8-186
"JAMfit Wireless Keyboard 2.4G and Bluetooth Cute Round Keycaps Retro Typewriter Flexible Keys Full Size Keyboard, Ergonomic Compatible with Mac, Windows, iOS, Android(White-Dark Green)",$29.99,4.5,50.0,https://www.amazon.com/sspa/click?ie=UTF8&spc=MToyMzYwMTkwNDExODc4MDQxOjE3MzM2ODY2MDA6c3BfbXRmOjMwMDQzNTU1MzI1NTYwMjo6MDo6&url=%2FJAMfit-Wireless-Bluetooth-Typewriter-White-Dark%2Fdp%2FB0CX55WL1K%2Fref%3Dsr_1_187_sspa%3Fdib%3DeyJ2IjoiMSJ9.dlaH1hzj1_XM3qENjFGr_Vq_kt7lS1ZaE0X1YAb8IawIISKYV5bDAoOdq5FolEqdoU-R77-zLLTSbIcVgeFvKH9wUQ3zdpAqB5CHF8u0E5XQeRVCQw5T4ek2gi12hc_smk-vPEJJSXWEocgFYyZDSJ930AdGMNd0EtJrQltIt2EpgVdCFf0et74vt1vp5B7BMOpEhMNG7ME54fvKHZPguY2t-Sjv1d5aA50LzN4QV3w.xFELPEQbIYeJglxgwq9iykyxcS1E7HG6vN3jXb-QuWc%26dib_tag%3Dse%26keywords%3Dwireless%2Bkeyboard%26qid%3D1733686599%26sr%3D8-187-spons%26sp_csd%3Dd2lkZ2V0TmFtZT1zcF9tdGY%26psc%3D1
"EWEADN V3 Wireless Keyboard and Mouse with Single Backlit, Metal Panel, Bluetooth/2.4G Rechargeable Computer Keyboard and Mouse Combo Silent Light up Full Size Cute Keyboard-White",$59.99,4.1,25.0,https://www.amazon.com/sspa/click?ie=UTF8&spc=MToyMzYwMTkwNDExODc4MDQxOjE3MzM2ODY2MDA6c3BfbXRmOjMwMDUyNDkzNTg5NzkwMjo6MDo6&url=%2FSEUNKWANG-V3-Bluetooth-Rechargeable-Keyboard-White%2Fdp%2FB0D9NCDQRP%2Fref%3Dsr_1_188_sspa%3Fdib%3DeyJ2IjoiMSJ9.dlaH1hzj1_XM3qENjFGr_Vq_kt7lS1ZaE0X1YAb8IawIISKYV5bDAoOdq5FolEqdoU-R77-zLLTSbIcVgeFvKH9wUQ3zdpAqB5CHF8u0E5XQeRVCQw5T4ek2gi12hc_smk-vPEJJSXWEocgFYyZDSJ930AdGMNd0EtJrQltIt2EpgVdCFf0et74vt1vp5B7BMOpEhMNG7ME54fvKHZPguY2t-Sjv1d5aA50LzN4QV3w.xFELPEQbIYeJglxgwq9iykyxcS1E7HG6vN3jXb-QuWc%26dib_tag%3Dse%26keywords%3Dwireless%2Bkeyboard%26qid%3D1733686599%26sr%3D8-188-spons%26sp_csd%3Dd2lkZ2V0TmFtZT1zcF9tdGY%26psc%3D1
DIERYA T63 60% Wireless Mechanical Gaming Keyboard | Bluetooth/2.4G/Wired Keyboard | RGB Backlit Compact 63 Keys Mini Office Keyboard | with Blue Switch | for Windows Laptop PC Gamer Typist-White,$39.99,4.3,1428.0,https://www.amazon.com/DIERYA-T63-Mechanical-Bluetooth-Typist-White/dp/B0CP5PC7ZY/ref=sr_1_189?dib=eyJ2IjoiMSJ9.dlaH1hzj1_XM3qENjFGr_Vq_kt7lS1ZaE0X1YAb8IawIISKYV5bDAoOdq5FolEqdoU-R77-zLLTSbIcVgeFvKH9wUQ3zdpAqB5CHF8u0E5XQeRVCQw5T4ek2gi12hc_smk-vPEJJSXWEocgFYyZDSJ930AdGMNd0EtJrQltIt2EpgVdCFf0et74vt1vp5B7BMOpEhMNG7ME54fvKHZPguY2t-Sjv1d5aA50LzN4QV3w.xFELPEQbIYeJglxgwq9iykyxcS1E7HG6vN3jXb-QuWc&dib_tag=se&keywords=wireless+keyboard&qid=1733686599&sr=8-189
"AULA F75 75% Wireless Mechanical Keyboard,Gasket Hot Swappable Custom Keyboard,Pre-lubed Linear Switches RGB Backlit Gaming Keyboard,2.4GHz/Type-C/BT5.0 Mechanical Keyboard(White&Blue&Purple)",$78.89,4.7,375.0,https://www.amazon.com/AULA-F75-Mechanical-Swappable-Pre-lubed/dp/B0D83BWB3N/ref=sr_1_190?dib=eyJ2IjoiMSJ9.dlaH1hzj1_XM3qENjFGr_Vq_kt7lS1ZaE0X1YAb8IawIISKYV5bDAoOdq5FolEqdoU-R77-zLLTSbIcVgeFvKH9wUQ3zdpAqB5CHF8u0E5XQeRVCQw5T4ek2gi12hc_smk-vPEJJSXWEocgFYyZDSJ930AdGMNd0EtJrQltIt2EpgVdCFf0et74vt1vp5B7BMOpEhMNG7ME54fvKHZPguY2t-Sjv1d5aA50LzN4QV3w.xFELPEQbIYeJglxgwq9iykyxcS1E7HG6vN3jXb-QuWc&dib_tag=se&keywords=wireless+keyboard&qid=1733686599&sr=8-190
"EPOMAKER TH80 SE Gasket 75% Mechanical Keyboard, NKRO Hot Swappable RGB 2.4Ghz/ Bluetooth 5.0/ Wired Gaming Keyboard with Poron/EVA Foam, 4000mah Battery (Black Silver, Wisteria Linear Switch)",$89.99,4.6,740.0,https://www.amazon.com/EPOMAKER-Bluetooth-Keyboard-4000mah-Wisteria/dp/B0C4TNQS6G/ref=sr_1_191?dib=eyJ2IjoiMSJ9.dlaH1hzj1_XM3qENjFGr_Vq_kt7lS1ZaE0X1YAb8IawIISKYV5bDAoOdq5FolEqdoU-R77-zLLTSbIcVgeFvKH9wUQ3zdpAqB5CHF8u0E5XQeRVCQw5T4ek2gi12hc_smk-vPEJJSXWEocgFYyZDSJ930AdGMNd0EtJrQltIt2EpgVdCFf0et74vt1vp5B7BMOpEhMNG7ME54fvKHZPguY2t-Sjv1d5aA50LzN4QV3w.xFELPEQbIYeJglxgwq9iykyxcS1E7HG6vN3jXb-QuWc&dib_tag=se&keywords=wireless+keyboard&qid=1733686599&sr=8-191
RK ROYAL KLUDGE RK100 Wireless Mechanical Keyboard RGB Backlit Bluetooth5.1/2.4G/Wired 96% Full Size 100-Key Hot Swappable Gaming Keyboard Brown Switch Carbon,$79.99,4.3,2191.0,https://www.amazon.com/RK-ROYAL-KLUDGE-Mechanical-Connectable/dp/B08JCVPZPQ/ref=sr_1_192?dib=eyJ2IjoiMSJ9.dlaH1hzj1_XM3qENjFGr_Vq_kt7lS1ZaE0X1YAb8IawIISKYV5bDAoOdq5FolEqdoU-R77-zLLTSbIcVgeFvKH9wUQ3zdpAqB5CHF8u0E5XQeRVCQw5T4ek2gi12hc_smk-vPEJJSXWEocgFYyZDSJ930AdGMNd0EtJrQltIt2EpgVdCFf0et74vt1vp5B7BMOpEhMNG7ME54fvKHZPguY2t-Sjv1d5aA50LzN4QV3w.xFELPEQbIYeJglxgwq9iykyxcS1E7HG6vN3jXb-QuWc&dib_tag=se&keywords=wireless+keyboard&qid=1733686599&sr=8-192
Apple Magic Keyboard - US English ​​​​​​​,$99.00,3.6,10.0,https://www.amazon.com/Apple-Magic-Keyboard-US-English/dp/B0DL6LV7Q6/ref=sr_1_193?dib=eyJ2IjoiMSJ9.dlaH1hzj1_XM3qENjFGr_Vq_kt7lS1ZaE0X1YAb8IawIISKYV5bDAoOdq5FolEqdoU-R77-zLLTSbIcVgeFvKH9wUQ3zdpAqB5CHF8u0E5XQeRVCQw5T4ek2gi12hc_smk-vPEJJSXWEocgFYyZDSJ930AdGMNd0EtJrQltIt2EpgVdCFf0et74vt1vp5B7BMOpEhMNG7ME54fvKHZPguY2t-Sjv1d5aA50LzN4QV3w.xFELPEQbIYeJglxgwq9iykyxcS1E7HG6vN3jXb-QuWc&dib_tag=se&keywords=wireless+keyboard&qid=1733686599&sr=8-193
"RedThunder 60% Wireless Gaming Keyboard & Mouse Combo with Rechargeable Battery, Ultra-Compact Small RGB Mechanical Feel Keyboard, Ergonomic Lightweight Honeycomb Optical Mouse for Gaming/Business",$42.99,4.3,1317.0,https://www.amazon.com/RedThunder-Rechargeable-Ultra-Compact-Mechanical-Lightweight/dp/B0CHRBQBLP/ref=sr_1_194?dib=eyJ2IjoiMSJ9.dlaH1hzj1_XM3qENjFGr_Vq_kt7lS1ZaE0X1YAb8IawIISKYV5bDAoOdq5FolEqdoU-R77-zLLTSbIcVgeFvKH9wUQ3zdpAqB5CHF8u0E5XQeRVCQw5T4ek2gi12hc_smk-vPEJJSXWEocgFYyZDSJ930AdGMNd0EtJrQltIt2EpgVdCFf0et74vt1vp5B7BMOpEhMNG7ME54fvKHZPguY2t-Sjv1d5aA50LzN4QV3w.xFELPEQbIYeJglxgwq9iykyxcS1E7HG6vN3jXb-QuWc&dib_tag=se&keywords=wireless+keyboard&qid=1733686599&sr=8-194
"Redragon K585 PRO Wireless One-Handed Mechanical Keyboard, 42 Keys 3-Mode RGB 40% Gaming Keypad w/ 7 Onboard Macro Keys, Detachable Wrist Support, Rechargeable Battery (Red Switch)",$56.99,4.3,1361.0,https://www.amazon.com/Redragon-K585-One-Handed-Mechanical-Detachable/dp/B099W5MSFM/ref=sr_1_195?dib=eyJ2IjoiMSJ9.dlaH1hzj1_XM3qENjFGr_Vq_kt7lS1ZaE0X1YAb8IawIISKYV5bDAoOdq5FolEqdoU-R77-zLLTSbIcVgeFvKH9wUQ3zdpAqB5CHF8u0E5XQeRVCQw5T4ek2gi12hc_smk-vPEJJSXWEocgFYyZDSJ930AdGMNd0EtJrQltIt2EpgVdCFf0et74vt1vp5B7BMOpEhMNG7ME54fvKHZPguY2t-Sjv1d5aA50LzN4QV3w.xFELPEQbIYeJglxgwq9iykyxcS1E7HG6vN3jXb-QuWc&dib_tag=se&keywords=wireless+keyboard&qid=1733686599&sr=8-195
"Gaming Keyboard and Mouse and Mouse pad and Gaming Headset, Wired LEDRGB Backlight Bundle for PC Gamers and Xbox and PS4 Users - 4 in 1 Edition Hornet RX-250",$54.91,4.3,19830.0,https://www.amazon.com/Gaming-Keyboard-Headset-Backlight-Bundle/dp/B07TVK8WJP/ref=sr_1_196?dib=eyJ2IjoiMSJ9.dlaH1hzj1_XM3qENjFGr_Vq_kt7lS1ZaE0X1YAb8IawIISKYV5bDAoOdq5FolEqdoU-R77-zLLTSbIcVgeFvKH9wUQ3zdpAqB5CHF8u0E5XQeRVCQw5T4ek2gi12hc_smk-vPEJJSXWEocgFYyZDSJ930AdGMNd0EtJrQltIt2EpgVdCFf0et74vt1vp5B7BMOpEhMNG7ME54fvKHZPguY2t-Sjv1d5aA50LzN4QV3w.xFELPEQbIYeJglxgwq9iykyxcS1E7HG6vN3jXb-QuWc&dib_tag=se&keywords=wireless+keyboard&qid=1733686599&sr=8-196
"Wireless Keyboard with 7 Colored Backlits, Wrist Rest, Phone Holder, Rechargeable Ergonomic Computer Keyboard with Silent Keys, Full Size Lighted Keyboard for Windows, MacBook, PC, Laptop (Black)",$39.99,4.0,1786.0,https://www.amazon.com/sspa/click?ie=UTF8&spc=MToyMzYwMTkwNDExODc4MDQxOjE3MzM2ODY2MDA6c3BfYnRmOjIwMDEyNjU4MTUzMzE5ODo6MDo6&url=%2FTrueque-Wireless-Keyboard-Rechargeable-Ergonomic%2Fdp%2FB0BNPBTJDP%2Fref%3Dsr_1_197_sspa%3Fdib%3DeyJ2IjoiMSJ9.dlaH1hzj1_XM3qENjFGr_Vq_kt7lS1ZaE0X1YAb8IawIISKYV5bDAoOdq5FolEqdoU-R77-zLLTSbIcVgeFvKH9wUQ3zdpAqB5CHF8u0E5XQeRVCQw5T4ek2gi12hc_smk-vPEJJSXWEocgFYyZDSJ930AdGMNd0EtJrQltIt2EpgVdCFf0et74vt1vp5B7BMOpEhMNG7ME54fvKHZPguY2t-Sjv1d5aA50LzN4QV3w.xFELPEQbIYeJglxgwq9iykyxcS1E7HG6vN3jXb-QuWc%26dib_tag%3Dse%26keywords%3Dwireless%2Bkeyboard%26qid%3D1733686599%26sr%3D8-197-spons%26sp_csd%3Dd2lkZ2V0TmFtZT1zcF9idGY%26psc%3D1
"Wireless Keyboard and Mouse Combo, Full-Sized Ergonomic Keyboard with Wrist Rest, Phone Holder, Sleep Mode, Lag-Free, Silent 2.4GHz Cordless Computer Keyboard Mouse for Laptop, PC, Window(Black)",$32.99,4.6,57.0,https://www.amazon.com/sspa/click?ie=UTF8&spc=MToyMzYwMTkwNDExODc4MDQxOjE3MzM2ODY2MDA6c3BfYnRmOjMwMDU3NjU4NjM0NzAwMjo6MDo6&url=%2FWireless-Keyboard-Full-Sized-Ergonomic-Lag-Free%2Fdp%2FB0DGPWKGLB%2Fref%3Dsr_1_198_sspa%3Fdib%3DeyJ2IjoiMSJ9.dlaH1hzj1_XM3qENjFGr_Vq_kt7lS1ZaE0X1YAb8IawIISKYV5bDAoOdq5FolEqdoU-R77-zLLTSbIcVgeFvKH9wUQ3zdpAqB5CHF8u0E5XQeRVCQw5T4ek2gi12hc_smk-vPEJJSXWEocgFYyZDSJ930AdGMNd0EtJrQltIt2EpgVdCFf0et74vt1vp5B7BMOpEhMNG7ME54fvKHZPguY2t-Sjv1d5aA50LzN4QV3w.xFELPEQbIYeJglxgwq9iykyxcS1E7HG6vN3jXb-QuWc%26dib_tag%3Dse%26keywords%3Dwireless%2Bkeyboard%26qid%3D1733686599%26sr%3D8-198-spons%26sp_csd%3Dd2lkZ2V0TmFtZT1zcF9idGY%26psc%3D1
"XTREMTEC Full Size 2.4G Wireless Keyboard Mouse Combo, Ultra Slim Silent Cute Computer Keyboard with USB Receiver for Windows, OS, PC, Mac, Tablet (Blue)",$36.99,4.3,731.0,https://www.amazon.com/sspa/click?ie=UTF8&spc=MTo4OTczNjA0MzIzNjk1MzU5OjE3MzM2ODY2MTA6c3BfYXRmX25leHQ6MzAwMTM5MjI0MTAxNDAyOjowOjo&url=%2FXTREMTEC-Wireless-Keyboard-Computer-Receiver%2Fdp%2FB0CF1JG2GS%2Fref%3Dsr_1_193_sspa%3Fdib%3DeyJ2IjoiMSJ9.awD47dp-SPCGJKLZQQ3GQt4hHoHopq-EGqAaVSGhkMtnwj5A3NifcQVjOt0COd_meQz-GchlgnjGM_0GTZ3HmSr3pKssmlGmW9Uyw3k9Ci4gliCjMh3_GZgdN8N8NSd22aMSi3boKWFDTEPI6alkukpH0Dw6RuaGNHPHvlxAozkqwF50nI-AO_YhgShxnYEnXdAvF3Avu4fSmemxsFIfNRNdhnChPjX7WvAq5UmT2gM.tZU-aU-oJ2gO-O6NdkOxdZGQV3rPPIeDeKuNyRZaL-o%26dib_tag%3Dse%26keywords%3Dwireless%2Bkeyboard%26qid%3D1733686610%26sr%3D8-193-spons%26sp_csd%3Dd2lkZ2V0TmFtZT1zcF9hdGZfbmV4dA%26psc%3D1
"MageGee LIGHT87 Wireless Creamy Keyboard, 80% Gasket Hot Swappable Custom Mechanical Keyboard, Tri-Mode 2.4G/USB-C/BT5.0 RGB Backlit Gaming Keyboard for Win/Mac/PC, 8000mAh Battery, PBT Keycaps, Blue",$59.99,4.8,8.0,https://www.amazon.com/sspa/click?ie=UTF8&spc=MTo4OTczNjA0MzIzNjk1MzU5OjE3MzM2ODY2MTA6c3BfYXRmX25leHQ6MzAwNTEwMjM4MTk1OTAyOjowOjo&url=%2FMageGee-Wireless-Keyboard-Swappable-Mechanical%2Fdp%2FB0DFPDF4H2%2Fref%3Dsr_1_194_sspa%3Fdib%3DeyJ2IjoiMSJ9.awD47dp-SPCGJKLZQQ3GQt4hHoHopq-EGqAaVSGhkMtnwj5A3NifcQVjOt0COd_meQz-GchlgnjGM_0GTZ3HmSr3pKssmlGmW9Uyw3k9Ci4gliCjMh3_GZgdN8N8NSd22aMSi3boKWFDTEPI6alkukpH0Dw6RuaGNHPHvlxAozkqwF50nI-AO_YhgShxnYEnXdAvF3Avu4fSmemxsFIfNRNdhnChPjX7WvAq5UmT2gM.tZU-aU-oJ2gO-O6NdkOxdZGQV3rPPIeDeKuNyRZaL-o%26dib_tag%3Dse%26keywords%3Dwireless%2Bkeyboard%26qid%3D1733686610%26sr%3D8-194-spons%26sp_csd%3Dd2lkZ2V0TmFtZT1zcF9hdGZfbmV4dA%26psc%3D1
"RedThunder K84 Wireless Keyboard and Mouse Combo, Rainbow Backlit Rechargeable Battery, 75% Layout TKL Ultra Compact Gaming Keyboard & Lightweight 3200 DPI Honeycomb Optical Mouse (Black-White)",$39.99,4.0,326.0,https://www.amazon.com/RedThunder-K84-Rechargeable-Lightweight-Black-White/dp/B0D4MCLS2W/ref=sr_1_195?dib=eyJ2IjoiMSJ9.awD47dp-SPCGJKLZQQ3GQt4hHoHopq-EGqAaVSGhkMtnwj5A3NifcQVjOt0COd_meQz-GchlgnjGM_0GTZ3HmSr3pKssmlGmW9Uyw3k9Ci4gliCjMh3_GZgdN8N8NSd22aMSi3boKWFDTEPI6alkukpH0Dw6RuaGNHPHvlxAozkqwF50nI-AO_YhgShxnYEnXdAvF3Avu4fSmemxsFIfNRNdhnChPjX7WvAq5UmT2gM.tZU-aU-oJ2gO-O6NdkOxdZGQV3rPPIeDeKuNyRZaL-o&dib_tag=se&keywords=wireless+keyboard&qid=1733686610&sr=8-195
"UBOTIE Colorful Computer Wireless Keyboard Mouse Combos, Typewriter Flexible Keys Office Full-Sized Keyboard, 2.4GHz Dropout-Free Connection and Optical Mouse (Pink-White)",$35.99,4.3,17102.0,https://www.amazon.com/UBOTIE-Typewriter-Full-Sized-Dropout-Free-Connection/dp/B087JW5299/ref=sr_1_196?dib=eyJ2IjoiMSJ9.awD47dp-SPCGJKLZQQ3GQt4hHoHopq-EGqAaVSGhkMtnwj5A3NifcQVjOt0COd_meQz-GchlgnjGM_0GTZ3HmSr3pKssmlGmW9Uyw3k9Ci4gliCjMh3_GZgdN8N8NSd22aMSi3boKWFDTEPI6alkukpH0Dw6RuaGNHPHvlxAozkqwF50nI-AO_YhgShxnYEnXdAvF3Avu4fSmemxsFIfNRNdhnChPjX7WvAq5UmT2gM.tZU-aU-oJ2gO-O6NdkOxdZGQV3rPPIeDeKuNyRZaL-o&dib_tag=se&keywords=wireless+keyboard&qid=1733686610&sr=8-196
"RK ROYAL KLUDGE R65 Wireless Mechanical Keyboard with Volume Knob, Tri-Mode 2.4G/USB-C/BT Gasket Mounted 60% Gaming Keyboard with 66Keys, PBT Keycaps, QMK/VIA, Hot Swappable Cream Switch, Blue",$64.99,4.6,83.0,https://www.amazon.com/RK-ROYAL-KLUDGE-R65-Mechanical/dp/B0D5HCQPY8/ref=sr_1_197?dib=eyJ2IjoiMSJ9.awD47dp-SPCGJKLZQQ3GQt4hHoHopq-EGqAaVSGhkMtnwj5A3NifcQVjOt0COd_meQz-GchlgnjGM_0GTZ3HmSr3pKssmlGmW9Uyw3k9Ci4gliCjMh3_GZgdN8N8NSd22aMSi3boKWFDTEPI6alkukpH0Dw6RuaGNHPHvlxAozkqwF50nI-AO_YhgShxnYEnXdAvF3Avu4fSmemxsFIfNRNdhnChPjX7WvAq5UmT2gM.tZU-aU-oJ2gO-O6NdkOxdZGQV3rPPIeDeKuNyRZaL-o&dib_tag=se&keywords=wireless+keyboard&qid=1733686610&sr=8-197
Corsair K70 PRO TKL RGB Tenkeyless Magnetic-Mechanical Wired Gaming Keyboard – Pre-Lubricated MGX Hyperdrive Adjustable Switches – Rapid Trigger Mode – 8000Hz Hyper-Polling – QWERTY NA – Black,$159.99,4.6,27.0,https://www.amazon.com/Corsair-Tenkeyless-Magnetic-Mechanical-Gaming-Keyboard/dp/B0D83TJ5RB/ref=sr_1_198?dib=eyJ2IjoiMSJ9.awD47dp-SPCGJKLZQQ3GQt4hHoHopq-EGqAaVSGhkMtnwj5A3NifcQVjOt0COd_meQz-GchlgnjGM_0GTZ3HmSr3pKssmlGmW9Uyw3k9Ci4gliCjMh3_GZgdN8N8NSd22aMSi3boKWFDTEPI6alkukpH0Dw6RuaGNHPHvlxAozkqwF50nI-AO_YhgShxnYEnXdAvF3Avu4fSmemxsFIfNRNdhnChPjX7WvAq5UmT2gM.tZU-aU-oJ2gO-O6NdkOxdZGQV3rPPIeDeKuNyRZaL-o&dib_tag=se&keywords=wireless+keyboard&qid=1733686610&sr=8-198
"Wireless gaming Keyboard and Mouse,Rainbow Backlit Rechargeable Keyboard Mouse with 3800mAh Battery Metal Panel,Removable Hand Rest Mechanical Feel Keyboard and 7 Color Gaming Mute Mouse for PC Gamers",$67.99,4.1,7745.0,https://www.amazon.com/Wireless-Keyboard-Rechargeable-Removable-Mechanical/dp/B082V77SZ1/ref=sr_1_199?dib=eyJ2IjoiMSJ9.awD47dp-SPCGJKLZQQ3GQt4hHoHopq-EGqAaVSGhkMtnwj5A3NifcQVjOt0COd_meQz-GchlgnjGM_0GTZ3HmSr3pKssmlGmW9Uyw3k9Ci4gliCjMh3_GZgdN8N8NSd22aMSi3boKWFDTEPI6alkukpH0Dw6RuaGNHPHvlxAozkqwF50nI-AO_YhgShxnYEnXdAvF3Avu4fSmemxsFIfNRNdhnChPjX7WvAq5UmT2gM.tZU-aU-oJ2gO-O6NdkOxdZGQV3rPPIeDeKuNyRZaL-o&dib_tag=se&keywords=wireless+keyboard&qid=1733686610&sr=8-199
"Wireless Bluetooth Keyboard and Mouse Combo (USB + Dual BT), seenda Multi-Device Rechargeable Slim Keyboard and Mouse, Compatible for Win 7/8/10, MacBook Pro/Air, iPad, Tablet - Black Gray",$49.98,4.3,881.0,https://www.amazon.com/seenda-Bluetooth-Multi-Device-Rechargeable-Compatible/dp/B09ZY7SKYS/ref=sr_1_200?dib=eyJ2IjoiMSJ9.awD47dp-SPCGJKLZQQ3GQt4hHoHopq-EGqAaVSGhkMtnwj5A3NifcQVjOt0COd_meQz-GchlgnjGM_0GTZ3HmSr3pKssmlGmW9Uyw3k9Ci4gliCjMh3_GZgdN8N8NSd22aMSi3boKWFDTEPI6alkukpH0Dw6RuaGNHPHvlxAozkqwF50nI-AO_YhgShxnYEnXdAvF3Avu4fSmemxsFIfNRNdhnChPjX7WvAq5UmT2gM.tZU-aU-oJ2gO-O6NdkOxdZGQV3rPPIeDeKuNyRZaL-o&dib_tag=se&keywords=wireless+keyboard&qid=1733686610&sr=8-200
"RK ROYAL KLUDGE R75 Wireless Mechanical Keyboard, 75% Percent Custom Gaming Keyboard Gasket Mount RGB Backlit with Knob & PBT Keycaps, BT5.1/2.4GHz/USB-C, Hot Swappable Cream Switch",$65.99,4.4,228.0,https://www.amazon.com/RK-ROYAL-KLUDGE-R75-Mechanical/dp/B0D3GZH8BL/ref=sr_1_201?dib=eyJ2IjoiMSJ9.awD47dp-SPCGJKLZQQ3GQt4hHoHopq-EGqAaVSGhkMtnwj5A3NifcQVjOt0COd_meQz-GchlgnjGM_0GTZ3HmSr3pKssmlGmW9Uyw3k9Ci4gliCjMh3_GZgdN8N8NSd22aMSi3boKWFDTEPI6alkukpH0Dw6RuaGNHPHvlxAozkqwF50nI-AO_YhgShxnYEnXdAvF3Avu4fSmemxsFIfNRNdhnChPjX7WvAq5UmT2gM.tZU-aU-oJ2gO-O6NdkOxdZGQV3rPPIeDeKuNyRZaL-o&dib_tag=se&keywords=wireless+keyboard&qid=1733686610&sr=8-201
"White Keyboard and Mouse Wireless, seenda Full-Size Keyboard with Phone Holder USB A & Type C Receiver 2.4G Silent USB Keyboard Mouse Compatible for MacBook and Windows Computer/Desktop/Laptop",$29.99,4.3,273.0,https://www.amazon.com/Keyboard-Wireless-seenda-Full-Size-Compatible/dp/B0D2CRKB1G/ref=sr_1_202?dib=eyJ2IjoiMSJ9.awD47dp-SPCGJKLZQQ3GQt4hHoHopq-EGqAaVSGhkMtnwj5A3NifcQVjOt0COd_meQz-GchlgnjGM_0GTZ3HmSr3pKssmlGmW9Uyw3k9Ci4gliCjMh3_GZgdN8N8NSd22aMSi3boKWFDTEPI6alkukpH0Dw6RuaGNHPHvlxAozkqwF50nI-AO_YhgShxnYEnXdAvF3Avu4fSmemxsFIfNRNdhnChPjX7WvAq5UmT2gM.tZU-aU-oJ2gO-O6NdkOxdZGQV3rPPIeDeKuNyRZaL-o&dib_tag=se&keywords=wireless+keyboard&qid=1733686610&sr=8-202
"UBOTIE Colorful Computer Wireless Keyboard Mouse Combos, Typewriter Flexible Keys Office Full-Sized Keyboard, 2.4GHz Dropout-Free Connection and Optical Mouse (Blue-White)",$35.99,4.3,17102.0,https://www.amazon.com/sspa/click?ie=UTF8&spc=MTo4OTczNjA0MzIzNjk1MzU5OjE3MzM2ODY2MTA6c3BfbXRmOjIwMDAzNTMwNzY3OTQ2MTo6MDo6&url=%2FUBOTIE-Typewriter-Full-Sized-Dropout-Free-Connection%2Fdp%2FB08JLW94W6%2Fref%3Dsr_1_203_sspa%3Fdib%3DeyJ2IjoiMSJ9.awD47dp-SPCGJKLZQQ3GQt4hHoHopq-EGqAaVSGhkMtnwj5A3NifcQVjOt0COd_meQz-GchlgnjGM_0GTZ3HmSr3pKssmlGmW9Uyw3k9Ci4gliCjMh3_GZgdN8N8NSd22aMSi3boKWFDTEPI6alkukpH0Dw6RuaGNHPHvlxAozkqwF50nI-AO_YhgShxnYEnXdAvF3Avu4fSmemxsFIfNRNdhnChPjX7WvAq5UmT2gM.tZU-aU-oJ2gO-O6NdkOxdZGQV3rPPIeDeKuNyRZaL-o%26dib_tag%3Dse%26keywords%3Dwireless%2Bkeyboard%26qid%3D1733686610%26sr%3D8-203-spons%26sp_csd%3Dd2lkZ2V0TmFtZT1zcF9tdGY%26psc%3D1
"MageGee SKY98 Wireless Gasket Mechanical Gaming Keyboard, 96% Hot Swappable RGB Custom Creamy Keyboard with 5-Layer Sound Padding, BT/2.4G/USB-C, NKRO for Win/Mac (Lavender, Violet Switch)",$69.99,4.3,38.0,https://www.amazon.com/sspa/click?ie=UTF8&spc=MTo4OTczNjA0MzIzNjk1MzU5OjE3MzM2ODY2MTA6c3BfbXRmOjMwMDMyNzI2OTMwMzgwMjo6MDo6&url=%2FMageGee-SKY98-Wireless-Mechanical-Swappable%2Fdp%2FB0D2NYLS26%2Fref%3Dsr_1_204_sspa%3Fdib%3DeyJ2IjoiMSJ9.awD47dp-SPCGJKLZQQ3GQt4hHoHopq-EGqAaVSGhkMtnwj5A3NifcQVjOt0COd_meQz-GchlgnjGM_0GTZ3HmSr3pKssmlGmW9Uyw3k9Ci4gliCjMh3_GZgdN8N8NSd22aMSi3boKWFDTEPI6alkukpH0Dw6RuaGNHPHvlxAozkqwF50nI-AO_YhgShxnYEnXdAvF3Avu4fSmemxsFIfNRNdhnChPjX7WvAq5UmT2gM.tZU-aU-oJ2gO-O6NdkOxdZGQV3rPPIeDeKuNyRZaL-o%26dib_tag%3Dse%26keywords%3Dwireless%2Bkeyboard%26qid%3D1733686610%26sr%3D8-204-spons%26sp_csd%3Dd2lkZ2V0TmFtZT1zcF9tdGY%26psc%3D1
"seenda Rechargeable Wireless Keyboard Mouse, Ultra Thin Low Profile Wireless Keyboard and Mouse with Number Pad for WindowsXP/7/8/10/11/11 Pro, Silver White",$36.98,4.4,7394.0,https://www.amazon.com/Rechargeable-Wireless-Keyboard-Compact-Aluminum/dp/B07VKMMV4C/ref=sr_1_205?dib=eyJ2IjoiMSJ9.awD47dp-SPCGJKLZQQ3GQt4hHoHopq-EGqAaVSGhkMtnwj5A3NifcQVjOt0COd_meQz-GchlgnjGM_0GTZ3HmSr3pKssmlGmW9Uyw3k9Ci4gliCjMh3_GZgdN8N8NSd22aMSi3boKWFDTEPI6alkukpH0Dw6RuaGNHPHvlxAozkqwF50nI-AO_YhgShxnYEnXdAvF3Avu4fSmemxsFIfNRNdhnChPjX7WvAq5UmT2gM.tZU-aU-oJ2gO-O6NdkOxdZGQV3rPPIeDeKuNyRZaL-o&dib_tag=se&keywords=wireless+keyboard&qid=1733686610&sr=8-205
"MageGee Typewriter Mechanical Gaming Keyboard, Retro Pink Punk Round Keycaps LED White Backlit Wired Keyboards with Detachable Wrist Rest for Game and Office, for Windows Laptop PC Mac - Blue Switches",$36.99,4.5,872.0,https://www.amazon.com/MageGee-Typewriter-Mechanical-Keyboard-Keyboards/dp/B091GQHBYC/ref=sr_1_206?dib=eyJ2IjoiMSJ9.awD47dp-SPCGJKLZQQ3GQt4hHoHopq-EGqAaVSGhkMtnwj5A3NifcQVjOt0COd_meQz-GchlgnjGM_0GTZ3HmSr3pKssmlGmW9Uyw3k9Ci4gliCjMh3_GZgdN8N8NSd22aMSi3boKWFDTEPI6alkukpH0Dw6RuaGNHPHvlxAozkqwF50nI-AO_YhgShxnYEnXdAvF3Avu4fSmemxsFIfNRNdhnChPjX7WvAq5UmT2gM.tZU-aU-oJ2gO-O6NdkOxdZGQV3rPPIeDeKuNyRZaL-o&dib_tag=se&keywords=wireless+keyboard&qid=1733686610&sr=8-206
Logitech MK320 Wireless Keyboard and Mouse Combo (Black),$36.29,4.3,51.0,https://www.amazon.com/Logitech-Wireless-Desktop-MK320-Keyboard/dp/B0040QMB9S/ref=sr_1_207?dib=eyJ2IjoiMSJ9.awD47dp-SPCGJKLZQQ3GQt4hHoHopq-EGqAaVSGhkMtnwj5A3NifcQVjOt0COd_meQz-GchlgnjGM_0GTZ3HmSr3pKssmlGmW9Uyw3k9Ci4gliCjMh3_GZgdN8N8NSd22aMSi3boKWFDTEPI6alkukpH0Dw6RuaGNHPHvlxAozkqwF50nI-AO_YhgShxnYEnXdAvF3Avu4fSmemxsFIfNRNdhnChPjX7WvAq5UmT2gM.tZU-aU-oJ2gO-O6NdkOxdZGQV3rPPIeDeKuNyRZaL-o&dib_tag=se&keywords=wireless+keyboard&qid=1733686610&sr=8-207
"Redragon K503 Wireless Gaming Keyboard, RGB LED Backlit, Multimedia Keys, Silent Membrane Keyboard with Wrist Rest for Windows PC Games (Black)",$42.99,4.3,2919.0,https://www.amazon.com/Redragon-Wireless-Keyboard-Multimedia-Membrane/dp/B08CFPXPB7/ref=sr_1_208?dib=eyJ2IjoiMSJ9.awD47dp-SPCGJKLZQQ3GQt4hHoHopq-EGqAaVSGhkMtnwj5A3NifcQVjOt0COd_meQz-GchlgnjGM_0GTZ3HmSr3pKssmlGmW9Uyw3k9Ci4gliCjMh3_GZgdN8N8NSd22aMSi3boKWFDTEPI6alkukpH0Dw6RuaGNHPHvlxAozkqwF50nI-AO_YhgShxnYEnXdAvF3Avu4fSmemxsFIfNRNdhnChPjX7WvAq5UmT2gM.tZU-aU-oJ2gO-O6NdkOxdZGQV3rPPIeDeKuNyRZaL-o&dib_tag=se&keywords=wireless+keyboard&qid=1733686610&sr=8-208
Wireless Typewriter Keyboard - Colorful Keyboard Cute Aesthetic Mouse Retro Set - Multi-Device Compatible for Windows XP/Vista/11/10/8/7/98/2000 PC Laptop (Black),$39.99,4.5,129.0,https://www.amazon.com/Meidosa-Wireless-Typewriter-Keyboard-Multi-Device/dp/B0CX4Z4FTC/ref=sr_1_209?dib=eyJ2IjoiMSJ9.awD47dp-SPCGJKLZQQ3GQt4hHoHopq-EGqAaVSGhkMtnwj5A3NifcQVjOt0COd_meQz-GchlgnjGM_0GTZ3HmSr3pKssmlGmW9Uyw3k9Ci4gliCjMh3_GZgdN8N8NSd22aMSi3boKWFDTEPI6alkukpH0Dw6RuaGNHPHvlxAozkqwF50nI-AO_YhgShxnYEnXdAvF3Avu4fSmemxsFIfNRNdhnChPjX7WvAq5UmT2gM.tZU-aU-oJ2gO-O6NdkOxdZGQV3rPPIeDeKuNyRZaL-o&dib_tag=se&keywords=wireless+keyboard&qid=1733686610&sr=8-209
Corsair K70 CORE TKL Wireless RGB Tenkeyless Mechanical Gaming Keyboard – Pre-Lubricated MLX Red v2 Linear Switches – Dual-Layer Sound Dampening – ABS Double-Shot Keycaps – QWERTY NA – Black,$129.99,4.4,33.0,https://www.amazon.com/Corsair-Wireless-Tenkeyless-Mechanical-Keyboard/dp/B0D7J3T8LH/ref=sr_1_210?dib=eyJ2IjoiMSJ9.awD47dp-SPCGJKLZQQ3GQt4hHoHopq-EGqAaVSGhkMtnwj5A3NifcQVjOt0COd_meQz-GchlgnjGM_0GTZ3HmSr3pKssmlGmW9Uyw3k9Ci4gliCjMh3_GZgdN8N8NSd22aMSi3boKWFDTEPI6alkukpH0Dw6RuaGNHPHvlxAozkqwF50nI-AO_YhgShxnYEnXdAvF3Avu4fSmemxsFIfNRNdhnChPjX7WvAq5UmT2gM.tZU-aU-oJ2gO-O6NdkOxdZGQV3rPPIeDeKuNyRZaL-o&dib_tag=se&keywords=wireless+keyboard&qid=1733686610&sr=8-210
"Arteck Ultra-Slim Keyboard Compatible with iPad 10.2-inch/iPad Air/iPad 9.7-inch/iPad Pro/iPad Mini, iPhone and Other Bluetooth Enabled Devices Including iOS, Android, Windows, Black",$19.99,4.4,11617.0,https://www.amazon.com/Arteck-Ultra-Slim-Bluetooth-Compatible-Including/dp/B07PFCRWG9/ref=sr_1_211?dib=eyJ2IjoiMSJ9.awD47dp-SPCGJKLZQQ3GQt4hHoHopq-EGqAaVSGhkMtnwj5A3NifcQVjOt0COd_meQz-GchlgnjGM_0GTZ3HmSr3pKssmlGmW9Uyw3k9Ci4gliCjMh3_GZgdN8N8NSd22aMSi3boKWFDTEPI6alkukpH0Dw6RuaGNHPHvlxAozkqwF50nI-AO_YhgShxnYEnXdAvF3Avu4fSmemxsFIfNRNdhnChPjX7WvAq5UmT2gM.tZU-aU-oJ2gO-O6NdkOxdZGQV3rPPIeDeKuNyRZaL-o&dib_tag=se&keywords=wireless+keyboard&qid=1733686610&sr=8-211
"Macally Small Wireless Keyboard - 2.4G Ergonomic & Comfortable Compact Keyboard - Ultra Slim Computer Keyboard for Laptop or Windows PC, Tablet, TV - Plug & Play External Mini Keyboard Wireless USB",$19.99,4.4,3039.0,https://www.amazon.com/Macally-2-4G-Mini-Wireless-Keyboard/dp/B07ZRWLL38/ref=sr_1_212?dib=eyJ2IjoiMSJ9.awD47dp-SPCGJKLZQQ3GQt4hHoHopq-EGqAaVSGhkMtnwj5A3NifcQVjOt0COd_meQz-GchlgnjGM_0GTZ3HmSr3pKssmlGmW9Uyw3k9Ci4gliCjMh3_GZgdN8N8NSd22aMSi3boKWFDTEPI6alkukpH0Dw6RuaGNHPHvlxAozkqwF50nI-AO_YhgShxnYEnXdAvF3Avu4fSmemxsFIfNRNdhnChPjX7WvAq5UmT2gM.tZU-aU-oJ2gO-O6NdkOxdZGQV3rPPIeDeKuNyRZaL-o&dib_tag=se&keywords=wireless+keyboard&qid=1733686610&sr=8-212
"Logitech G915 TKL Tenkeyless Lightspeed Wireless RGB Mechanical Gaming Keyboard, Low Profile Switch Options, Lightsync RGB, Advanced Wireless and Bluetooth Support - Tactile, White",$122.99,4.4,14006.0,https://www.amazon.com/sspa/click?ie=UTF8&spc=MTo4OTczNjA0MzIzNjk1MzU5OjE3MzM2ODY2MTA6c3BfYnRmOjMwMDM4MTE0ODEzMzQwMjo6MDo6&url=%2FLogitech-Tenkeyless-Lightspeed-Mechanical-LIGHTSYNC%2Fdp%2FB085RP54BT%2Fref%3Dsr_1_213_sspa%3Fdib%3DeyJ2IjoiMSJ9.awD47dp-SPCGJKLZQQ3GQt4hHoHopq-EGqAaVSGhkMtnwj5A3NifcQVjOt0COd_meQz-GchlgnjGM_0GTZ3HmSr3pKssmlGmW9Uyw3k9Ci4gliCjMh3_GZgdN8N8NSd22aMSi3boKWFDTEPI6alkukpH0Dw6RuaGNHPHvlxAozkqwF50nI-AO_YhgShxnYEnXdAvF3Avu4fSmemxsFIfNRNdhnChPjX7WvAq5UmT2gM.tZU-aU-oJ2gO-O6NdkOxdZGQV3rPPIeDeKuNyRZaL-o%26dib_tag%3Dse%26keywords%3Dwireless%2Bkeyboard%26qid%3D1733686610%26sr%3D8-213-spons%26sp_csd%3Dd2lkZ2V0TmFtZT1zcF9idGY%26psc%3D1
FOPETT 2.4GHz Wireless Keyboard and Mouse Set with Switch Button - Full-Size Keyboard - Compatible for Windows/Laptop/PC/Notebook/Smart TV and More - Grey Colorful,$38.99,4.3,2868.0,https://www.amazon.com/sspa/click?ie=UTF8&spc=MTo4OTczNjA0MzIzNjk1MzU5OjE3MzM2ODY2MTA6c3BfYnRmOjMwMDAxMjQ1NTYwOTQwMjo6MDo6&url=%2FFOPETT-2-4GHz-Wireless-Keyboard-Switch%2Fdp%2FB0C4TDBJ56%2Fref%3Dsr_1_214_sspa%3Fdib%3DeyJ2IjoiMSJ9.awD47dp-SPCGJKLZQQ3GQt4hHoHopq-EGqAaVSGhkMtnwj5A3NifcQVjOt0COd_meQz-GchlgnjGM_0GTZ3HmSr3pKssmlGmW9Uyw3k9Ci4gliCjMh3_GZgdN8N8NSd22aMSi3boKWFDTEPI6alkukpH0Dw6RuaGNHPHvlxAozkqwF50nI-AO_YhgShxnYEnXdAvF3Avu4fSmemxsFIfNRNdhnChPjX7WvAq5UmT2gM.tZU-aU-oJ2gO-O6NdkOxdZGQV3rPPIeDeKuNyRZaL-o%26dib_tag%3Dse%26keywords%3Dwireless%2Bkeyboard%26qid%3D1733686610%26sr%3D8-214-spons%26sp_csd%3Dd2lkZ2V0TmFtZT1zcF9idGY%26psc%3D1
X9 Colorful Keyboard and Mouse Combo - 2.4Ghz Wireless - Transform Your Space with a Cute Wireless Keyboard and Mouse Set (110 Keys and 18 Shortcuts) - for PC and Chrome (Brown),$39.99,4.2,2773.0,https://www.amazon.com/sspa/click?ie=UTF8&spc=MTo0Njc1NzAyOTIxMDA1MzAzOjE3MzM2ODY2MjE6c3BfYXRmX25leHQ6MjAwMDg3OTc0MTUwOTk4OjowOjo&url=%2FX9-Performance-Colorful-Keyboard-Mouse%2Fdp%2FB09Y31LCTM%2Fref%3Dsr_1_209_sspa%3Fdib%3DeyJ2IjoiMSJ9.Z5Vk661ZdjkjE5YH2RNj3bvjqNKQ5YvJuxHqLIJ2c40zkyn1w7cq9Mqw915uenSgB9eKmeo3LZ-zkwctIf8g5v974-383IXHEpDEQtBhcMX6NtUBmDRc4BRRwfc-onmdpiP3zALrgsvgXro0Au_ZM4OReWV4saJqk2B6vwvyefL_PUVMJDsK5ogqL5-6b_nvc-EPS5TVtgwOh55S9Xxx-A0XXROd2d3vSkYkvr4Z2hA.f4v28wcPE5xbk-fVi7HBvw3n6l3Yris-DGug5FPSDEY%26dib_tag%3Dse%26keywords%3Dwireless%2Bkeyboard%26qid%3D1733686621%26sr%3D8-209-spons%26sp_csd%3Dd2lkZ2V0TmFtZT1zcF9hdGZfbmV4dA%26psc%3D1
"Wireless Colorful Keyboard and Mouse, seenda 2.4G USB Green & Yellow Keyboard Mouse Combo, Full Size Cute Keyboard for Windows, Laptop, PC, Notebook",$29.99,4.5,29.0,https://www.amazon.com/sspa/click?ie=UTF8&spc=MTo0Njc1NzAyOTIxMDA1MzAzOjE3MzM2ODY2MjE6c3BfYXRmX25leHQ6MzAwNTgwNDUzMjk0NzAyOjowOjo&url=%2FWireless-Colorful-Aquarius-seenda-Ergonomic%2Fdp%2FB0CZLK84MQ%2Fref%3Dsr_1_210_sspa%3Fdib%3DeyJ2IjoiMSJ9.Z5Vk661ZdjkjE5YH2RNj3bvjqNKQ5YvJuxHqLIJ2c40zkyn1w7cq9Mqw915uenSgB9eKmeo3LZ-zkwctIf8g5v974-383IXHEpDEQtBhcMX6NtUBmDRc4BRRwfc-onmdpiP3zALrgsvgXro0Au_ZM4OReWV4saJqk2B6vwvyefL_PUVMJDsK5ogqL5-6b_nvc-EPS5TVtgwOh55S9Xxx-A0XXROd2d3vSkYkvr4Z2hA.f4v28wcPE5xbk-fVi7HBvw3n6l3Yris-DGug5FPSDEY%26dib_tag%3Dse%26keywords%3Dwireless%2Bkeyboard%26qid%3D1733686621%26sr%3D8-210-spons%26sp_csd%3Dd2lkZ2V0TmFtZT1zcF9hdGZfbmV4dA%26psc%3D1
"Wireless Keyboard and Mouse Combo, CHESONA Bluetooth Rechargeable Full Size Mulit-Device (Bluetooth 5.0+3.0+2.4G) Wireless Keyboard Mouse Combo for Mac OS/iOS/Windows/Android (Silver Black)",$48.98,4.3,1304.0,https://www.amazon.com/Wireless-CHESONA-Bluetooth-Rechargeable-Mulit-Device/dp/B097MN4L9Q/ref=sr_1_211?dib=eyJ2IjoiMSJ9.Z5Vk661ZdjkjE5YH2RNj3bvjqNKQ5YvJuxHqLIJ2c40zkyn1w7cq9Mqw915uenSgB9eKmeo3LZ-zkwctIf8g5v974-383IXHEpDEQtBhcMX6NtUBmDRc4BRRwfc-onmdpiP3zALrgsvgXro0Au_ZM4OReWV4saJqk2B6vwvyefL_PUVMJDsK5ogqL5-6b_nvc-EPS5TVtgwOh55S9Xxx-A0XXROd2d3vSkYkvr4Z2hA.f4v28wcPE5xbk-fVi7HBvw3n6l3Yris-DGug5FPSDEY&dib_tag=se&keywords=wireless+keyboard&qid=1733686621&sr=8-211
"BlueFinger Wireless Gaming Keyboard and Mouse Combo, Long Lasting Rechargeable Battery 87 Keys RGB Rainbow Backlit Gaming Keyboard & Ergonomic Light Up Gaming Mice for Mac Laptop Computer PC Gamer",$34.99,4.4,3673.0,https://www.amazon.com/BlueFinger-Wireless-Keyboard-Rechargeable-Ergonomic/dp/B0BZ8KV86G/ref=sr_1_212?dib=eyJ2IjoiMSJ9.Z5Vk661ZdjkjE5YH2RNj3bvjqNKQ5YvJuxHqLIJ2c40zkyn1w7cq9Mqw915uenSgB9eKmeo3LZ-zkwctIf8g5v974-383IXHEpDEQtBhcMX6NtUBmDRc4BRRwfc-onmdpiP3zALrgsvgXro0Au_ZM4OReWV4saJqk2B6vwvyefL_PUVMJDsK5ogqL5-6b_nvc-EPS5TVtgwOh55S9Xxx-A0XXROd2d3vSkYkvr4Z2hA.f4v28wcPE5xbk-fVi7HBvw3n6l3Yris-DGug5FPSDEY&dib_tag=se&keywords=wireless+keyboard&qid=1733686621&sr=8-212
"Ergonomic Wireless Keyboard and Mouse Combo,LIZRROT 2.4GHz Silent Full-Size Mouse and Keyboard,Wrist Rest,Phone Holder,Compatible with Windows, PCs, Laptops",$29.99,4.2,57.0,https://www.amazon.com/Ergonomic-Wireless-LIZRROT-Full-Size-Compatible/dp/B0DBQTZTPW/ref=sr_1_213?dib=eyJ2IjoiMSJ9.Z5Vk661ZdjkjE5YH2RNj3bvjqNKQ5YvJuxHqLIJ2c40zkyn1w7cq9Mqw915uenSgB9eKmeo3LZ-zkwctIf8g5v974-383IXHEpDEQtBhcMX6NtUBmDRc4BRRwfc-onmdpiP3zALrgsvgXro0Au_ZM4OReWV4saJqk2B6vwvyefL_PUVMJDsK5ogqL5-6b_nvc-EPS5TVtgwOh55S9Xxx-A0XXROd2d3vSkYkvr4Z2hA.f4v28wcPE5xbk-fVi7HBvw3n6l3Yris-DGug5FPSDEY&dib_tag=se&keywords=wireless+keyboard&qid=1733686621&sr=8-213
X9 Colorful Keyboard and Mouse Combo - 2.4Ghz Wireless - Transform Your Space with a Cute Wireless Keyboard and Mouse Set (110 Keys and 18 Shortcuts) - for PC and Chrome (Brown),$39.99,4.2,2773.0,https://www.amazon.com/X9-Performance-Colorful-Keyboard-Mouse/dp/B09Y31LCTM/ref=sr_1_214?dib=eyJ2IjoiMSJ9.Z5Vk661ZdjkjE5YH2RNj3bvjqNKQ5YvJuxHqLIJ2c40zkyn1w7cq9Mqw915uenSgB9eKmeo3LZ-zkwctIf8g5v974-383IXHEpDEQtBhcMX6NtUBmDRc4BRRwfc-onmdpiP3zALrgsvgXro0Au_ZM4OReWV4saJqk2B6vwvyefL_PUVMJDsK5ogqL5-6b_nvc-EPS5TVtgwOh55S9Xxx-A0XXROd2d3vSkYkvr4Z2hA.f4v28wcPE5xbk-fVi7HBvw3n6l3Yris-DGug5FPSDEY&dib_tag=se&keywords=wireless+keyboard&qid=1733686621&sr=8-214
"Wireless Keyboard and Mouse Combo - seenda Full Size 2.4G USB Wireless Keyboard Mouse Set, Quiet Cordless Computer Keyboard Mouse for Windows, Laptop, PC - Purple",$29.99,4.4,130.0,https://www.amazon.com/Keyboard-Wireless-Seenda-Wireless-Cordless-Windows/dp/B0CD7DKNSL/ref=sr_1_215?dib=eyJ2IjoiMSJ9.Z5Vk661ZdjkjE5YH2RNj3bvjqNKQ5YvJuxHqLIJ2c40zkyn1w7cq9Mqw915uenSgB9eKmeo3LZ-zkwctIf8g5v974-383IXHEpDEQtBhcMX6NtUBmDRc4BRRwfc-onmdpiP3zALrgsvgXro0Au_ZM4OReWV4saJqk2B6vwvyefL_PUVMJDsK5ogqL5-6b_nvc-EPS5TVtgwOh55S9Xxx-A0XXROd2d3vSkYkvr4Z2hA.f4v28wcPE5xbk-fVi7HBvw3n6l3Yris-DGug5FPSDEY&dib_tag=se&keywords=wireless+keyboard&qid=1733686621&sr=8-215
"RedThunder K10 Wired Gaming Keyboard and Mouse and Wrist Rest Combo, RGB Backlit, Mechanical Feel Anti-ghosting Keyboard + 7D 7200 DPI Mice+Soft Leather Wrist Rest 3 in 1 PC Gamer Accessories(Black)",$42.99,4.3,692.0,https://www.amazon.com/RedThunder-Keyboard-Mechanical-Anti-ghosting-Accessories/dp/B09N9FR2FH/ref=sr_1_216?dib=eyJ2IjoiMSJ9.Z5Vk661ZdjkjE5YH2RNj3bvjqNKQ5YvJuxHqLIJ2c40zkyn1w7cq9Mqw915uenSgB9eKmeo3LZ-zkwctIf8g5v974-383IXHEpDEQtBhcMX6NtUBmDRc4BRRwfc-onmdpiP3zALrgsvgXro0Au_ZM4OReWV4saJqk2B6vwvyefL_PUVMJDsK5ogqL5-6b_nvc-EPS5TVtgwOh55S9Xxx-A0XXROd2d3vSkYkvr4Z2hA.f4v28wcPE5xbk-fVi7HBvw3n6l3Yris-DGug5FPSDEY&dib_tag=se&keywords=wireless+keyboard&qid=1733686621&sr=8-216
"Logitech G515 Lightspeed TKL Low Profile Wireless Gaming Keyboard, LIGHTSYNC RGB, Thin Tenkeyless Design, Double-Shot PBT Keycaps, Tactile (Brown) Mechanical Switches - Black",$116.99,4.7,153.0,https://www.amazon.com/Logitech-Lightspeed-Tenkeyless-Double-Shot-Mechanical/dp/B0D1DSW8TF/ref=sr_1_217?dib=eyJ2IjoiMSJ9.Z5Vk661ZdjkjE5YH2RNj3bvjqNKQ5YvJuxHqLIJ2c40zkyn1w7cq9Mqw915uenSgB9eKmeo3LZ-zkwctIf8g5v974-383IXHEpDEQtBhcMX6NtUBmDRc4BRRwfc-onmdpiP3zALrgsvgXro0Au_ZM4OReWV4saJqk2B6vwvyefL_PUVMJDsK5ogqL5-6b_nvc-EPS5TVtgwOh55S9Xxx-A0XXROd2d3vSkYkvr4Z2hA.f4v28wcPE5xbk-fVi7HBvw3n6l3Yris-DGug5FPSDEY&dib_tag=se&keywords=wireless+keyboard&qid=1733686621&sr=8-217
"HP 650 Wireless Keyboard & Mouse Combo - 2.4Ghz Wireless, USB Receiver, Low-Profile Keys, 20+ Programmable Keys, DPI Mouse - 20+ Months Keyboard, 24+ Mouse Battery - Win, Chrome, MacOS (4R013AA#ABL)",$52.99,4.3,199.0,https://www.amazon.com/HP-Wireless-Mouse-Keyboard-Black/dp/B09Y14VL4N/ref=sr_1_218?dib=eyJ2IjoiMSJ9.Z5Vk661ZdjkjE5YH2RNj3bvjqNKQ5YvJuxHqLIJ2c40zkyn1w7cq9Mqw915uenSgB9eKmeo3LZ-zkwctIf8g5v974-383IXHEpDEQtBhcMX6NtUBmDRc4BRRwfc-onmdpiP3zALrgsvgXro0Au_ZM4OReWV4saJqk2B6vwvyefL_PUVMJDsK5ogqL5-6b_nvc-EPS5TVtgwOh55S9Xxx-A0XXROd2d3vSkYkvr4Z2hA.f4v28wcPE5xbk-fVi7HBvw3n6l3Yris-DGug5FPSDEY&dib_tag=se&keywords=wireless+keyboard&qid=1733686621&sr=8-218
"EWEADN G61 Typewriter Keyboard Wireless Mechanical Keyboard, 60% Mini Typewriter Keyboard with White Backlit, Anti-Ghosting, Red Switch Bluetooth/2.4GHz/USB-C Cute Aesthetic Keyboard-Pink",$59.99,4.7,4.0,https://www.amazon.com/sspa/click?ie=UTF8&spc=MTo0Njc1NzAyOTIxMDA1MzAzOjE3MzM2ODY2MjE6c3BfbXRmOjMwMDUxOTcyNTg1OTAwMjo6MDo6&url=%2FSEUNKWANG-G61-Typewriter-Anti-Ghosting-Keyboard-Pink%2Fdp%2FB0DH3J42QS%2Fref%3Dsr_1_219_sspa%3Fdib%3DeyJ2IjoiMSJ9.Z5Vk661ZdjkjE5YH2RNj3bvjqNKQ5YvJuxHqLIJ2c40zkyn1w7cq9Mqw915uenSgB9eKmeo3LZ-zkwctIf8g5v974-383IXHEpDEQtBhcMX6NtUBmDRc4BRRwfc-onmdpiP3zALrgsvgXro0Au_ZM4OReWV4saJqk2B6vwvyefL_PUVMJDsK5ogqL5-6b_nvc-EPS5TVtgwOh55S9Xxx-A0XXROd2d3vSkYkvr4Z2hA.f4v28wcPE5xbk-fVi7HBvw3n6l3Yris-DGug5FPSDEY%26dib_tag%3Dse%26keywords%3Dwireless%2Bkeyboard%26qid%3D1733686621%26sr%3D8-219-spons%26sp_csd%3Dd2lkZ2V0TmFtZT1zcF9tdGY%26psc%3D1
"RK ROYAL KLUDGE N80 Low Profile Mechanical Keyboard w/Smart Display Screen & Knob, 75% Top Mount 3-Modes Wireless Mechanical Keyboard, Software Support, Massive Battery, 80 Keys, Quiet Red Switch",$89.99,4.4,97.0,https://www.amazon.com/sspa/click?ie=UTF8&spc=MTo0Njc1NzAyOTIxMDA1MzAzOjE3MzM2ODY2MjE6c3BfbXRmOjMwMDI0NzIyNjQ3NzUwMjo6MDo6&url=%2FRK-ROYAL-KLUDGE-N80-Mechanical%2Fdp%2FB0D41PXSHP%2Fref%3Dsr_1_220_sspa%3Fdib%3DeyJ2IjoiMSJ9.Z5Vk661ZdjkjE5YH2RNj3bvjqNKQ5YvJuxHqLIJ2c40zkyn1w7cq9Mqw915uenSgB9eKmeo3LZ-zkwctIf8g5v974-383IXHEpDEQtBhcMX6NtUBmDRc4BRRwfc-onmdpiP3zALrgsvgXro0Au_ZM4OReWV4saJqk2B6vwvyefL_PUVMJDsK5ogqL5-6b_nvc-EPS5TVtgwOh55S9Xxx-A0XXROd2d3vSkYkvr4Z2hA.f4v28wcPE5xbk-fVi7HBvw3n6l3Yris-DGug5FPSDEY%26dib_tag%3Dse%26keywords%3Dwireless%2Bkeyboard%26qid%3D1733686621%26sr%3D8-220-spons%26sp_csd%3Dd2lkZ2V0TmFtZT1zcF9tdGY%26psc%3D1
"Logitech MX Keys S Combo for Mac, Wireless Keyboard and Mouse with Palm Rest, Backlit Keyboard, Fast Scroll Wireless Mouse, Bluetooth USB C for MacBook Pro, MacBook Air, iMac, iPad - Space Grey",$184.75,4.8,83.0,https://www.amazon.com/Logitech-Wireless-Keyboard-Backlit-Bluetooth/dp/B0CVFH3VRX/ref=sr_1_221?dib=eyJ2IjoiMSJ9.Z5Vk661ZdjkjE5YH2RNj3bvjqNKQ5YvJuxHqLIJ2c40zkyn1w7cq9Mqw915uenSgB9eKmeo3LZ-zkwctIf8g5v974-383IXHEpDEQtBhcMX6NtUBmDRc4BRRwfc-onmdpiP3zALrgsvgXro0Au_ZM4OReWV4saJqk2B6vwvyefL_PUVMJDsK5ogqL5-6b_nvc-EPS5TVtgwOh55S9Xxx-A0XXROd2d3vSkYkvr4Z2hA.f4v28wcPE5xbk-fVi7HBvw3n6l3Yris-DGug5FPSDEY&dib_tag=se&keywords=wireless+keyboard&qid=1733686621&sr=8-221
"Arteck Multi-Device Comfortable Wireless Bluetooth Keyboard with Nano USB-A, USB-C Type C Receiver Palm Wrist Rest Full Size Keyboard for Windows iPad OS Android, Computer Desktop Laptop PC Tablet",$30.99,4.0,77.0,https://www.amazon.com/Arteck-Multi-Device-Ergonomic-Wireless-Bluetooth/dp/B0CJ5CDLRZ/ref=sr_1_222?dib=eyJ2IjoiMSJ9.Z5Vk661ZdjkjE5YH2RNj3bvjqNKQ5YvJuxHqLIJ2c40zkyn1w7cq9Mqw915uenSgB9eKmeo3LZ-zkwctIf8g5v974-383IXHEpDEQtBhcMX6NtUBmDRc4BRRwfc-onmdpiP3zALrgsvgXro0Au_ZM4OReWV4saJqk2B6vwvyefL_PUVMJDsK5ogqL5-6b_nvc-EPS5TVtgwOh55S9Xxx-A0XXROd2d3vSkYkvr4Z2hA.f4v28wcPE5xbk-fVi7HBvw3n6l3Yris-DGug5FPSDEY&dib_tag=se&keywords=wireless+keyboard&qid=1733686621&sr=8-222
"Wireless Keyboard and Mouse for MacBook, Vivefox Pink Wireless Keyboard with Phone Holder USB A & Type C Receiver Rose Gold Keyboard and Mouse for Windows, Mac, MacBook/Air/Pro Computer",$29.99,4.2,1961.0,https://www.amazon.com/Keyboard-Wireless-Receiver-Compatible-Computer/dp/B09TDHLXMZ/ref=sr_1_223?dib=eyJ2IjoiMSJ9.Z5Vk661ZdjkjE5YH2RNj3bvjqNKQ5YvJuxHqLIJ2c40zkyn1w7cq9Mqw915uenSgB9eKmeo3LZ-zkwctIf8g5v974-383IXHEpDEQtBhcMX6NtUBmDRc4BRRwfc-onmdpiP3zALrgsvgXro0Au_ZM4OReWV4saJqk2B6vwvyefL_PUVMJDsK5ogqL5-6b_nvc-EPS5TVtgwOh55S9Xxx-A0XXROd2d3vSkYkvr4Z2hA.f4v28wcPE5xbk-fVi7HBvw3n6l3Yris-DGug5FPSDEY&dib_tag=se&keywords=wireless+keyboard&qid=1733686621&sr=8-223
RK ROYAL KLUDGE RK61 Wired 60% Mechanical Gaming Keyboard Programmable QMK/VIA RGB Backlit 61 Keys Ultra-Compact Hot Swappable Red Switch Black,$49.99,4.6,14152.0,https://www.amazon.com/RK-ROYAL-KLUDGE-Mechanical-Ultra-Compact/dp/B0832LSV8N/ref=sr_1_224?dib=eyJ2IjoiMSJ9.Z5Vk661ZdjkjE5YH2RNj3bvjqNKQ5YvJuxHqLIJ2c40zkyn1w7cq9Mqw915uenSgB9eKmeo3LZ-zkwctIf8g5v974-383IXHEpDEQtBhcMX6NtUBmDRc4BRRwfc-onmdpiP3zALrgsvgXro0Au_ZM4OReWV4saJqk2B6vwvyefL_PUVMJDsK5ogqL5-6b_nvc-EPS5TVtgwOh55S9Xxx-A0XXROd2d3vSkYkvr4Z2hA.f4v28wcPE5xbk-fVi7HBvw3n6l3Yris-DGug5FPSDEY&dib_tag=se&keywords=wireless+keyboard&qid=1733686621&sr=8-224
"UBOTIE Wireless Keyboards and Mouse, Silent Scissor Swithes Slim Keyboards Mice Set, Quiet Full Size Computer Keyboard with Adjustable DPI Mouse for PC(Space Gray)",$29.99,4.3,594.0,https://www.amazon.com/UBOTIE-Wireless-Keyboards-Computer-Adjustable/dp/B0BX46F8P6/ref=sr_1_225?dib=eyJ2IjoiMSJ9.Z5Vk661ZdjkjE5YH2RNj3bvjqNKQ5YvJuxHqLIJ2c40zkyn1w7cq9Mqw915uenSgB9eKmeo3LZ-zkwctIf8g5v974-383IXHEpDEQtBhcMX6NtUBmDRc4BRRwfc-onmdpiP3zALrgsvgXro0Au_ZM4OReWV4saJqk2B6vwvyefL_PUVMJDsK5ogqL5-6b_nvc-EPS5TVtgwOh55S9Xxx-A0XXROd2d3vSkYkvr4Z2hA.f4v28wcPE5xbk-fVi7HBvw3n6l3Yris-DGug5FPSDEY&dib_tag=se&keywords=wireless+keyboard&qid=1733686621&sr=8-225
"Rii K06 Mini Bluetooth Keyboard,Backlit 2.4GHz Wireless Keyboard with IR Learning, Portable Lightweight with Touchpad Compatible with Android TV Box/Mac/Windows/HTPC/IPTV (2.4G and Bluetooth)",$26.99,4.2,490.0,https://www.amazon.com/Rii-Bluetooth-Keyboard-Lightweight-Compatible/dp/B0BML42L6X/ref=sr_1_226?dib=eyJ2IjoiMSJ9.Z5Vk661ZdjkjE5YH2RNj3bvjqNKQ5YvJuxHqLIJ2c40zkyn1w7cq9Mqw915uenSgB9eKmeo3LZ-zkwctIf8g5v974-383IXHEpDEQtBhcMX6NtUBmDRc4BRRwfc-onmdpiP3zALrgsvgXro0Au_ZM4OReWV4saJqk2B6vwvyefL_PUVMJDsK5ogqL5-6b_nvc-EPS5TVtgwOh55S9Xxx-A0XXROd2d3vSkYkvr4Z2hA.f4v28wcPE5xbk-fVi7HBvw3n6l3Yris-DGug5FPSDEY&dib_tag=se&keywords=wireless+keyboard&qid=1733686621&sr=8-226
"YUNZII ACTTO B303 Wireless Keyboard, Retro Bluetooth Aesthetic Typewriter Style Keyboard with Integrated Stand for Multi-Device (B303, Midnight)",$36.39,4.2,2403.0,https://www.amazon.com/YUNZII-B303-Typewriter-Integrated-Multi-Device/dp/B09QPSGLM5/ref=sr_1_227?dib=eyJ2IjoiMSJ9.Z5Vk661ZdjkjE5YH2RNj3bvjqNKQ5YvJuxHqLIJ2c40zkyn1w7cq9Mqw915uenSgB9eKmeo3LZ-zkwctIf8g5v974-383IXHEpDEQtBhcMX6NtUBmDRc4BRRwfc-onmdpiP3zALrgsvgXro0Au_ZM4OReWV4saJqk2B6vwvyefL_PUVMJDsK5ogqL5-6b_nvc-EPS5TVtgwOh55S9Xxx-A0XXROd2d3vSkYkvr4Z2hA.f4v28wcPE5xbk-fVi7HBvw3n6l3Yris-DGug5FPSDEY&dib_tag=se&keywords=wireless+keyboard&qid=1733686621&sr=8-227
"RK ROYAL KLUDGE M87 Wireless Gaming Keyboard with Screen and Dual Knob, 75% Percent 2.4Ghz/Bluetooth/USB-C Gasket Mechanical Keyboard with 7500mAh Battery, RGB Backlit Hot Swappable Cream Switch, Red",$89.99,4.5,106.0,https://www.amazon.com/RK-ROYAL-KLUDGE-M87-Mechanical/dp/B0D3LNKQ3W/ref=sr_1_228?dib=eyJ2IjoiMSJ9.Z5Vk661ZdjkjE5YH2RNj3bvjqNKQ5YvJuxHqLIJ2c40zkyn1w7cq9Mqw915uenSgB9eKmeo3LZ-zkwctIf8g5v974-383IXHEpDEQtBhcMX6NtUBmDRc4BRRwfc-onmdpiP3zALrgsvgXro0Au_ZM4OReWV4saJqk2B6vwvyefL_PUVMJDsK5ogqL5-6b_nvc-EPS5TVtgwOh55S9Xxx-A0XXROd2d3vSkYkvr4Z2hA.f4v28wcPE5xbk-fVi7HBvw3n6l3Yris-DGug5FPSDEY&dib_tag=se&keywords=wireless+keyboard&qid=1733686621&sr=8-228
"Purple Keyboard and Mouse Wireless, Vivefox Full-Size Wireless Keyboard with Phone Holder USB A & Type C Cute Keyboard and Mouse Compatible for Windows, Mac, MacBook/Air/Pro Computer",$29.99,4.2,1961.0,https://www.amazon.com/sspa/click?ie=UTF8&spc=MTo0Njc1NzAyOTIxMDA1MzAzOjE3MzM2ODY2MjE6c3BfYnRmOjMwMDU2MzIzMzA4NDYwMjo6MDo6&url=%2FKeyboard-Wireless-Receiver-Compatible-Computer%2Fdp%2FB0BBG5RRXF%2Fref%3Dsr_1_229_sspa%3Fdib%3DeyJ2IjoiMSJ9.Z5Vk661ZdjkjE5YH2RNj3bvjqNKQ5YvJuxHqLIJ2c40zkyn1w7cq9Mqw915uenSgB9eKmeo3LZ-zkwctIf8g5v974-383IXHEpDEQtBhcMX6NtUBmDRc4BRRwfc-onmdpiP3zALrgsvgXro0Au_ZM4OReWV4saJqk2B6vwvyefL_PUVMJDsK5ogqL5-6b_nvc-EPS5TVtgwOh55S9Xxx-A0XXROd2d3vSkYkvr4Z2hA.f4v28wcPE5xbk-fVi7HBvw3n6l3Yris-DGug5FPSDEY%26dib_tag%3Dse%26keywords%3Dwireless%2Bkeyboard%26qid%3D1733686621%26sr%3D8-229-spons%26sp_csd%3Dd2lkZ2V0TmFtZT1zcF9idGY%26psc%3D1
"Snpurdiri 60% Wireless Gaming Keyboard and Mouse Combo,Rainbow Backlit Rechargeable 2000mAh Battery,Mini Mechanical Feel Keyboard +Popular RGB Mice for Gaming,Business Office(Gray-White-Orange)",$42.98,3.9,1319.0,https://www.amazon.com/sspa/click?ie=UTF8&spc=MTo0Njc1NzAyOTIxMDA1MzAzOjE3MzM2ODY2MjE6c3BfYnRmOjMwMDI1MTU1MjA2MTMwMjo6MDo6&url=%2FSnpurdiri-Wireless-Rechargeable-Mechanical-Gray-White-Orange%2Fdp%2FB0D3X5GWVK%2Fref%3Dsr_1_230_sspa%3Fdib%3DeyJ2IjoiMSJ9.Z5Vk661ZdjkjE5YH2RNj3bvjqNKQ5YvJuxHqLIJ2c40zkyn1w7cq9Mqw915uenSgB9eKmeo3LZ-zkwctIf8g5v974-383IXHEpDEQtBhcMX6NtUBmDRc4BRRwfc-onmdpiP3zALrgsvgXro0Au_ZM4OReWV4saJqk2B6vwvyefL_PUVMJDsK5ogqL5-6b_nvc-EPS5TVtgwOh55S9Xxx-A0XXROd2d3vSkYkvr4Z2hA.f4v28wcPE5xbk-fVi7HBvw3n6l3Yris-DGug5FPSDEY%26dib_tag%3Dse%26keywords%3Dwireless%2Bkeyboard%26qid%3D1733686621%26sr%3D8-230-spons%26sp_csd%3Dd2lkZ2V0TmFtZT1zcF9idGY%26psc%3D1
"UBOTIE Colorful Computer Wireless Keyboard Mouse Combos, Typewriter Flexible Keys Office Full-Sized Keyboard, 2.4GHz Dropout-Free Connection and Optical Mouse (Blue-Colorful)",$39.99,4.3,17102.0,https://www.amazon.com/sspa/click?ie=UTF8&spc=MTo0OTI1MzI1MzI2OTkzNjk5OjE3MzM2ODY2MzM6c3BfYXRmX25leHQ6MjAwMDM1OTg5NDA5NTYxOjowOjo&url=%2FUBOTIE-Typewriter-Full-Sized-Dropout-Free-Blue-Colorful%2Fdp%2FB087JVPW2W%2Fref%3Dsr_1_225_sspa%3Fdib%3DeyJ2IjoiMSJ9.OhwmK3ynnio8vVghC8oCjCsQ7MLw6NOFafDMm5EEoawRfKdwq9jzhrFurUHkodqtZ_d_o5d2LjOHrs__OOAbJzDceCJeh8akPNbm1LDSOG1GNJNbzQEd-byuNIHx1xqqXFO97dTfw6h8hrBb09t41XABHfAUYBkeD_kcpxoMtccBcqcLeurd_PsyRDTrtZ1t6R3_qGdGEX4YNDYbvC9QqLnlMiSecVUsbqOp2WwyKBI.UQNtPRdYaZp0EqbjZ0h91qOKb5CoKqbfMM0TKX0bs3I%26dib_tag%3Dse%26keywords%3Dwireless%2Bkeyboard%26qid%3D1733686633%26sr%3D8-225-spons%26sp_csd%3Dd2lkZ2V0TmFtZT1zcF9hdGZfbmV4dA%26psc%3D1
"MOFII Wireless Keyboard and Mouse Combo, Cute Retro Typewriter Keyboard and Silent Mouse, 2.4GHz Full Size Computer Keyboard Wireless Mouse Set for PC, Laptop, Desktop, Windows (Purple Colorful)",$39.99,4.4,1904.0,https://www.amazon.com/sspa/click?ie=UTF8&spc=MTo0OTI1MzI1MzI2OTkzNjk5OjE3MzM2ODY2MzM6c3BfYXRmX25leHQ6MzAwMjY5MzI4MDg1ODAyOjowOjo&url=%2FMOFII-Wireless-Keyboard-Typewriter-Computer%2Fdp%2FB0D3DTPLLL%2Fref%3Dsr_1_226_sspa%3Fdib%3DeyJ2IjoiMSJ9.OhwmK3ynnio8vVghC8oCjCsQ7MLw6NOFafDMm5EEoawRfKdwq9jzhrFurUHkodqtZ_d_o5d2LjOHrs__OOAbJzDceCJeh8akPNbm1LDSOG1GNJNbzQEd-byuNIHx1xqqXFO97dTfw6h8hrBb09t41XABHfAUYBkeD_kcpxoMtccBcqcLeurd_PsyRDTrtZ1t6R3_qGdGEX4YNDYbvC9QqLnlMiSecVUsbqOp2WwyKBI.UQNtPRdYaZp0EqbjZ0h91qOKb5CoKqbfMM0TKX0bs3I%26dib_tag%3Dse%26keywords%3Dwireless%2Bkeyboard%26qid%3D1733686633%26sr%3D8-226-spons%26sp_csd%3Dd2lkZ2V0TmFtZT1zcF9hdGZfbmV4dA%26psc%3D1
"Samsers Foldable Bluetooth Keyboard - Portable Wireless Keyboard with Stand Holder, Rechargeable Full Size Ultra Slim Keyboard Compatible IOS Android Windows Smartphone Tablet and Laptop-Black",$27.99,4.2,5479.0,https://www.amazon.com/Samsers-Foldable-Bluetooth-Keyboard-Rechargeable/dp/B07KNHLHDW/ref=sr_1_227?dib=eyJ2IjoiMSJ9.OhwmK3ynnio8vVghC8oCjCsQ7MLw6NOFafDMm5EEoawRfKdwq9jzhrFurUHkodqtZ_d_o5d2LjOHrs__OOAbJzDceCJeh8akPNbm1LDSOG1GNJNbzQEd-byuNIHx1xqqXFO97dTfw6h8hrBb09t41XABHfAUYBkeD_kcpxoMtccBcqcLeurd_PsyRDTrtZ1t6R3_qGdGEX4YNDYbvC9QqLnlMiSecVUsbqOp2WwyKBI.UQNtPRdYaZp0EqbjZ0h91qOKb5CoKqbfMM0TKX0bs3I&dib_tag=se&keywords=wireless+keyboard&qid=1733686633&sr=8-227
"Wireless Keyboard and Mouse Combo, 2.4GHz USB Cordless Round Keys Set for Laptop, Computer, TV (Pink+Blue)",$29.99,4.3,190.0,https://www.amazon.com/TKVPJYYI-Wireless-Keyboard-Cordless-Computer/dp/B0CLV3PCDL/ref=sr_1_228?dib=eyJ2IjoiMSJ9.OhwmK3ynnio8vVghC8oCjCsQ7MLw6NOFafDMm5EEoawRfKdwq9jzhrFurUHkodqtZ_d_o5d2LjOHrs__OOAbJzDceCJeh8akPNbm1LDSOG1GNJNbzQEd-byuNIHx1xqqXFO97dTfw6h8hrBb09t41XABHfAUYBkeD_kcpxoMtccBcqcLeurd_PsyRDTrtZ1t6R3_qGdGEX4YNDYbvC9QqLnlMiSecVUsbqOp2WwyKBI.UQNtPRdYaZp0EqbjZ0h91qOKb5CoKqbfMM0TKX0bs3I&dib_tag=se&keywords=wireless+keyboard&qid=1733686633&sr=8-228
"LeadsaiL Wireless Keyboard and Mouse Combo, Wireless USB Mouse and Computer Keyboard Set, Compact and Silent for Windows Laptop, Desktop, PC",$27.47,4.2,5112.0,https://www.amazon.com/Wireless-Keyboard-LeadsaiL-Battery-Notebook/dp/B082VS96NC/ref=sr_1_229?dib=eyJ2IjoiMSJ9.OhwmK3ynnio8vVghC8oCjCsQ7MLw6NOFafDMm5EEoawRfKdwq9jzhrFurUHkodqtZ_d_o5d2LjOHrs__OOAbJzDceCJeh8akPNbm1LDSOG1GNJNbzQEd-byuNIHx1xqqXFO97dTfw6h8hrBb09t41XABHfAUYBkeD_kcpxoMtccBcqcLeurd_PsyRDTrtZ1t6R3_qGdGEX4YNDYbvC9QqLnlMiSecVUsbqOp2WwyKBI.UQNtPRdYaZp0EqbjZ0h91qOKb5CoKqbfMM0TKX0bs3I&dib_tag=se&keywords=wireless+keyboard&qid=1733686633&sr=8-229
"65% Wireless Gaming Keyboard and Mouse Combo, Backlit Gaming Keyboard and Mouse, Ultra-Compact Anti-ghosting No-Conflict Keyboard + 6D 3200DPI Mice(Grey-Black)",$29.97,4.0,110.0,https://www.amazon.com/Wireless-Gaming-Keyboard-Ultra-Compact-Anti-ghosting/dp/B0CKP3ZMBQ/ref=sr_1_230?dib=eyJ2IjoiMSJ9.OhwmK3ynnio8vVghC8oCjCsQ7MLw6NOFafDMm5EEoawRfKdwq9jzhrFurUHkodqtZ_d_o5d2LjOHrs__OOAbJzDceCJeh8akPNbm1LDSOG1GNJNbzQEd-byuNIHx1xqqXFO97dTfw6h8hrBb09t41XABHfAUYBkeD_kcpxoMtccBcqcLeurd_PsyRDTrtZ1t6R3_qGdGEX4YNDYbvC9QqLnlMiSecVUsbqOp2WwyKBI.UQNtPRdYaZp0EqbjZ0h91qOKb5CoKqbfMM0TKX0bs3I&dib_tag=se&keywords=wireless+keyboard&qid=1733686633&sr=8-230
"RedThunder K10 Wireless Gaming Keyboard, Rechargeable 3000mAh 2.4G LED Backlit Wireless Keyboard, Ergonomic Keyboard with Mechanical Feeling Keys for PC PS4 Xbox One Mac, Teclado Gamer, Black",$29.99,4.1,1658.0,https://www.amazon.com/RedThunder-Wireless-Rechargeable-Ergonomic-Mechanical/dp/B0951YQGFJ/ref=sr_1_231?dib=eyJ2IjoiMSJ9.OhwmK3ynnio8vVghC8oCjCsQ7MLw6NOFafDMm5EEoawRfKdwq9jzhrFurUHkodqtZ_d_o5d2LjOHrs__OOAbJzDceCJeh8akPNbm1LDSOG1GNJNbzQEd-byuNIHx1xqqXFO97dTfw6h8hrBb09t41XABHfAUYBkeD_kcpxoMtccBcqcLeurd_PsyRDTrtZ1t6R3_qGdGEX4YNDYbvC9QqLnlMiSecVUsbqOp2WwyKBI.UQNtPRdYaZp0EqbjZ0h91qOKb5CoKqbfMM0TKX0bs3I&dib_tag=se&keywords=wireless+keyboard&qid=1733686633&sr=8-231
"Wireless Keyboard and Mouse,MOFII 104 Round Keys Lovely Full-Size Cute Colorful Keyboard and Mouse with Retro Typewriter for PC/Mac/Laptop/Tablet/Computer/Windows Pink",$37.99,4.6,285.0,https://www.amazon.com/Wireless-Keyboard-MOFII-Full-Size-Typewriter/dp/B0D4LK5NGT/ref=sr_1_232?dib=eyJ2IjoiMSJ9.OhwmK3ynnio8vVghC8oCjCsQ7MLw6NOFafDMm5EEoawRfKdwq9jzhrFurUHkodqtZ_d_o5d2LjOHrs__OOAbJzDceCJeh8akPNbm1LDSOG1GNJNbzQEd-byuNIHx1xqqXFO97dTfw6h8hrBb09t41XABHfAUYBkeD_kcpxoMtccBcqcLeurd_PsyRDTrtZ1t6R3_qGdGEX4YNDYbvC9QqLnlMiSecVUsbqOp2WwyKBI.UQNtPRdYaZp0EqbjZ0h91qOKb5CoKqbfMM0TKX0bs3I&dib_tag=se&keywords=wireless+keyboard&qid=1733686633&sr=8-232
"Wireless Keyboard and Mouse - Cute Typewriter Keyboard with Detachable Wrist Rest, Retro Round Keycaps, Foldable Legs, 2.4GHz Full-Size Keyboard Combo for PC, Laptop, Windows - Trueque (Colorful-Pink)",$37.99,4.4,115.0,https://www.amazon.com/Wireless-Keyboard-Mouse-Combo-Colorful-Pink/dp/B0D2ZM2N1H/ref=sr_1_233?dib=eyJ2IjoiMSJ9.OhwmK3ynnio8vVghC8oCjCsQ7MLw6NOFafDMm5EEoawRfKdwq9jzhrFurUHkodqtZ_d_o5d2LjOHrs__OOAbJzDceCJeh8akPNbm1LDSOG1GNJNbzQEd-byuNIHx1xqqXFO97dTfw6h8hrBb09t41XABHfAUYBkeD_kcpxoMtccBcqcLeurd_PsyRDTrtZ1t6R3_qGdGEX4YNDYbvC9QqLnlMiSecVUsbqOp2WwyKBI.UQNtPRdYaZp0EqbjZ0h91qOKb5CoKqbfMM0TKX0bs3I&dib_tag=se&keywords=wireless+keyboard&qid=1733686633&sr=8-233
Razer BlackWidow V4 Mini HyperSpeed Wireless Hot Swappable 65% Gaming Keyboard: HyperSpeed Wireless & Bluetooth 5.0 - Orange Switches Tactile & Quiet - Phantom Pudding Keycap - 200 Hr Battery,$129.99,4.6,26.0,https://www.amazon.com/BlackWidow-HyperSpeed-Wireless-Swappable-Keyboard-PC/dp/B0DD5Q6XX9/ref=sr_1_234?dib=eyJ2IjoiMSJ9.OhwmK3ynnio8vVghC8oCjCsQ7MLw6NOFafDMm5EEoawRfKdwq9jzhrFurUHkodqtZ_d_o5d2LjOHrs__OOAbJzDceCJeh8akPNbm1LDSOG1GNJNbzQEd-byuNIHx1xqqXFO97dTfw6h8hrBb09t41XABHfAUYBkeD_kcpxoMtccBcqcLeurd_PsyRDTrtZ1t6R3_qGdGEX4YNDYbvC9QqLnlMiSecVUsbqOp2WwyKBI.UQNtPRdYaZp0EqbjZ0h91qOKb5CoKqbfMM0TKX0bs3I&dib_tag=se&keywords=wireless+keyboard&qid=1733686633&sr=8-234
"Colorful Wireless Bluetooth Keyboard, 2.4G & Dual Bluetooth Multi-Device Keyboard, Typewriter Retro Round Keycaps 104 Keys Full-Size Keyboard for PC Laptop Tablet Phone (Purple-Colorful)",$29.99,4.5,70.0,https://www.amazon.com/sspa/click?ie=UTF8&spc=MTo0OTI1MzI1MzI2OTkzNjk5OjE3MzM2ODY2MzM6c3BfbXRmOjMwMDU2OTEwNTUzMTYwMjo6MDo6&url=%2FCOVEVA-Bluetooth-Multi-Device-Typewriter-Purple-Colorful%2Fdp%2FB0CTKDVWKM%2Fref%3Dsr_1_235_sspa%3Fdib%3DeyJ2IjoiMSJ9.OhwmK3ynnio8vVghC8oCjCsQ7MLw6NOFafDMm5EEoawRfKdwq9jzhrFurUHkodqtZ_d_o5d2LjOHrs__OOAbJzDceCJeh8akPNbm1LDSOG1GNJNbzQEd-byuNIHx1xqqXFO97dTfw6h8hrBb09t41XABHfAUYBkeD_kcpxoMtccBcqcLeurd_PsyRDTrtZ1t6R3_qGdGEX4YNDYbvC9QqLnlMiSecVUsbqOp2WwyKBI.UQNtPRdYaZp0EqbjZ0h91qOKb5CoKqbfMM0TKX0bs3I%26dib_tag%3Dse%26keywords%3Dwireless%2Bkeyboard%26qid%3D1733686633%26sr%3D8-235-spons%26sp_csd%3Dd2lkZ2V0TmFtZT1zcF9tdGY%26psc%3D1
"XTREMTEC Wireless Keyboard and Mouse Combo, 2.4G USB Slim Quiet Low-Profile Retro Round Typewriter Keyboard and Ergonomic Mouse Set for Windows/Mac/Laptop/ipad/Computer, Plug-and-Play (Purple)",$33.99,4.4,1497.0,https://www.amazon.com/sspa/click?ie=UTF8&spc=MTo0OTI1MzI1MzI2OTkzNjk5OjE3MzM2ODY2MzM6c3BfbXRmOjMwMDI5MDAxNzkzNjkwMjo6MDo6&url=%2FXTREMTEC-Wireless-Low-Profile-Typewriter-Ergonomic%2Fdp%2FB0CN2KCBN3%2Fref%3Dsr_1_236_sspa%3Fdib%3DeyJ2IjoiMSJ9.OhwmK3ynnio8vVghC8oCjCsQ7MLw6NOFafDMm5EEoawRfKdwq9jzhrFurUHkodqtZ_d_o5d2LjOHrs__OOAbJzDceCJeh8akPNbm1LDSOG1GNJNbzQEd-byuNIHx1xqqXFO97dTfw6h8hrBb09t41XABHfAUYBkeD_kcpxoMtccBcqcLeurd_PsyRDTrtZ1t6R3_qGdGEX4YNDYbvC9QqLnlMiSecVUsbqOp2WwyKBI.UQNtPRdYaZp0EqbjZ0h91qOKb5CoKqbfMM0TKX0bs3I%26dib_tag%3Dse%26keywords%3Dwireless%2Bkeyboard%26qid%3D1733686633%26sr%3D8-236-spons%26sp_csd%3Dd2lkZ2V0TmFtZT1zcF9tdGY%26psc%3D1
"Purple Colorful Wireless Keyboard and Mouse Combo Set, 2.4GHz Retro Typewriter Keyboard, Full Size Cute Keyboard with Number Pad, Home and Office Silent Keyboards (Purple)",$23.99,3.9,13.0,https://www.amazon.com/iRoboosta-Colorful-Wireless-Typewriter-Keyboards/dp/B0D3KT4NSZ/ref=sr_1_237?dib=eyJ2IjoiMSJ9.OhwmK3ynnio8vVghC8oCjCsQ7MLw6NOFafDMm5EEoawRfKdwq9jzhrFurUHkodqtZ_d_o5d2LjOHrs__OOAbJzDceCJeh8akPNbm1LDSOG1GNJNbzQEd-byuNIHx1xqqXFO97dTfw6h8hrBb09t41XABHfAUYBkeD_kcpxoMtccBcqcLeurd_PsyRDTrtZ1t6R3_qGdGEX4YNDYbvC9QqLnlMiSecVUsbqOp2WwyKBI.UQNtPRdYaZp0EqbjZ0h91qOKb5CoKqbfMM0TKX0bs3I&dib_tag=se&keywords=wireless+keyboard&qid=1733686633&sr=8-237
"Wireless Keyboard Mouse Combo, EDJO 2.4G Full-Sized Large Wireless Keyboard with Comfortable Palm Rest and Optical Wireless Mouse for Windows, Mac OS PC/Desktops/Computer/Laptops",$36.99,4.3,543.0,https://www.amazon.com/Wireless-Keyboard-EDJO-Full-Sized-Comfortable/dp/B0B74165P5/ref=sr_1_238?dib=eyJ2IjoiMSJ9.OhwmK3ynnio8vVghC8oCjCsQ7MLw6NOFafDMm5EEoawRfKdwq9jzhrFurUHkodqtZ_d_o5d2LjOHrs__OOAbJzDceCJeh8akPNbm1LDSOG1GNJNbzQEd-byuNIHx1xqqXFO97dTfw6h8hrBb09t41XABHfAUYBkeD_kcpxoMtccBcqcLeurd_PsyRDTrtZ1t6R3_qGdGEX4YNDYbvC9QqLnlMiSecVUsbqOp2WwyKBI.UQNtPRdYaZp0EqbjZ0h91qOKb5CoKqbfMM0TKX0bs3I&dib_tag=se&keywords=wireless+keyboard&qid=1733686633&sr=8-238
"OMOTON Bluetooth Keyboard, Wireless Rechargeable Keyboard for iPad, iPad Pro, iPad Mini, iPad Air with Illuminated LED (White)",$19.99,4.5,2657.0,https://www.amazon.com/OMOTON-Bluetooth-Generation-Rechargeable-Ultra-Slim/dp/B08QVMQ3SB/ref=sr_1_239?dib=eyJ2IjoiMSJ9.OhwmK3ynnio8vVghC8oCjCsQ7MLw6NOFafDMm5EEoawRfKdwq9jzhrFurUHkodqtZ_d_o5d2LjOHrs__OOAbJzDceCJeh8akPNbm1LDSOG1GNJNbzQEd-byuNIHx1xqqXFO97dTfw6h8hrBb09t41XABHfAUYBkeD_kcpxoMtccBcqcLeurd_PsyRDTrtZ1t6R3_qGdGEX4YNDYbvC9QqLnlMiSecVUsbqOp2WwyKBI.UQNtPRdYaZp0EqbjZ0h91qOKb5CoKqbfMM0TKX0bs3I&dib_tag=se&keywords=wireless+keyboard&qid=1733686633&sr=8-239
"Redragon K686 PRO 98 Keys Wireless Gasket RGB Gaming Keyboard, 3-Mode Win/Mac Mechanical Keyboard w/5-Layer Noise Dampening, Dedicated Knob Control & Hot-Swap in Linear Red Switch, Blue Himmel Color",$64.99,4.6,137.0,https://www.amazon.com/Redragon-K686-PRO-Mechanical-Dampening/dp/B0CZ6SMBR4/ref=sr_1_240?dib=eyJ2IjoiMSJ9.OhwmK3ynnio8vVghC8oCjCsQ7MLw6NOFafDMm5EEoawRfKdwq9jzhrFurUHkodqtZ_d_o5d2LjOHrs__OOAbJzDceCJeh8akPNbm1LDSOG1GNJNbzQEd-byuNIHx1xqqXFO97dTfw6h8hrBb09t41XABHfAUYBkeD_kcpxoMtccBcqcLeurd_PsyRDTrtZ1t6R3_qGdGEX4YNDYbvC9QqLnlMiSecVUsbqOp2WwyKBI.UQNtPRdYaZp0EqbjZ0h91qOKb5CoKqbfMM0TKX0bs3I&dib_tag=se&keywords=wireless+keyboard&qid=1733686633&sr=8-240
"Fosmon Mini Bluetooth Keyboard (QWERTY Keypad), Wireless Portable with Touchpad, Compatible with Apple TV, Amazon Fire Stick, PS4, PS4 Pro, PS5, HTPC/IPTV, VR Glasses, Smartphones",$35.99,4.0,12191.0,https://www.amazon.com/Fosmon-Portable-Lightweight-Bluetooth-Controller/dp/B00BX0YKX4/ref=sr_1_241?dib=eyJ2IjoiMSJ9.OhwmK3ynnio8vVghC8oCjCsQ7MLw6NOFafDMm5EEoawRfKdwq9jzhrFurUHkodqtZ_d_o5d2LjOHrs__OOAbJzDceCJeh8akPNbm1LDSOG1GNJNbzQEd-byuNIHx1xqqXFO97dTfw6h8hrBb09t41XABHfAUYBkeD_kcpxoMtccBcqcLeurd_PsyRDTrtZ1t6R3_qGdGEX4YNDYbvC9QqLnlMiSecVUsbqOp2WwyKBI.UQNtPRdYaZp0EqbjZ0h91qOKb5CoKqbfMM0TKX0bs3I&dib_tag=se&keywords=wireless+keyboard&qid=1733686633&sr=8-241
"Perixx Periboard-612B Wireless Ergonomic Split Keyboard with Dual Mode 2.4G and Bluetooth Feature, Compatible with Windows 10 and Mac OS X System, Black, US English Layout",$79.99,4.3,12056.0,https://www.amazon.com/Perixx-Periboard-612-Ergonomic-Bluetooth-Compatible/dp/B07TKLB1ML/ref=sr_1_242?dib=eyJ2IjoiMSJ9.OhwmK3ynnio8vVghC8oCjCsQ7MLw6NOFafDMm5EEoawRfKdwq9jzhrFurUHkodqtZ_d_o5d2LjOHrs__OOAbJzDceCJeh8akPNbm1LDSOG1GNJNbzQEd-byuNIHx1xqqXFO97dTfw6h8hrBb09t41XABHfAUYBkeD_kcpxoMtccBcqcLeurd_PsyRDTrtZ1t6R3_qGdGEX4YNDYbvC9QqLnlMiSecVUsbqOp2WwyKBI.UQNtPRdYaZp0EqbjZ0h91qOKb5CoKqbfMM0TKX0bs3I&dib_tag=se&keywords=wireless+keyboard&qid=1733686633&sr=8-242
"Arcwares Wireless Keyboard and Mouse Combo, Sweet Green Cute Keyboard, 2.4G USB Ergonomic Full-Sized Mute Keyboard for Computer, Laptop, PC Desktops, Mac",$34.99,4.2,2964.0,https://www.amazon.com/Arcwares-Wireless-Keyboard-Ergonomic-Full-Sized/dp/B09C8DD5YC/ref=sr_1_243?dib=eyJ2IjoiMSJ9.OhwmK3ynnio8vVghC8oCjCsQ7MLw6NOFafDMm5EEoawRfKdwq9jzhrFurUHkodqtZ_d_o5d2LjOHrs__OOAbJzDceCJeh8akPNbm1LDSOG1GNJNbzQEd-byuNIHx1xqqXFO97dTfw6h8hrBb09t41XABHfAUYBkeD_kcpxoMtccBcqcLeurd_PsyRDTrtZ1t6R3_qGdGEX4YNDYbvC9QqLnlMiSecVUsbqOp2WwyKBI.UQNtPRdYaZp0EqbjZ0h91qOKb5CoKqbfMM0TKX0bs3I&dib_tag=se&keywords=wireless+keyboard&qid=1733686633&sr=8-243
"RK ROYAL KLUDGE RK61 60% Mechanical Keyboard with Coiled Cable, 2.4Ghz/Bluetooth/Wired, Wireless Bluetooth Mini Keyboard 61 Keys, RGB Hot Swappable Red Switch Gaming Keyboard with Software - White",$56.99,4.6,9340.0,https://www.amazon.com/Mechanical-Keyboard-Wireless-Bluetooth-Programmer/dp/B07PBC15N8/ref=sr_1_244?dib=eyJ2IjoiMSJ9.OhwmK3ynnio8vVghC8oCjCsQ7MLw6NOFafDMm5EEoawRfKdwq9jzhrFurUHkodqtZ_d_o5d2LjOHrs__OOAbJzDceCJeh8akPNbm1LDSOG1GNJNbzQEd-byuNIHx1xqqXFO97dTfw6h8hrBb09t41XABHfAUYBkeD_kcpxoMtccBcqcLeurd_PsyRDTrtZ1t6R3_qGdGEX4YNDYbvC9QqLnlMiSecVUsbqOp2WwyKBI.UQNtPRdYaZp0EqbjZ0h91qOKb5CoKqbfMM0TKX0bs3I&dib_tag=se&keywords=wireless+keyboard&qid=1733686633&sr=8-244
"Wireless Keyboard and Mouse Combo, 2.4GHz USB Cordless Round Keys Set for Laptop, Computer, TV (Indigo Blue)",$29.99,4.3,190.0,https://www.amazon.com/sspa/click?ie=UTF8&spc=MTo0OTI1MzI1MzI2OTkzNjk5OjE3MzM2ODY2MzM6c3BfYnRmOjMwMDQwNjc1ODcyODcwMjo6MDo6&url=%2FTKVPJYYI-Wireless-Keyboard-Cordless-Computer%2Fdp%2FB0CLV2SYG9%2Fref%3Dsr_1_245_sspa%3Fdib%3DeyJ2IjoiMSJ9.OhwmK3ynnio8vVghC8oCjCsQ7MLw6NOFafDMm5EEoawRfKdwq9jzhrFurUHkodqtZ_d_o5d2LjOHrs__OOAbJzDceCJeh8akPNbm1LDSOG1GNJNbzQEd-byuNIHx1xqqXFO97dTfw6h8hrBb09t41XABHfAUYBkeD_kcpxoMtccBcqcLeurd_PsyRDTrtZ1t6R3_qGdGEX4YNDYbvC9QqLnlMiSecVUsbqOp2WwyKBI.UQNtPRdYaZp0EqbjZ0h91qOKb5CoKqbfMM0TKX0bs3I%26dib_tag%3Dse%26keywords%3Dwireless%2Bkeyboard%26qid%3D1733686633%26sr%3D8-245-spons%26sp_csd%3Dd2lkZ2V0TmFtZT1zcF9idGY%26psc%3D1
FOPETT 2.4GHz Wireless Keyboard and Mouse Set with Switch Button - Full-Size Keyboard - Compatible for Windows/Laptop/PC/Notebook/Smart TV and More - Blue,$38.99,4.3,2868.0,https://www.amazon.com/sspa/click?ie=UTF8&spc=MTo0OTI1MzI1MzI2OTkzNjk5OjE3MzM2ODY2MzM6c3BfYnRmOjMwMDI5NzgyMTkyMjYwMjo6MDo6&url=%2FFOPETT-2-4GHz-Wireless-Keyboard-Switch%2Fdp%2FB0D46QZGZB%2Fref%3Dsr_1_246_sspa%3Fdib%3DeyJ2IjoiMSJ9.OhwmK3ynnio8vVghC8oCjCsQ7MLw6NOFafDMm5EEoawRfKdwq9jzhrFurUHkodqtZ_d_o5d2LjOHrs__OOAbJzDceCJeh8akPNbm1LDSOG1GNJNbzQEd-byuNIHx1xqqXFO97dTfw6h8hrBb09t41XABHfAUYBkeD_kcpxoMtccBcqcLeurd_PsyRDTrtZ1t6R3_qGdGEX4YNDYbvC9QqLnlMiSecVUsbqOp2WwyKBI.UQNtPRdYaZp0EqbjZ0h91qOKb5CoKqbfMM0TKX0bs3I%26dib_tag%3Dse%26keywords%3Dwireless%2Bkeyboard%26qid%3D1733686633%26sr%3D8-246-spons%26sp_csd%3Dd2lkZ2V0TmFtZT1zcF9idGY%26psc%3D1
"Snpurdiri 60% Wireless Gaming Keyboard and Mouse Combo,Rainbow Backlit Rechargeable 2000mAh Battery,Mini Mechanical Feel Keyboard + Popular RGB Mice for Gaming,Business Office(Gray-Black-Orange)",$44.98,3.9,1319.0,https://www.amazon.com/sspa/click?ie=UTF8&spc=MTo4NTU4NjQ3NzQ1MDcwNjI6MTczMzY4NjY0MzpzcF9hdGZfbmV4dDozMDAyNTE1NTIwNjE0MDI6OjA6Og&url=%2FSnpurdiri-Wireless-Rechargeable-Mechanical-Gray-Black-Orange%2Fdp%2FB0D3X4MC82%2Fref%3Dsr_1_241_sspa%3Fdib%3DeyJ2IjoiMSJ9.3nGqRmDqeSxA4xURPNuOk92MpFFAWng3iZelXaVXzsXDLxF4fmA3LQTR0YFudMTk08ft7_wMlUsz266fJZc0ObT1t8-cdx3xoPMohwciJHiDOG7t1TNpWfXhC6_a935e_R21dWSzdjnv85hLut5wyPoODiUZ5vy2aWc2Rt2sHwLh_cKh8n7CvUsTCpEHqc7FukIt2-giEWpIozKP-atUMckr9J4_lu8swOMMWGgVC_0.YQEQrQdi8nSxtD3gH8NsmM2F3W2t9W6KGjoqjOes6fk%26dib_tag%3Dse%26keywords%3Dwireless%2Bkeyboard%26qid%3D1733686643%26sr%3D8-241-spons%26sp_csd%3Dd2lkZ2V0TmFtZT1zcF9hdGZfbmV4dA%26psc%3D1
"Wireless Keyboard Mouse Combo - 2.4Ghz Aesthetic Quiet Keyboard and Mouse Wireless - 110 Keys Full Size Ultra-Thin Keyboard for Laptop, Computer, PC, Notebook, Windows, Mac OS (Pink)",$39.98,4.4,708.0,https://www.amazon.com/sspa/click?ie=UTF8&spc=MTo4NTU4NjQ3NzQ1MDcwNjI6MTczMzY4NjY0MzpzcF9hdGZfbmV4dDoyMDAxNTk0NDM2ODIyOTg6OjA6Og&url=%2FWireless-Keyboard-Mouse-Combo-Ultra-Thin%2Fdp%2FB0BXTTSDPY%2Fref%3Dsr_1_242_sspa%3Fdib%3DeyJ2IjoiMSJ9.3nGqRmDqeSxA4xURPNuOk92MpFFAWng3iZelXaVXzsXDLxF4fmA3LQTR0YFudMTk08ft7_wMlUsz266fJZc0ObT1t8-cdx3xoPMohwciJHiDOG7t1TNpWfXhC6_a935e_R21dWSzdjnv85hLut5wyPoODiUZ5vy2aWc2Rt2sHwLh_cKh8n7CvUsTCpEHqc7FukIt2-giEWpIozKP-atUMckr9J4_lu8swOMMWGgVC_0.YQEQrQdi8nSxtD3gH8NsmM2F3W2t9W6KGjoqjOes6fk%26dib_tag%3Dse%26keywords%3Dwireless%2Bkeyboard%26qid%3D1733686643%26sr%3D8-242-spons%26sp_csd%3Dd2lkZ2V0TmFtZT1zcF9hdGZfbmV4dA%26psc%3D1
"Nulea KM75 Advanced Ergonomic Wireless Keyboard and Mouse Combo, Comfortable Natural Typing, Palm Rest, Multi-Device (Bluetooth, 2.4G, Wired), Rechargeable, for Multi-OS, Windows, Mac, Android(Pink)",$61.99,4.3,328.0,https://www.amazon.com/Nulea-Ergonomic-Comfortable-Multi-Device-Rechargeable/dp/B0DF59TDMM/ref=sr_1_243?dib=eyJ2IjoiMSJ9.3nGqRmDqeSxA4xURPNuOk92MpFFAWng3iZelXaVXzsXDLxF4fmA3LQTR0YFudMTk08ft7_wMlUsz266fJZc0ObT1t8-cdx3xoPMohwciJHiDOG7t1TNpWfXhC6_a935e_R21dWSzdjnv85hLut5wyPoODiUZ5vy2aWc2Rt2sHwLh_cKh8n7CvUsTCpEHqc7FukIt2-giEWpIozKP-atUMckr9J4_lu8swOMMWGgVC_0.YQEQrQdi8nSxtD3gH8NsmM2F3W2t9W6KGjoqjOes6fk&dib_tag=se&keywords=wireless+keyboard&qid=1733686643&sr=8-243
"YUNZII B75 PRO Wireless Mechanical Keyboard,75% Gaming Keyboard Gasket Hot Swap Custom Keyboard with Knob,Pre-lubed Switches RGB,Bluetooth/Type-C/2.4G Creamy Keyboard(Cocoa Cream V2 Switch,Grey)",$79.99,4.7,147.0,https://www.amazon.com/YUNZII-B75-PRO-Mechanical-Pre-lubed/dp/B0D17WX3DT/ref=sr_1_244?dib=eyJ2IjoiMSJ9.3nGqRmDqeSxA4xURPNuOk92MpFFAWng3iZelXaVXzsXDLxF4fmA3LQTR0YFudMTk08ft7_wMlUsz266fJZc0ObT1t8-cdx3xoPMohwciJHiDOG7t1TNpWfXhC6_a935e_R21dWSzdjnv85hLut5wyPoODiUZ5vy2aWc2Rt2sHwLh_cKh8n7CvUsTCpEHqc7FukIt2-giEWpIozKP-atUMckr9J4_lu8swOMMWGgVC_0.YQEQrQdi8nSxtD3gH8NsmM2F3W2t9W6KGjoqjOes6fk&dib_tag=se&keywords=wireless+keyboard&qid=1733686643&sr=8-244
"Keychron K10 Full Size 104 Keys Bluetooth Wireless Mechanical Gaming Keyboard for Mac Windows with Gateron G Pro Brown Switch, Multitasking/White LED Backlight/USB C Wired Computer Keyboard",$84.99,4.3,350.0,https://www.amazon.com/Keychron-Bluetooth-Wireless-Mechanical-Multitasking/dp/B08MKSNYJD/ref=sr_1_245?dib=eyJ2IjoiMSJ9.3nGqRmDqeSxA4xURPNuOk92MpFFAWng3iZelXaVXzsXDLxF4fmA3LQTR0YFudMTk08ft7_wMlUsz266fJZc0ObT1t8-cdx3xoPMohwciJHiDOG7t1TNpWfXhC6_a935e_R21dWSzdjnv85hLut5wyPoODiUZ5vy2aWc2Rt2sHwLh_cKh8n7CvUsTCpEHqc7FukIt2-giEWpIozKP-atUMckr9J4_lu8swOMMWGgVC_0.YQEQrQdi8nSxtD3gH8NsmM2F3W2t9W6KGjoqjOes6fk&dib_tag=se&keywords=wireless+keyboard&qid=1733686643&sr=8-245
"Wireless Keyboard and Mouse Combo, MOWUX Full Size Typewriter Retro Round Computer Keyboard, Cute Optical Mouse Wireless, Plug and Play, for Laptop, PC, Computer- Pink Heart",$39.99,4.5,277.0,https://www.amazon.com/Wireless-Keyboard-MOWUX-Typewriter-Computer/dp/B0DCV9V7QC/ref=sr_1_247?dib=eyJ2IjoiMSJ9.3nGqRmDqeSxA4xURPNuOk92MpFFAWng3iZelXaVXzsXDLxF4fmA3LQTR0YFudMTk08ft7_wMlUsz266fJZc0ObT1t8-cdx3xoPMohwciJHiDOG7t1TNpWfXhC6_a935e_R21dWSzdjnv85hLut5wyPoODiUZ5vy2aWc2Rt2sHwLh_cKh8n7CvUsTCpEHqc7FukIt2-giEWpIozKP-atUMckr9J4_lu8swOMMWGgVC_0.YQEQrQdi8nSxtD3gH8NsmM2F3W2t9W6KGjoqjOes6fk&dib_tag=se&keywords=wireless+keyboard&qid=1733686643&sr=8-247
"Wireless Keyboard Mouse Combo, 2.4GHz Typewriter Keyboard, Letton Full Size Office Computer Retro Keyboard and Cute Mouse with 3 DPI for Mac PC Desktop Laptop-Red",$39.98,4.4,4763.0,https://www.amazon.com/Wireless-Keyboard-Waterproof-Adjustable-Compatible/dp/B07S79R8W5/ref=sr_1_248?dib=eyJ2IjoiMSJ9.3nGqRmDqeSxA4xURPNuOk92MpFFAWng3iZelXaVXzsXDLxF4fmA3LQTR0YFudMTk08ft7_wMlUsz266fJZc0ObT1t8-cdx3xoPMohwciJHiDOG7t1TNpWfXhC6_a935e_R21dWSzdjnv85hLut5wyPoODiUZ5vy2aWc2Rt2sHwLh_cKh8n7CvUsTCpEHqc7FukIt2-giEWpIozKP-atUMckr9J4_lu8swOMMWGgVC_0.YQEQrQdi8nSxtD3gH8NsmM2F3W2t9W6KGjoqjOes6fk&dib_tag=se&keywords=wireless+keyboard&qid=1733686643&sr=8-248
"Backlit Wireless Keyboard and Mouse, Rechargeable Quiet Wireless Keyboard Mouse Combo, Jiggle Mouse, 2.4G Cordless USB Keyboard Slim Full Size for Apple iMac, MacBook, laptop and PC, Space Gray",$42.99,4.0,107.0,https://www.amazon.com/POWZAN-Wireless-Keyboard-Rechargeable-Cordless/dp/B0CFQHF83D/ref=sr_1_249?dib=eyJ2IjoiMSJ9.3nGqRmDqeSxA4xURPNuOk92MpFFAWng3iZelXaVXzsXDLxF4fmA3LQTR0YFudMTk08ft7_wMlUsz266fJZc0ObT1t8-cdx3xoPMohwciJHiDOG7t1TNpWfXhC6_a935e_R21dWSzdjnv85hLut5wyPoODiUZ5vy2aWc2Rt2sHwLh_cKh8n7CvUsTCpEHqc7FukIt2-giEWpIozKP-atUMckr9J4_lu8swOMMWGgVC_0.YQEQrQdi8nSxtD3gH8NsmM2F3W2t9W6KGjoqjOes6fk&dib_tag=se&keywords=wireless+keyboard&qid=1733686643&sr=8-249
"KOORUI Wired Gaming Keyboard, Full Size Ergonomic Mechanical Keyboard,12 Shortcut Keys,RGB Backlit Light Up Keyboard for Laptop/PC/Windows/Mac (Black)",$15.99,4.4,874.0,https://www.amazon.com/KOORUI-Wireless-Keyboard-Multimedia-Shortcut/dp/B0BZ4562W5/ref=sr_1_250?dib=eyJ2IjoiMSJ9.3nGqRmDqeSxA4xURPNuOk92MpFFAWng3iZelXaVXzsXDLxF4fmA3LQTR0YFudMTk08ft7_wMlUsz266fJZc0ObT1t8-cdx3xoPMohwciJHiDOG7t1TNpWfXhC6_a935e_R21dWSzdjnv85hLut5wyPoODiUZ5vy2aWc2Rt2sHwLh_cKh8n7CvUsTCpEHqc7FukIt2-giEWpIozKP-atUMckr9J4_lu8swOMMWGgVC_0.YQEQrQdi8nSxtD3gH8NsmM2F3W2t9W6KGjoqjOes6fk&dib_tag=se&keywords=wireless+keyboard&qid=1733686643&sr=8-250
"Wireless Keyboard and Mouse, KOOTOP Cute Keyboard and Mouse, 2.4G Wireless Keyboard with Retro Round Keycap for PC, Mac, Laptop,Computer Windows (Milk Tea)",$31.99,4.3,1876.0,https://www.amazon.com/sspa/click?ie=UTF8&spc=MTo4NTU4NjQ3NzQ1MDcwNjI6MTczMzY4NjY0MzpzcF9tdGY6MzAwNDc3NjAwODYwMjAyOjowOjo&url=%2FWireless-Keyboard-Dropout-Free-Connection-Compatible%2Fdp%2FB0B4JYRFKM%2Fref%3Dsr_1_251_sspa%3Fdib%3DeyJ2IjoiMSJ9.3nGqRmDqeSxA4xURPNuOk92MpFFAWng3iZelXaVXzsXDLxF4fmA3LQTR0YFudMTk08ft7_wMlUsz266fJZc0ObT1t8-cdx3xoPMohwciJHiDOG7t1TNpWfXhC6_a935e_R21dWSzdjnv85hLut5wyPoODiUZ5vy2aWc2Rt2sHwLh_cKh8n7CvUsTCpEHqc7FukIt2-giEWpIozKP-atUMckr9J4_lu8swOMMWGgVC_0.YQEQrQdi8nSxtD3gH8NsmM2F3W2t9W6KGjoqjOes6fk%26dib_tag%3Dse%26keywords%3Dwireless%2Bkeyboard%26qid%3D1733686643%26sr%3D8-251-spons%26sp_csd%3Dd2lkZ2V0TmFtZT1zcF9tdGY%26psc%3D1
"MOFII Wireless Keyboard and Mouse Combo, Full Size 2.4G Plug and Play Typewriter Retro Round Computer Keyboard and Mouse Set for Windows, Computer, Desktop, PC, Notebook - (Pink Colorful)",$39.99,4.4,6664.0,https://www.amazon.com/sspa/click?ie=UTF8&spc=MTo4NTU4NjQ3NzQ1MDcwNjI6MTczMzY4NjY0MzpzcF9tdGY6MzAwMjgxNTY4OTQyNDAyOjowOjo&url=%2FMOFII-Wireless-Keyboard-Typewriter-Computer%2Fdp%2FB0D2CQ1Z56%2Fref%3Dsr_1_252_sspa%3Fdib%3DeyJ2IjoiMSJ9.3nGqRmDqeSxA4xURPNuOk92MpFFAWng3iZelXaVXzsXDLxF4fmA3LQTR0YFudMTk08ft7_wMlUsz266fJZc0ObT1t8-cdx3xoPMohwciJHiDOG7t1TNpWfXhC6_a935e_R21dWSzdjnv85hLut5wyPoODiUZ5vy2aWc2Rt2sHwLh_cKh8n7CvUsTCpEHqc7FukIt2-giEWpIozKP-atUMckr9J4_lu8swOMMWGgVC_0.YQEQrQdi8nSxtD3gH8NsmM2F3W2t9W6KGjoqjOes6fk%26dib_tag%3Dse%26keywords%3Dwireless%2Bkeyboard%26qid%3D1733686643%26sr%3D8-252-spons%26sp_csd%3Dd2lkZ2V0TmFtZT1zcF9tdGY%26psc%3D1
KLIM Tandem Wireless Gaming Keyboard & Mouse Combo - New 2024 - Slim Durable Ergonomic - Light up Keyboard and Mouse Wireless - Long-Lasting Built-in Battery with Energy-Saving,$26.97,4.2,1096.0,https://www.amazon.com/KLIM-Tandem-Ergonomic-Long-Lasting-Built/dp/B08LNQJ5CM/ref=sr_1_254?dib=eyJ2IjoiMSJ9.3nGqRmDqeSxA4xURPNuOk92MpFFAWng3iZelXaVXzsXDLxF4fmA3LQTR0YFudMTk08ft7_wMlUsz266fJZc0ObT1t8-cdx3xoPMohwciJHiDOG7t1TNpWfXhC6_a935e_R21dWSzdjnv85hLut5wyPoODiUZ5vy2aWc2Rt2sHwLh_cKh8n7CvUsTCpEHqc7FukIt2-giEWpIozKP-atUMckr9J4_lu8swOMMWGgVC_0.YQEQrQdi8nSxtD3gH8NsmM2F3W2t9W6KGjoqjOes6fk&dib_tag=se&keywords=wireless+keyboard&qid=1733686643&sr=8-254
"Lenovo Professional Wireless Keyboard and Mouse Combo, 2.4 GHz USB Wireless Receiver, Full Size Ambidextrous Mouse, 24 Month Battery Life, Black",$45.99,3.5,33.0,https://www.amazon.com/Lenovo-Professional-Wireless-Keyboard-Ambidextrous/dp/B01M1RM6J7/ref=sr_1_255?dib=eyJ2IjoiMSJ9.3nGqRmDqeSxA4xURPNuOk92MpFFAWng3iZelXaVXzsXDLxF4fmA3LQTR0YFudMTk08ft7_wMlUsz266fJZc0ObT1t8-cdx3xoPMohwciJHiDOG7t1TNpWfXhC6_a935e_R21dWSzdjnv85hLut5wyPoODiUZ5vy2aWc2Rt2sHwLh_cKh8n7CvUsTCpEHqc7FukIt2-giEWpIozKP-atUMckr9J4_lu8swOMMWGgVC_0.YQEQrQdi8nSxtD3gH8NsmM2F3W2t9W6KGjoqjOes6fk&dib_tag=se&keywords=wireless+keyboard&qid=1733686643&sr=8-255
"Wireless Gaming Keyboard and Mouse Combo, RGB Backlit Rechargeable 2000 mAh Battery, Mechanical Feel Anti-ghosting Keyboard + 6D 3200DPI Mice for PC Gamer",$39.99,4.2,23.0,https://www.amazon.com/Wireless-Keyboard-Rechargeable-Mechanical-Anti-ghosting/dp/B0D69V6NYB/ref=sr_1_256?dib=eyJ2IjoiMSJ9.3nGqRmDqeSxA4xURPNuOk92MpFFAWng3iZelXaVXzsXDLxF4fmA3LQTR0YFudMTk08ft7_wMlUsz266fJZc0ObT1t8-cdx3xoPMohwciJHiDOG7t1TNpWfXhC6_a935e_R21dWSzdjnv85hLut5wyPoODiUZ5vy2aWc2Rt2sHwLh_cKh8n7CvUsTCpEHqc7FukIt2-giEWpIozKP-atUMckr9J4_lu8swOMMWGgVC_0.YQEQrQdi8nSxtD3gH8NsmM2F3W2t9W6KGjoqjOes6fk&dib_tag=se&keywords=wireless+keyboard&qid=1733686643&sr=8-256
"Arteck Universal Multi-Device Bluetooth Keyboard and Mouse Full Size Wireless Bluetooth Keyboard and Ergonomic Mouse Set for Windows, iOS, Android, Computer Desktop PC Laptop iPad Tablet Smartphone",$45.99,4.3,515.0,https://www.amazon.com/Arteck-Universal-Multi-Device-Bluetooth-Smartphone/dp/B0BZDFGG52/ref=sr_1_257?dib=eyJ2IjoiMSJ9.3nGqRmDqeSxA4xURPNuOk92MpFFAWng3iZelXaVXzsXDLxF4fmA3LQTR0YFudMTk08ft7_wMlUsz266fJZc0ObT1t8-cdx3xoPMohwciJHiDOG7t1TNpWfXhC6_a935e_R21dWSzdjnv85hLut5wyPoODiUZ5vy2aWc2Rt2sHwLh_cKh8n7CvUsTCpEHqc7FukIt2-giEWpIozKP-atUMckr9J4_lu8swOMMWGgVC_0.YQEQrQdi8nSxtD3gH8NsmM2F3W2t9W6KGjoqjOes6fk&dib_tag=se&keywords=wireless+keyboard&qid=1733686643&sr=8-257
"EPOMAKER Ajazz AK820 Pro 75% Mechanical Keyboard, Gasket-Mounted Gaming Keyboard with TFT Smart Display&Knob, Bluetooth 5.1/2.4G Wireless/Type-C Wired Custom Keyboard (Grey, Gift Switch)",$68.99,4.7,1608.0,https://www.amazon.com/EPOMAKER-Mechanical-Keyboard-Gasket-Mounted-Bluetooth/dp/B0CMWJSQMB/ref=sr_1_258?dib=eyJ2IjoiMSJ9.3nGqRmDqeSxA4xURPNuOk92MpFFAWng3iZelXaVXzsXDLxF4fmA3LQTR0YFudMTk08ft7_wMlUsz266fJZc0ObT1t8-cdx3xoPMohwciJHiDOG7t1TNpWfXhC6_a935e_R21dWSzdjnv85hLut5wyPoODiUZ5vy2aWc2Rt2sHwLh_cKh8n7CvUsTCpEHqc7FukIt2-giEWpIozKP-atUMckr9J4_lu8swOMMWGgVC_0.YQEQrQdi8nSxtD3gH8NsmM2F3W2t9W6KGjoqjOes6fk&dib_tag=se&keywords=wireless+keyboard&qid=1733686643&sr=8-258
"RK ROYAL KLUDGE RK98 Wireless Mechanical Keyboard, Triple Mode 2.4G/BT5.1/USB-C Hot Swappable Mechanical Keyboard with Number Pad, Pre-lubed Switches RGB Backlit Gaming Keyboard, Software Support",$79.99,4.6,1121.0,https://www.amazon.com/RK-ROYAL-KLUDGE-Mechanical-Swappable/dp/B0B87N1714/ref=sr_1_259?dib=eyJ2IjoiMSJ9.3nGqRmDqeSxA4xURPNuOk92MpFFAWng3iZelXaVXzsXDLxF4fmA3LQTR0YFudMTk08ft7_wMlUsz266fJZc0ObT1t8-cdx3xoPMohwciJHiDOG7t1TNpWfXhC6_a935e_R21dWSzdjnv85hLut5wyPoODiUZ5vy2aWc2Rt2sHwLh_cKh8n7CvUsTCpEHqc7FukIt2-giEWpIozKP-atUMckr9J4_lu8swOMMWGgVC_0.YQEQrQdi8nSxtD3gH8NsmM2F3W2t9W6KGjoqjOes6fk&dib_tag=se&keywords=wireless+keyboard&qid=1733686643&sr=8-259
"EWEADN V3 Wireless Keyboard and Mouse with Single Backlit, Metal Panel, Bluetooth/2.4G Rechargeable Computer Keyboard and Mouse Combo Silent Lighted Full Size Cute Keyboard-Rose Pink",$59.99,4.1,25.0,https://www.amazon.com/SEUNKWANG-V3-Bluetooth-Rechargeable-Keyboard-Rose/dp/B0D7PW9L1G/ref=sr_1_260?dib=eyJ2IjoiMSJ9.3nGqRmDqeSxA4xURPNuOk92MpFFAWng3iZelXaVXzsXDLxF4fmA3LQTR0YFudMTk08ft7_wMlUsz266fJZc0ObT1t8-cdx3xoPMohwciJHiDOG7t1TNpWfXhC6_a935e_R21dWSzdjnv85hLut5wyPoODiUZ5vy2aWc2Rt2sHwLh_cKh8n7CvUsTCpEHqc7FukIt2-giEWpIozKP-atUMckr9J4_lu8swOMMWGgVC_0.YQEQrQdi8nSxtD3gH8NsmM2F3W2t9W6KGjoqjOes6fk&dib_tag=se&keywords=wireless+keyboard&qid=1733686643&sr=8-260
"Wireless Number Pads, Cute Colorful Numeric Keypad Numpad Portable 2.4 GHz Financial Accounting Number Keyboard Extensions, 18 Key Number Numpad for Laptop Desktop, PC (Green)",$17.99,4.6,19.0,https://www.amazon.com/sspa/click?ie=UTF8&spc=MTo4NTU4NjQ3NzQ1MDcwNjI6MTczMzY4NjY0MzpzcF9idGY6MzAwMjg3OTQyMTQ3NjAyOjowOjo&url=%2FMOWUX-Wireless-Financial-Accounting-Extensions%2Fdp%2FB0D5CYB9R7%2Fref%3Dsr_1_261_sspa%3Fdib%3DeyJ2IjoiMSJ9.3nGqRmDqeSxA4xURPNuOk92MpFFAWng3iZelXaVXzsXDLxF4fmA3LQTR0YFudMTk08ft7_wMlUsz266fJZc0ObT1t8-cdx3xoPMohwciJHiDOG7t1TNpWfXhC6_a935e_R21dWSzdjnv85hLut5wyPoODiUZ5vy2aWc2Rt2sHwLh_cKh8n7CvUsTCpEHqc7FukIt2-giEWpIozKP-atUMckr9J4_lu8swOMMWGgVC_0.YQEQrQdi8nSxtD3gH8NsmM2F3W2t9W6KGjoqjOes6fk%26dib_tag%3Dse%26keywords%3Dwireless%2Bkeyboard%26qid%3D1733686643%26sr%3D8-261-spons%26sp_csd%3Dd2lkZ2V0TmFtZT1zcF9idGY%26psc%3D1
"Wireless Keyboard and Mouse Combo, 9 Backlit Effects, Wrist Rest, Phone Holder, 2.4G Lag-Free Ergonomic Keyboards, Rechargeable Silent Cordless Set for Computer, Laptop, PC, Mac, Windows -SABLUTE",$40.99,4.1,1041.0,https://www.amazon.com/sspa/click?ie=UTF8&spc=MTo4NTU4NjQ3NzQ1MDcwNjI6MTczMzY4NjY0MzpzcF9idGY6MzAwMTM4OTE2MjMzNzAyOjowOjo&url=%2FWireless-Keyboard-Ergonomic-Keyboards-Rechargeable%2Fdp%2FB0CBV3BS4W%2Fref%3Dsr_1_262_sspa%3Fdib%3DeyJ2IjoiMSJ9.3nGqRmDqeSxA4xURPNuOk92MpFFAWng3iZelXaVXzsXDLxF4fmA3LQTR0YFudMTk08ft7_wMlUsz266fJZc0ObT1t8-cdx3xoPMohwciJHiDOG7t1TNpWfXhC6_a935e_R21dWSzdjnv85hLut5wyPoODiUZ5vy2aWc2Rt2sHwLh_cKh8n7CvUsTCpEHqc7FukIt2-giEWpIozKP-atUMckr9J4_lu8swOMMWGgVC_0.YQEQrQdi8nSxtD3gH8NsmM2F3W2t9W6KGjoqjOes6fk%26dib_tag%3Dse%26keywords%3Dwireless%2Bkeyboard%26qid%3D1733686643%26sr%3D8-262-spons%26sp_csd%3Dd2lkZ2V0TmFtZT1zcF9idGY%26psc%3D1
"Wireless Keyboard Mouse Combo, USB Type C Rechargeable Slim Silent White Keyboard Mouse, Compact Full-Size Keyboard with Number Pad for Windows and macOS, PC/Computer/Laptop (Keyboard Cover Included)",$36.31,4.7,75.0,https://www.amazon.com/sspa/click?ie=UTF8&spc=MTozNjg4MTA1MTU5MjQxODYwOjE3MzM2ODY2NTg6c3BfYXRmX25leHQ6MzAwNDEyNjM0OTE2MzAyOjowOjo&url=%2FWireless-Keyboard-Mouse-Rechargeable-Full-Size%2Fdp%2FB0D4TD7BW9%2Fref%3Dsr_1_257_sspa%3Fdib%3DeyJ2IjoiMSJ9.DobesZajhUuXKKYI_T2Ql4uCU9psP-UxkV46SnI2YrPT3_GBvOuUolxtgwHVxnXWVbuk2yOFb5R8KwFKn19NBVdukQGYlEw9VXtoV5VTLnmxQgPxK8AOsepNRvfsFs-1b5cuRngbkAk8qlDcJOo7eA-dEoaNN8x6Gj-Tkq11wSVHNspD8k5gYwHcKgO0uflXbbmv0n0bLZ8QSEDF8Wq7zQ3p7O5mdVzxKziTxwi9AWo.uMEHX5paHzL0aACXRrRlIJ7KIu3qgE1HfB8nKjyP-yA%26dib_tag%3Dse%26keywords%3Dwireless%2Bkeyboard%26qid%3D1733686657%26sr%3D8-257-spons%26sp_csd%3Dd2lkZ2V0TmFtZT1zcF9hdGZfbmV4dA%26psc%3D1
"CK98 Wireless Rechargeable Backlit Keyboard and Mouse Combo, RGB White Keyboard with 98 Keys, Dual Color Mouse with 3200DPI for PC Mac Gamers (White/Pink)",$49.99,4.0,1031.0,https://www.amazon.com/sspa/click?ie=UTF8&spc=MTozNjg4MTA1MTU5MjQxODYwOjE3MzM2ODY2NTg6c3BfYXRmX25leHQ6MjAwMDUzOTM3NDI1NDk4OjowOjo&url=%2FCK98-Wireless-Rechargeable-Mechanical-WhitePink%2Fdp%2FB09XHGCXKG%2Fref%3Dsr_1_258_sspa%3Fdib%3DeyJ2IjoiMSJ9.DobesZajhUuXKKYI_T2Ql4uCU9psP-UxkV46SnI2YrPT3_GBvOuUolxtgwHVxnXWVbuk2yOFb5R8KwFKn19NBVdukQGYlEw9VXtoV5VTLnmxQgPxK8AOsepNRvfsFs-1b5cuRngbkAk8qlDcJOo7eA-dEoaNN8x6Gj-Tkq11wSVHNspD8k5gYwHcKgO0uflXbbmv0n0bLZ8QSEDF8Wq7zQ3p7O5mdVzxKziTxwi9AWo.uMEHX5paHzL0aACXRrRlIJ7KIu3qgE1HfB8nKjyP-yA%26dib_tag%3Dse%26keywords%3Dwireless%2Bkeyboard%26qid%3D1733686657%26sr%3D8-258-spons%26sp_csd%3Dd2lkZ2V0TmFtZT1zcF9hdGZfbmV4dA%26psc%3D1
Microsoft Designer Compact Keyboard - Matte Black. Standalone Wireless Bluetooth Keyboard. Compatible with Bluetooth Enabled PCs/Mac,$29.99,4.3,765.0,https://www.amazon.com/Microsoft-Designer-Compact-Keyboard-Matte/dp/B08J8BLRZF/ref=sr_1_259?dib=eyJ2IjoiMSJ9.DobesZajhUuXKKYI_T2Ql4uCU9psP-UxkV46SnI2YrPT3_GBvOuUolxtgwHVxnXWVbuk2yOFb5R8KwFKn19NBVdukQGYlEw9VXtoV5VTLnmxQgPxK8AOsepNRvfsFs-1b5cuRngbkAk8qlDcJOo7eA-dEoaNN8x6Gj-Tkq11wSVHNspD8k5gYwHcKgO0uflXbbmv0n0bLZ8QSEDF8Wq7zQ3p7O5mdVzxKziTxwi9AWo.uMEHX5paHzL0aACXRrRlIJ7KIu3qgE1HfB8nKjyP-yA&dib_tag=se&keywords=wireless+keyboard&qid=1733686657&sr=8-259
"Corsair K55 RGB PRO Membrane Wired Gaming Keyboard – IP42 Dust and Spill-Resistant – 6 Macro Keys with Elgato Integration – iCUE Compatible – QWERTY NA – PC, Mac, Xbox – Black",$59.99,4.6,12060.0,https://www.amazon.com/Corsair-K55-Wired-Gaming-Keyboard/dp/B08Y78FFR9/ref=sr_1_260?dib=eyJ2IjoiMSJ9.DobesZajhUuXKKYI_T2Ql4uCU9psP-UxkV46SnI2YrPT3_GBvOuUolxtgwHVxnXWVbuk2yOFb5R8KwFKn19NBVdukQGYlEw9VXtoV5VTLnmxQgPxK8AOsepNRvfsFs-1b5cuRngbkAk8qlDcJOo7eA-dEoaNN8x6Gj-Tkq11wSVHNspD8k5gYwHcKgO0uflXbbmv0n0bLZ8QSEDF8Wq7zQ3p7O5mdVzxKziTxwi9AWo.uMEHX5paHzL0aACXRrRlIJ7KIu3qgE1HfB8nKjyP-yA&dib_tag=se&keywords=wireless+keyboard&qid=1733686657&sr=8-260
"Logitech Keys-to-GO 2 Portable Wireless iPad Keyboard with Built-in Cover, Slim and Compact Bluetooth Keyboard for iPad, iPhone, Mac, and Apple TV, Easily Switch with Devices - Graphite",$64.99,4.2,680.0,https://www.amazon.com/Logitech-Portable-Wireless-Keyboard-Bluetooth/dp/B0D2FD5994/ref=sr_1_261?dib=eyJ2IjoiMSJ9.DobesZajhUuXKKYI_T2Ql4uCU9psP-UxkV46SnI2YrPT3_GBvOuUolxtgwHVxnXWVbuk2yOFb5R8KwFKn19NBVdukQGYlEw9VXtoV5VTLnmxQgPxK8AOsepNRvfsFs-1b5cuRngbkAk8qlDcJOo7eA-dEoaNN8x6Gj-Tkq11wSVHNspD8k5gYwHcKgO0uflXbbmv0n0bLZ8QSEDF8Wq7zQ3p7O5mdVzxKziTxwi9AWo.uMEHX5paHzL0aACXRrRlIJ7KIu3qgE1HfB8nKjyP-yA&dib_tag=se&keywords=wireless+keyboard&qid=1733686657&sr=8-261
"Wireless Keyboards and Mouse Combos, UBOTIE Colorful Gradient Rainbow Colored Retro Typewriter Flexible Keyboard, 2.4GHz Connection and Optical Mouse",$39.99,4.3,1785.0,https://www.amazon.com/Wireless-Keyboards-UBOTIE-Typewriter-Connection/dp/B09CTQTRMB/ref=sr_1_262?dib=eyJ2IjoiMSJ9.DobesZajhUuXKKYI_T2Ql4uCU9psP-UxkV46SnI2YrPT3_GBvOuUolxtgwHVxnXWVbuk2yOFb5R8KwFKn19NBVdukQGYlEw9VXtoV5VTLnmxQgPxK8AOsepNRvfsFs-1b5cuRngbkAk8qlDcJOo7eA-dEoaNN8x6Gj-Tkq11wSVHNspD8k5gYwHcKgO0uflXbbmv0n0bLZ8QSEDF8Wq7zQ3p7O5mdVzxKziTxwi9AWo.uMEHX5paHzL0aACXRrRlIJ7KIu3qgE1HfB8nKjyP-yA&dib_tag=se&keywords=wireless+keyboard&qid=1733686657&sr=8-262
"cimetech EasyTyping KF10 Wireless Keyboard and Mouse Combo, [Silent Scissor Switch Keys][Labor-Saving Keys]Ultra Slim Wireless Computer Keyboard and Mouse, Easy Setup for PC/Laptop/Mac/Windows - Grey",$29.99,4.1,4626.0,https://www.amazon.com/cimetech-EasyTyping-KF10-Wireless-Labor-Saving/dp/B088CQTMY9/ref=sr_1_263?dib=eyJ2IjoiMSJ9.DobesZajhUuXKKYI_T2Ql4uCU9psP-UxkV46SnI2YrPT3_GBvOuUolxtgwHVxnXWVbuk2yOFb5R8KwFKn19NBVdukQGYlEw9VXtoV5VTLnmxQgPxK8AOsepNRvfsFs-1b5cuRngbkAk8qlDcJOo7eA-dEoaNN8x6Gj-Tkq11wSVHNspD8k5gYwHcKgO0uflXbbmv0n0bLZ8QSEDF8Wq7zQ3p7O5mdVzxKziTxwi9AWo.uMEHX5paHzL0aACXRrRlIJ7KIu3qgE1HfB8nKjyP-yA&dib_tag=se&keywords=wireless+keyboard&qid=1733686657&sr=8-263
"Corsair K70 RGB PRO Mechanical Wired Gaming Keyboard – Cherry MX Brown Tactile Switches – 8,000hz Hyper-Polling – PBT Double-Shot Keycaps – iCUE Compatible – PC, Mac, Xbox – QWERTY NA – Black",$122.50,4.5,1697.0,https://www.amazon.com/Corsair-Mechanical-Gaming-Keyboard-Hyper-Polling/dp/B09NMM4FY6/ref=sr_1_264?dib=eyJ2IjoiMSJ9.DobesZajhUuXKKYI_T2Ql4uCU9psP-UxkV46SnI2YrPT3_GBvOuUolxtgwHVxnXWVbuk2yOFb5R8KwFKn19NBVdukQGYlEw9VXtoV5VTLnmxQgPxK8AOsepNRvfsFs-1b5cuRngbkAk8qlDcJOo7eA-dEoaNN8x6Gj-Tkq11wSVHNspD8k5gYwHcKgO0uflXbbmv0n0bLZ8QSEDF8Wq7zQ3p7O5mdVzxKziTxwi9AWo.uMEHX5paHzL0aACXRrRlIJ7KIu3qgE1HfB8nKjyP-yA&dib_tag=se&keywords=wireless+keyboard&qid=1733686657&sr=8-264
"Wireless Keyboard and Mouse Combo, 2.4GHz Full-Sized Colorful Cute Keyboard Mouse Set with Retro Typewriter Flexible Round Keys for Windows, Computer, Laptops, PC Purple Colorful",$26.99,4.4,553.0,https://www.amazon.com/Wireless-Keyboard-Full-Sized-Colorful-Typewriter/dp/B0BNKC35JQ/ref=sr_1_265?dib=eyJ2IjoiMSJ9.DobesZajhUuXKKYI_T2Ql4uCU9psP-UxkV46SnI2YrPT3_GBvOuUolxtgwHVxnXWVbuk2yOFb5R8KwFKn19NBVdukQGYlEw9VXtoV5VTLnmxQgPxK8AOsepNRvfsFs-1b5cuRngbkAk8qlDcJOo7eA-dEoaNN8x6Gj-Tkq11wSVHNspD8k5gYwHcKgO0uflXbbmv0n0bLZ8QSEDF8Wq7zQ3p7O5mdVzxKziTxwi9AWo.uMEHX5paHzL0aACXRrRlIJ7KIu3qgE1HfB8nKjyP-yA&dib_tag=se&keywords=wireless+keyboard&qid=1733686657&sr=8-265
"Snpurdiri 60% Wireless Gaming Keyboard and Mouse Combo,LED Backlit Rechargeable 2000mAh Battery,Small Membrane But Mechanical Feel Keyboard + Popular RGB Mice for Gaming,Business Office",$37.98,3.9,1319.0,https://www.amazon.com/Snpurdiri-Wireless-Rechargeable-Mechanical-Anti-ghosting/dp/B0B7QQ4ZXC/ref=sr_1_266?dib=eyJ2IjoiMSJ9.DobesZajhUuXKKYI_T2Ql4uCU9psP-UxkV46SnI2YrPT3_GBvOuUolxtgwHVxnXWVbuk2yOFb5R8KwFKn19NBVdukQGYlEw9VXtoV5VTLnmxQgPxK8AOsepNRvfsFs-1b5cuRngbkAk8qlDcJOo7eA-dEoaNN8x6Gj-Tkq11wSVHNspD8k5gYwHcKgO0uflXbbmv0n0bLZ8QSEDF8Wq7zQ3p7O5mdVzxKziTxwi9AWo.uMEHX5paHzL0aACXRrRlIJ7KIu3qgE1HfB8nKjyP-yA&dib_tag=se&keywords=wireless+keyboard&qid=1733686657&sr=8-266
"MageGee SKY81 75% Wireless Gasket Mechanical Gaming Keyboard, Hot Swappable RGB Custom Creamy Keyboard w/ 5-Layer Padding, BT/2.4G/USB-C, Knob Control, NKRO for Win/Mac (Dreamy Sky, Violet Switch)",$59.99,4.2,27.0,https://www.amazon.com/sspa/click?ie=UTF8&spc=MTozNjg4MTA1MTU5MjQxODYwOjE3MzM2ODY2NTg6c3BfbXRmOjMwMDI5NjYwMTk3ODEwMjo6MDo6&url=%2FMageGee-SKY81-Wireless-Mechanical-Swappable%2Fdp%2FB0D2NW4G41%2Fref%3Dsr_1_267_sspa%3Fdib%3DeyJ2IjoiMSJ9.DobesZajhUuXKKYI_T2Ql4uCU9psP-UxkV46SnI2YrPT3_GBvOuUolxtgwHVxnXWVbuk2yOFb5R8KwFKn19NBVdukQGYlEw9VXtoV5VTLnmxQgPxK8AOsepNRvfsFs-1b5cuRngbkAk8qlDcJOo7eA-dEoaNN8x6Gj-Tkq11wSVHNspD8k5gYwHcKgO0uflXbbmv0n0bLZ8QSEDF8Wq7zQ3p7O5mdVzxKziTxwi9AWo.uMEHX5paHzL0aACXRrRlIJ7KIu3qgE1HfB8nKjyP-yA%26dib_tag%3Dse%26keywords%3Dwireless%2Bkeyboard%26qid%3D1733686657%26sr%3D8-267-spons%26sp_csd%3Dd2lkZ2V0TmFtZT1zcF9tdGY%26psc%3D1
X9 Green Keyboard and Mouse Combo - 2.4G Wireless Connectivity - Transform Your Space with a Cute Wireless Keyboard and Mouse Retro Set - Colorful Keyboard and Mouse - Aesthetic Keyboard,$39.99,4.2,2773.0,https://www.amazon.com/sspa/click?ie=UTF8&spc=MTozNjg4MTA1MTU5MjQxODYwOjE3MzM2ODY2NTg6c3BfbXRmOjMwMDEwNjA0OTgwNTAwMjo6MDo6&url=%2FX9-Performance-Colorful-Keyboard-Mouse%2Fdp%2FB08W4WX9MH%2Fref%3Dsr_1_268_sspa%3Fdib%3DeyJ2IjoiMSJ9.DobesZajhUuXKKYI_T2Ql4uCU9psP-UxkV46SnI2YrPT3_GBvOuUolxtgwHVxnXWVbuk2yOFb5R8KwFKn19NBVdukQGYlEw9VXtoV5VTLnmxQgPxK8AOsepNRvfsFs-1b5cuRngbkAk8qlDcJOo7eA-dEoaNN8x6Gj-Tkq11wSVHNspD8k5gYwHcKgO0uflXbbmv0n0bLZ8QSEDF8Wq7zQ3p7O5mdVzxKziTxwi9AWo.uMEHX5paHzL0aACXRrRlIJ7KIu3qgE1HfB8nKjyP-yA%26dib_tag%3Dse%26keywords%3Dwireless%2Bkeyboard%26qid%3D1733686657%26sr%3D8-268-spons%26sp_csd%3Dd2lkZ2V0TmFtZT1zcF9tdGY%26psc%3D1
"Kensington Pro Fit Ergonomic Wireless Keyboard, Bluetooth - Black (K75401US)",$33.97,3.8,2350.0,https://www.amazon.com/Kensington-Pro-Ergonomic-Wireless-Keyboard/dp/B07X7GL76R/ref=sr_1_269?dib=eyJ2IjoiMSJ9.DobesZajhUuXKKYI_T2Ql4uCU9psP-UxkV46SnI2YrPT3_GBvOuUolxtgwHVxnXWVbuk2yOFb5R8KwFKn19NBVdukQGYlEw9VXtoV5VTLnmxQgPxK8AOsepNRvfsFs-1b5cuRngbkAk8qlDcJOo7eA-dEoaNN8x6Gj-Tkq11wSVHNspD8k5gYwHcKgO0uflXbbmv0n0bLZ8QSEDF8Wq7zQ3p7O5mdVzxKziTxwi9AWo.uMEHX5paHzL0aACXRrRlIJ7KIu3qgE1HfB8nKjyP-yA&dib_tag=se&keywords=wireless+keyboard&qid=1733686657&sr=8-269
"KNOWSQT Wireless Keyboard and Mouse Combo, MilkTea 104 Keys Full-Sized 2.4 GHz Round Keycap Colorful Keyboards, USB Receiver Plug and Play, for Windows, Mac, PC, Laptop, Desktop",$39.99,4.4,3764.0,https://www.amazon.com/KNOWSQT-Wireless-Keyboard-Full-Sized-Keyboards/dp/B09QKPCJ7Q/ref=sr_1_270?dib=eyJ2IjoiMSJ9.DobesZajhUuXKKYI_T2Ql4uCU9psP-UxkV46SnI2YrPT3_GBvOuUolxtgwHVxnXWVbuk2yOFb5R8KwFKn19NBVdukQGYlEw9VXtoV5VTLnmxQgPxK8AOsepNRvfsFs-1b5cuRngbkAk8qlDcJOo7eA-dEoaNN8x6Gj-Tkq11wSVHNspD8k5gYwHcKgO0uflXbbmv0n0bLZ8QSEDF8Wq7zQ3p7O5mdVzxKziTxwi9AWo.uMEHX5paHzL0aACXRrRlIJ7KIu3qgE1HfB8nKjyP-yA&dib_tag=se&keywords=wireless+keyboard&qid=1733686657&sr=8-270
"MEETION Ergonomic Wireless Keyboard and Mouse, Ergo Keyboard with Vertical Mouse, Split Arch Keyboard with Cushioned Wrist Palm Rest, Natural Typing Rechargeable Full Size, Windows/Mac/Computer/Laptop",$69.99,4.1,833.0,https://www.amazon.com/MEETION-Ergonomic-Wireless-Cushioned-Rechargeable/dp/B0BZCCXJJ4/ref=sr_1_271?dib=eyJ2IjoiMSJ9.DobesZajhUuXKKYI_T2Ql4uCU9psP-UxkV46SnI2YrPT3_GBvOuUolxtgwHVxnXWVbuk2yOFb5R8KwFKn19NBVdukQGYlEw9VXtoV5VTLnmxQgPxK8AOsepNRvfsFs-1b5cuRngbkAk8qlDcJOo7eA-dEoaNN8x6Gj-Tkq11wSVHNspD8k5gYwHcKgO0uflXbbmv0n0bLZ8QSEDF8Wq7zQ3p7O5mdVzxKziTxwi9AWo.uMEHX5paHzL0aACXRrRlIJ7KIu3qgE1HfB8nKjyP-yA&dib_tag=se&keywords=wireless+keyboard&qid=1733686657&sr=8-271
"Redragon K652 75% Wireless RGB Mechanical Keyboard, Tri-Mode 84 Keys Ultra-Thin Gaming Keyboard w/Aluminum Top Plate, 100% Supported Win/Mac System & Low Profile Blue Switch",$64.99,4.4,343.0,https://www.amazon.com/Redragon-K652-Mechanical-Ultra-Thin-Supported/dp/B0BYJWV36Y/ref=sr_1_272?dib=eyJ2IjoiMSJ9.DobesZajhUuXKKYI_T2Ql4uCU9psP-UxkV46SnI2YrPT3_GBvOuUolxtgwHVxnXWVbuk2yOFb5R8KwFKn19NBVdukQGYlEw9VXtoV5VTLnmxQgPxK8AOsepNRvfsFs-1b5cuRngbkAk8qlDcJOo7eA-dEoaNN8x6Gj-Tkq11wSVHNspD8k5gYwHcKgO0uflXbbmv0n0bLZ8QSEDF8Wq7zQ3p7O5mdVzxKziTxwi9AWo.uMEHX5paHzL0aACXRrRlIJ7KIu3qgE1HfB8nKjyP-yA&dib_tag=se&keywords=wireless+keyboard&qid=1733686657&sr=8-272
"MOFII Wireless Keyboard and Mouse, Pink Colorful Round Key Retro Typewriter Keyboards, USB Wireless 2.4G Full Size Keyboard and Cute Mice Combo for Computer, Laptop, PC, Chromebook, Smart TV",$39.99,4.4,1904.0,https://www.amazon.com/Wireless-Keyboard-Colorful-Computer-Desktop/dp/B08N6G48PW/ref=sr_1_273?dib=eyJ2IjoiMSJ9.DobesZajhUuXKKYI_T2Ql4uCU9psP-UxkV46SnI2YrPT3_GBvOuUolxtgwHVxnXWVbuk2yOFb5R8KwFKn19NBVdukQGYlEw9VXtoV5VTLnmxQgPxK8AOsepNRvfsFs-1b5cuRngbkAk8qlDcJOo7eA-dEoaNN8x6Gj-Tkq11wSVHNspD8k5gYwHcKgO0uflXbbmv0n0bLZ8QSEDF8Wq7zQ3p7O5mdVzxKziTxwi9AWo.uMEHX5paHzL0aACXRrRlIJ7KIu3qgE1HfB8nKjyP-yA&dib_tag=se&keywords=wireless+keyboard&qid=1733686657&sr=8-273
"Multi-Device Wireless Bluetooth Keyboard Compact Slim Wireless Keyboards Compatible with Windows, Mac, Android, iPad, Easy-Switch up to 3 Devices, Dual-Mode (2 x Bluetooth + USB 2.4G) (Black)",$21.99,4.7,89.0,https://www.amazon.com/Bnnwa-Multi-Device-Bluetooth-Keyboards-Compatible/dp/B0CNVK9K2H/ref=sr_1_274?dib=eyJ2IjoiMSJ9.DobesZajhUuXKKYI_T2Ql4uCU9psP-UxkV46SnI2YrPT3_GBvOuUolxtgwHVxnXWVbuk2yOFb5R8KwFKn19NBVdukQGYlEw9VXtoV5VTLnmxQgPxK8AOsepNRvfsFs-1b5cuRngbkAk8qlDcJOo7eA-dEoaNN8x6Gj-Tkq11wSVHNspD8k5gYwHcKgO0uflXbbmv0n0bLZ8QSEDF8Wq7zQ3p7O5mdVzxKziTxwi9AWo.uMEHX5paHzL0aACXRrRlIJ7KIu3qgE1HfB8nKjyP-yA&dib_tag=se&keywords=wireless+keyboard&qid=1733686657&sr=8-274
Wireless Gaming Keyboard Mouse Bluetooth Headset Kit with 16 RGB Backlit Rechargeable Battery Metal Mechanical Ergonomic Waterproof Dustproof Removable Palm Rest for Laptop PC Gamer(Rainbow RGB),$92.99,4.0,712.0,https://www.amazon.com/Bluetooth-Rechargeable-Mechanical-Ergonomic-Waterproof/dp/B08CD9THXG/ref=sr_1_275?dib=eyJ2IjoiMSJ9.DobesZajhUuXKKYI_T2Ql4uCU9psP-UxkV46SnI2YrPT3_GBvOuUolxtgwHVxnXWVbuk2yOFb5R8KwFKn19NBVdukQGYlEw9VXtoV5VTLnmxQgPxK8AOsepNRvfsFs-1b5cuRngbkAk8qlDcJOo7eA-dEoaNN8x6Gj-Tkq11wSVHNspD8k5gYwHcKgO0uflXbbmv0n0bLZ8QSEDF8Wq7zQ3p7O5mdVzxKziTxwi9AWo.uMEHX5paHzL0aACXRrRlIJ7KIu3qgE1HfB8nKjyP-yA&dib_tag=se&keywords=wireless+keyboard&qid=1733686657&sr=8-275
"ASUS ROG Azoth 75 Wireless DIY Custom Gaming Keyboard, OLED Display, Gasket-Mount, Three-Layer Dampening, Hot-Swappable Pre-lubed ROG NX Snow Switches & Keyboard Stabilizers, PBT Keycaps, RGB",$209.99,4.6,768.0,https://www.amazon.com/ASUS-ROG-Gasket-Mount-Hot-Swappable-PBT/dp/B0CP6J59XB/ref=sr_1_276?dib=eyJ2IjoiMSJ9.DobesZajhUuXKKYI_T2Ql4uCU9psP-UxkV46SnI2YrPT3_GBvOuUolxtgwHVxnXWVbuk2yOFb5R8KwFKn19NBVdukQGYlEw9VXtoV5VTLnmxQgPxK8AOsepNRvfsFs-1b5cuRngbkAk8qlDcJOo7eA-dEoaNN8x6Gj-Tkq11wSVHNspD8k5gYwHcKgO0uflXbbmv0n0bLZ8QSEDF8Wq7zQ3p7O5mdVzxKziTxwi9AWo.uMEHX5paHzL0aACXRrRlIJ7KIu3qgE1HfB8nKjyP-yA&dib_tag=se&keywords=wireless+keyboard&qid=1733686657&sr=8-276
"Wireless Keyboard and Mouse Combo - 7Color Backlit, Wrist Rest, Rechargeable, Silent Light Up Keys, Ergonomic Full Size with Phone Holder for Windows, Mac, PC, Laptop, PC - Trueque (Black)",$39.99,4.1,172.0,https://www.amazon.com/sspa/click?ie=UTF8&spc=MTozNjg4MTA1MTU5MjQxODYwOjE3MzM2ODY2NTg6c3BfYnRmOjMwMDQwNjcwODMyNTcwMjo6MDo6&url=%2FWireless-Keyboard-Mouse-Combo-Rechargeable%2Fdp%2FB0DCJPZ9FX%2Fref%3Dsr_1_277_sspa%3Fdib%3DeyJ2IjoiMSJ9.DobesZajhUuXKKYI_T2Ql4uCU9psP-UxkV46SnI2YrPT3_GBvOuUolxtgwHVxnXWVbuk2yOFb5R8KwFKn19NBVdukQGYlEw9VXtoV5VTLnmxQgPxK8AOsepNRvfsFs-1b5cuRngbkAk8qlDcJOo7eA-dEoaNN8x6Gj-Tkq11wSVHNspD8k5gYwHcKgO0uflXbbmv0n0bLZ8QSEDF8Wq7zQ3p7O5mdVzxKziTxwi9AWo.uMEHX5paHzL0aACXRrRlIJ7KIu3qgE1HfB8nKjyP-yA%26dib_tag%3Dse%26keywords%3Dwireless%2Bkeyboard%26qid%3D1733686657%26sr%3D8-277-spons%26sp_csd%3Dd2lkZ2V0TmFtZT1zcF9idGY%26psc%3D1
"Wireless Keyboard and Mouse Combo, Full-Sized Wireless Keyboard and Adjustable DPI Mouse, 2.4GHz USB Receiver, Wireless Keyboard and Mouse for PC, Windows, Desktop, Laptop (Purple)",$22.99,4.2,932.0,https://www.amazon.com/sspa/click?ie=UTF8&spc=MTozNjg4MTA1MTU5MjQxODYwOjE3MzM2ODY2NTg6c3BfYnRmOjMwMDA1NDU2NTgyODMwMjo6MDo6&url=%2FRECCAZR-Wireless-Keyboard-Full-Sized-Adjustable%2Fdp%2FB0C1VJ57KL%2Fref%3Dsr_1_278_sspa%3Fdib%3DeyJ2IjoiMSJ9.DobesZajhUuXKKYI_T2Ql4uCU9psP-UxkV46SnI2YrPT3_GBvOuUolxtgwHVxnXWVbuk2yOFb5R8KwFKn19NBVdukQGYlEw9VXtoV5VTLnmxQgPxK8AOsepNRvfsFs-1b5cuRngbkAk8qlDcJOo7eA-dEoaNN8x6Gj-Tkq11wSVHNspD8k5gYwHcKgO0uflXbbmv0n0bLZ8QSEDF8Wq7zQ3p7O5mdVzxKziTxwi9AWo.uMEHX5paHzL0aACXRrRlIJ7KIu3qgE1HfB8nKjyP-yA%26dib_tag%3Dse%26keywords%3Dwireless%2Bkeyboard%26qid%3D1733686657%26sr%3D8-278-spons%26sp_csd%3Dd2lkZ2V0TmFtZT1zcF9idGY%26psc%3D1
"ZAGG Pro Keys Wireless Keyboard & Detachable Case for iPad Pro 12.9 - Backlit Keys, Apple Pencil Holder, 6.6ft Drop Protection",$132.99,4.2,3790.0,https://www.amazon.com/sspa/click?ie=UTF8&spc=MTo0MDc3MjcwMTY5MTI2MTA1OjE3MzM2ODY2Njk6c3BfYXRmX25leHQ6MjAwMTQ1MjUxMjQ0Mjk4OjowOjo&url=%2FZAGG-Detachable-Bluetooth-Laptop-Style-Protection%2Fdp%2FB0B3YS4PGB%2Fref%3Dsr_1_273_sspa%3Fdib%3DeyJ2IjoiMSJ9.XUAY-mP4mFz15mQS13ajyd0qd4c9LNLF6DX8Tc3Wy2impxRGkzIbX2P44-y4g1A4xCYPg5IrlKfurNUrxPsjENKXypEXqt0S8tqMEI0s8SYxzGIvRO5ERC5QGdOOVGQPRKutbZysrj22kgdO5PCS-SWQOSsJcxySX-LQZvFacZ277NJf4YpgUgEEa6uNkD57Q2kKG3jJipGthNepwH23RyOlKGRYSZbKpf_3sbUIMqw.PpwMsfoUgicsU1AwRcNf25Ugy-GdlnNywVso-W4MA3s%26dib_tag%3Dse%26keywords%3Dwireless%2Bkeyboard%26qid%3D1733686669%26sr%3D8-273-spons%26sp_csd%3Dd2lkZ2V0TmFtZT1zcF9hdGZfbmV4dA%26psc%3D1
"JOYACCESS Ergonomic Wireless Keyboard and Mouse, Ergonomic Wireless Keyboard with Phone Holder, Full Size Keyboard Designed with Wrist Rest,Volume Roller for Computer Mac PC Laptop-Silver",$36.99,4.4,112.0,https://www.amazon.com/sspa/click?ie=UTF8&spc=MTo0MDc3MjcwMTY5MTI2MTA1OjE3MzM2ODY2Njk6c3BfYXRmX25leHQ6MzAwMjg1NDc2MjE1MDAyOjowOjo&url=%2FJOYACCESS-Ergonomic-Wireless-Full-Sized-Laptop-Silver%2Fdp%2FB0D4VB4JJ7%2Fref%3Dsr_1_274_sspa%3Fdib%3DeyJ2IjoiMSJ9.XUAY-mP4mFz15mQS13ajyd0qd4c9LNLF6DX8Tc3Wy2impxRGkzIbX2P44-y4g1A4xCYPg5IrlKfurNUrxPsjENKXypEXqt0S8tqMEI0s8SYxzGIvRO5ERC5QGdOOVGQPRKutbZysrj22kgdO5PCS-SWQOSsJcxySX-LQZvFacZ277NJf4YpgUgEEa6uNkD57Q2kKG3jJipGthNepwH23RyOlKGRYSZbKpf_3sbUIMqw.PpwMsfoUgicsU1AwRcNf25Ugy-GdlnNywVso-W4MA3s%26dib_tag%3Dse%26keywords%3Dwireless%2Bkeyboard%26qid%3D1733686669%26sr%3D8-274-spons%26sp_csd%3Dd2lkZ2V0TmFtZT1zcF9hdGZfbmV4dA%26psc%3D1
"Macally Bluetooth Keyboard for Tablet | Wireless Keyboard for iPad | iPhone Keyboard (Multi-Device, Built-in Stand, Rechargeable) Easy to Use and Cute Portable Keyboard",$39.99,4.5,1117.0,https://www.amazon.com/Macally-Bluetooth-Keyboard-Multi-Device-Rechargeable/dp/B097Y22Y8N/ref=sr_1_275?dib=eyJ2IjoiMSJ9.XUAY-mP4mFz15mQS13ajyd0qd4c9LNLF6DX8Tc3Wy2impxRGkzIbX2P44-y4g1A4xCYPg5IrlKfurNUrxPsjENKXypEXqt0S8tqMEI0s8SYxzGIvRO5ERC5QGdOOVGQPRKutbZysrj22kgdO5PCS-SWQOSsJcxySX-LQZvFacZ277NJf4YpgUgEEa6uNkD57Q2kKG3jJipGthNepwH23RyOlKGRYSZbKpf_3sbUIMqw.PpwMsfoUgicsU1AwRcNf25Ugy-GdlnNywVso-W4MA3s&dib_tag=se&keywords=wireless+keyboard&qid=1733686669&sr=8-275
KLIM Tandem Wireless Gaming Keyboard & Mouse Combo - New 2024 - Slim Durable Ergonomic - Light up Keyboard and Mouse Wireless - Long-Lasting Built-in Battery with Energy-Saving,$26.97,4.2,1096.0,https://www.amazon.com/KLIM-Tandem-Ergonomic-Long-Lasting-Built/dp/B08LNQJ5CM/ref=sr_1_276?dib=eyJ2IjoiMSJ9.XUAY-mP4mFz15mQS13ajyd0qd4c9LNLF6DX8Tc3Wy2impxRGkzIbX2P44-y4g1A4xCYPg5IrlKfurNUrxPsjENKXypEXqt0S8tqMEI0s8SYxzGIvRO5ERC5QGdOOVGQPRKutbZysrj22kgdO5PCS-SWQOSsJcxySX-LQZvFacZ277NJf4YpgUgEEa6uNkD57Q2kKG3jJipGthNepwH23RyOlKGRYSZbKpf_3sbUIMqw.PpwMsfoUgicsU1AwRcNf25Ugy-GdlnNywVso-W4MA3s&dib_tag=se&keywords=wireless+keyboard&qid=1733686669&sr=8-276
"Wireless Gaming Keyboard and Mouse Combo, RGB Backlit Rechargeable 2000 mAh Battery, Mechanical Feel Anti-ghosting Keyboard + 6D 3200DPI Mice for PC Gamer",$39.99,4.2,23.0,https://www.amazon.com/Wireless-Keyboard-Rechargeable-Mechanical-Anti-ghosting/dp/B0D69V6NYB/ref=sr_1_277?dib=eyJ2IjoiMSJ9.XUAY-mP4mFz15mQS13ajyd0qd4c9LNLF6DX8Tc3Wy2impxRGkzIbX2P44-y4g1A4xCYPg5IrlKfurNUrxPsjENKXypEXqt0S8tqMEI0s8SYxzGIvRO5ERC5QGdOOVGQPRKutbZysrj22kgdO5PCS-SWQOSsJcxySX-LQZvFacZ277NJf4YpgUgEEa6uNkD57Q2kKG3jJipGthNepwH23RyOlKGRYSZbKpf_3sbUIMqw.PpwMsfoUgicsU1AwRcNf25Ugy-GdlnNywVso-W4MA3s&dib_tag=se&keywords=wireless+keyboard&qid=1733686669&sr=8-277
Macally Premium Bluetooth Keyboard and Mouse for Mac | Compatible Apple Wireless Keyboard and Mouse Combo (110 Keys Multi-Device Rechargeable) Keyboard Mouse for MacBook Pro/Air and iMac,$69.99,4.2,572.0,https://www.amazon.com/wireless-keyboard-mouse-mac/dp/B09DXDQF1V/ref=sr_1_279?dib=eyJ2IjoiMSJ9.XUAY-mP4mFz15mQS13ajyd0qd4c9LNLF6DX8Tc3Wy2impxRGkzIbX2P44-y4g1A4xCYPg5IrlKfurNUrxPsjENKXypEXqt0S8tqMEI0s8SYxzGIvRO5ERC5QGdOOVGQPRKutbZysrj22kgdO5PCS-SWQOSsJcxySX-LQZvFacZ277NJf4YpgUgEEa6uNkD57Q2kKG3jJipGthNepwH23RyOlKGRYSZbKpf_3sbUIMqw.PpwMsfoUgicsU1AwRcNf25Ugy-GdlnNywVso-W4MA3s&dib_tag=se&keywords=wireless+keyboard&qid=1733686669&sr=8-279
"RK ROYAL KLUDGE RK98 Wireless Mechanical Keyboard, Triple Mode 2.4G/BT5.1/USB-C Hot Swappable Mechanical Keyboard with Number Pad, Pre-lubed Switches RGB Backlit Gaming Keyboard, Software Support",$79.99,4.6,1121.0,https://www.amazon.com/RK-ROYAL-KLUDGE-Mechanical-Swappable/dp/B0B87N1714/ref=sr_1_280?dib=eyJ2IjoiMSJ9.XUAY-mP4mFz15mQS13ajyd0qd4c9LNLF6DX8Tc3Wy2impxRGkzIbX2P44-y4g1A4xCYPg5IrlKfurNUrxPsjENKXypEXqt0S8tqMEI0s8SYxzGIvRO5ERC5QGdOOVGQPRKutbZysrj22kgdO5PCS-SWQOSsJcxySX-LQZvFacZ277NJf4YpgUgEEa6uNkD57Q2kKG3jJipGthNepwH23RyOlKGRYSZbKpf_3sbUIMqw.PpwMsfoUgicsU1AwRcNf25Ugy-GdlnNywVso-W4MA3s&dib_tag=se&keywords=wireless+keyboard&qid=1733686669&sr=8-280
Ergonomic Keyboard and Mouse Combo - Full Size Keyboard Cordless with Palm Wrist Rest Ergonomic Mouse Wireless for Windows Computers Laptops - Black (Upgrade),$39.99,4.6,41.0,https://www.amazon.com/Ergonomic-Keyboard-Mouse-Combo-Computers/dp/B0D4QX7Y7C/ref=sr_1_281?dib=eyJ2IjoiMSJ9.XUAY-mP4mFz15mQS13ajyd0qd4c9LNLF6DX8Tc3Wy2impxRGkzIbX2P44-y4g1A4xCYPg5IrlKfurNUrxPsjENKXypEXqt0S8tqMEI0s8SYxzGIvRO5ERC5QGdOOVGQPRKutbZysrj22kgdO5PCS-SWQOSsJcxySX-LQZvFacZ277NJf4YpgUgEEa6uNkD57Q2kKG3jJipGthNepwH23RyOlKGRYSZbKpf_3sbUIMqw.PpwMsfoUgicsU1AwRcNf25Ugy-GdlnNywVso-W4MA3s&dib_tag=se&keywords=wireless+keyboard&qid=1733686669&sr=8-281
"EWEADN V3 Wireless Keyboard and Mouse with Single Backlit, Metal Panel, Bluetooth/2.4G Rechargeable Computer Keyboard and Mouse Combo Silent Lighted Full Size Cute Keyboard-Rose Pink",$59.99,4.1,25.0,https://www.amazon.com/SEUNKWANG-V3-Bluetooth-Rechargeable-Keyboard-Rose/dp/B0D7PW9L1G/ref=sr_1_282?dib=eyJ2IjoiMSJ9.XUAY-mP4mFz15mQS13ajyd0qd4c9LNLF6DX8Tc3Wy2impxRGkzIbX2P44-y4g1A4xCYPg5IrlKfurNUrxPsjENKXypEXqt0S8tqMEI0s8SYxzGIvRO5ERC5QGdOOVGQPRKutbZysrj22kgdO5PCS-SWQOSsJcxySX-LQZvFacZ277NJf4YpgUgEEa6uNkD57Q2kKG3jJipGthNepwH23RyOlKGRYSZbKpf_3sbUIMqw.PpwMsfoUgicsU1AwRcNf25Ugy-GdlnNywVso-W4MA3s&dib_tag=se&keywords=wireless+keyboard&qid=1733686669&sr=8-282
"Wireless Keyboard,KOOTOP Cute Colorful 104 Keys Typewriter Retro Round Keycaps Keyboard for PC Laptop,Desktop,Windows, Home and Office Keyboards(Coffee)",$39.99,4.4,212.0,https://www.amazon.com/sspa/click?ie=UTF8&spc=MTo0MDc3MjcwMTY5MTI2MTA1OjE3MzM2ODY2Njk6c3BfbXRmOjMwMDI2MzYxNDMzOTkwMjo6MDo6&url=%2FWireless-Keyboard-Colorful-Typewriter-Keyboards%2Fdp%2FB0D31GHT86%2Fref%3Dsr_1_283_sspa%3Fdib%3DeyJ2IjoiMSJ9.XUAY-mP4mFz15mQS13ajyd0qd4c9LNLF6DX8Tc3Wy2impxRGkzIbX2P44-y4g1A4xCYPg5IrlKfurNUrxPsjENKXypEXqt0S8tqMEI0s8SYxzGIvRO5ERC5QGdOOVGQPRKutbZysrj22kgdO5PCS-SWQOSsJcxySX-LQZvFacZ277NJf4YpgUgEEa6uNkD57Q2kKG3jJipGthNepwH23RyOlKGRYSZbKpf_3sbUIMqw.PpwMsfoUgicsU1AwRcNf25Ugy-GdlnNywVso-W4MA3s%26dib_tag%3Dse%26keywords%3Dwireless%2Bkeyboard%26qid%3D1733686669%26sr%3D8-283-spons%26sp_csd%3Dd2lkZ2V0TmFtZT1zcF9tdGY%26psc%3D1
"L98 Wireless Mechanical Keyboard with 1.14” TFT LCD, Hot-swappable RGB Keyboard w/Gateron G Yellow Pro Switches, Bluetooth/2.4G/Wired, Gasket Mount, PBT Keycaps, Pebble White",$129.99,4.5,219.0,https://www.amazon.com/sspa/click?ie=UTF8&spc=MTo0MDc3MjcwMTY5MTI2MTA1OjE3MzM2ODY2Njk6c3BfbXRmOjMwMDM1MjUzOTA2NjQwMjo6MDo6&url=%2FROYALAXE-L98-Mechanical-Hot-swappable-Bluetooth%2Fdp%2FB0BXWX8PPM%2Fref%3Dsr_1_284_sspa%3Fdib%3DeyJ2IjoiMSJ9.XUAY-mP4mFz15mQS13ajyd0qd4c9LNLF6DX8Tc3Wy2impxRGkzIbX2P44-y4g1A4xCYPg5IrlKfurNUrxPsjENKXypEXqt0S8tqMEI0s8SYxzGIvRO5ERC5QGdOOVGQPRKutbZysrj22kgdO5PCS-SWQOSsJcxySX-LQZvFacZ277NJf4YpgUgEEa6uNkD57Q2kKG3jJipGthNepwH23RyOlKGRYSZbKpf_3sbUIMqw.PpwMsfoUgicsU1AwRcNf25Ugy-GdlnNywVso-W4MA3s%26dib_tag%3Dse%26keywords%3Dwireless%2Bkeyboard%26qid%3D1733686669%26sr%3D8-284-spons%26sp_csd%3Dd2lkZ2V0TmFtZT1zcF9tdGY%26psc%3D1
"Wireless Keyboard and Mouse, Wrist Rest, Phone Holder, Batteries Included, 2.4G Lag-Free Ergonomic Keyboards Mouse Combo, Silent Keyboard Cordless Set for Computer, Laptop, PC, Mac, Windows -SABLUTE",$33.99,4.2,221.0,https://www.amazon.com/Wireless-Keyboard-Batteries-Ergonomic-Keyboards/dp/B0CYQ381Z7/ref=sr_1_285?dib=eyJ2IjoiMSJ9.XUAY-mP4mFz15mQS13ajyd0qd4c9LNLF6DX8Tc3Wy2impxRGkzIbX2P44-y4g1A4xCYPg5IrlKfurNUrxPsjENKXypEXqt0S8tqMEI0s8SYxzGIvRO5ERC5QGdOOVGQPRKutbZysrj22kgdO5PCS-SWQOSsJcxySX-LQZvFacZ277NJf4YpgUgEEa6uNkD57Q2kKG3jJipGthNepwH23RyOlKGRYSZbKpf_3sbUIMqw.PpwMsfoUgicsU1AwRcNf25Ugy-GdlnNywVso-W4MA3s&dib_tag=se&keywords=wireless+keyboard&qid=1733686669&sr=8-285
"Wireless Keyboard and Mouse Combo, Colorful Ergonomic Full Size Retro Low-Noise Keyboard with Cute keycaps, Compatible with Windows, PC, Perfer for Home and Office Keyboards (Blue)",$39.99,4.4,1335.0,https://www.amazon.com/Wireless-Ergonomic-Low-Noise-Compatible-Keyboards/dp/B0DBLRWF1F/ref=sr_1_286?dib=eyJ2IjoiMSJ9.XUAY-mP4mFz15mQS13ajyd0qd4c9LNLF6DX8Tc3Wy2impxRGkzIbX2P44-y4g1A4xCYPg5IrlKfurNUrxPsjENKXypEXqt0S8tqMEI0s8SYxzGIvRO5ERC5QGdOOVGQPRKutbZysrj22kgdO5PCS-SWQOSsJcxySX-LQZvFacZ277NJf4YpgUgEEa6uNkD57Q2kKG3jJipGthNepwH23RyOlKGRYSZbKpf_3sbUIMqw.PpwMsfoUgicsU1AwRcNf25Ugy-GdlnNywVso-W4MA3s&dib_tag=se&keywords=wireless+keyboard&qid=1733686669&sr=8-286
Logitech MK825 Performance Wireless Keyboard & Mouse Combo,$57.40,4.2,788.0,https://www.amazon.com/Logitech-MK825-Wireless-Keyboard-Mouse/dp/B08436BST3/ref=sr_1_287?dib=eyJ2IjoiMSJ9.XUAY-mP4mFz15mQS13ajyd0qd4c9LNLF6DX8Tc3Wy2impxRGkzIbX2P44-y4g1A4xCYPg5IrlKfurNUrxPsjENKXypEXqt0S8tqMEI0s8SYxzGIvRO5ERC5QGdOOVGQPRKutbZysrj22kgdO5PCS-SWQOSsJcxySX-LQZvFacZ277NJf4YpgUgEEa6uNkD57Q2kKG3jJipGthNepwH23RyOlKGRYSZbKpf_3sbUIMqw.PpwMsfoUgicsU1AwRcNf25Ugy-GdlnNywVso-W4MA3s&dib_tag=se&keywords=wireless+keyboard&qid=1733686669&sr=8-287
"Corsair K55 RGB PRO Membrane Wired Gaming Keyboard – IP42 Dust and Spill-Resistant – 6 Macro Keys with Elgato Integration – iCUE Compatible – QWERTY NA – PC, Mac, Xbox – Black",$59.99,4.6,12060.0,https://www.amazon.com/Corsair-K55-Wired-Gaming-Keyboard/dp/B08Y78FFR9/ref=sr_1_288?dib=eyJ2IjoiMSJ9.XUAY-mP4mFz15mQS13ajyd0qd4c9LNLF6DX8Tc3Wy2impxRGkzIbX2P44-y4g1A4xCYPg5IrlKfurNUrxPsjENKXypEXqt0S8tqMEI0s8SYxzGIvRO5ERC5QGdOOVGQPRKutbZysrj22kgdO5PCS-SWQOSsJcxySX-LQZvFacZ277NJf4YpgUgEEa6uNkD57Q2kKG3jJipGthNepwH23RyOlKGRYSZbKpf_3sbUIMqw.PpwMsfoUgicsU1AwRcNf25Ugy-GdlnNywVso-W4MA3s&dib_tag=se&keywords=wireless+keyboard&qid=1733686669&sr=8-288
Dell Wired Keyboard - Black KB216 (580-ADMT),$18.81,4.6,36473.0,https://www.amazon.com/Dell-Wired-Keyboard-Black-580-ADMT/dp/B00ZYLMQH0/ref=sr_1_289?dib=eyJ2IjoiMSJ9.XUAY-mP4mFz15mQS13ajyd0qd4c9LNLF6DX8Tc3Wy2impxRGkzIbX2P44-y4g1A4xCYPg5IrlKfurNUrxPsjENKXypEXqt0S8tqMEI0s8SYxzGIvRO5ERC5QGdOOVGQPRKutbZysrj22kgdO5PCS-SWQOSsJcxySX-LQZvFacZ277NJf4YpgUgEEa6uNkD57Q2kKG3jJipGthNepwH23RyOlKGRYSZbKpf_3sbUIMqw.PpwMsfoUgicsU1AwRcNf25Ugy-GdlnNywVso-W4MA3s&dib_tag=se&keywords=wireless+keyboard&qid=1733686669&sr=8-289
"PEIOUS Wireless Keyboard and Mouse Combo, Cute Pink Keyboard & Mouse with USB and Type C Receiver, Full Size Wireless Mouse and Keyboard, Compatible for MacBook, Windows, Laptop, PC - Pink",$29.99,4.3,2223.0,https://www.amazon.com/PEIOUS-Wireless-Keyboard-Cordless-Computer/dp/B09BCBKGY7/ref=sr_1_290?dib=eyJ2IjoiMSJ9.XUAY-mP4mFz15mQS13ajyd0qd4c9LNLF6DX8Tc3Wy2impxRGkzIbX2P44-y4g1A4xCYPg5IrlKfurNUrxPsjENKXypEXqt0S8tqMEI0s8SYxzGIvRO5ERC5QGdOOVGQPRKutbZysrj22kgdO5PCS-SWQOSsJcxySX-LQZvFacZ277NJf4YpgUgEEa6uNkD57Q2kKG3jJipGthNepwH23RyOlKGRYSZbKpf_3sbUIMqw.PpwMsfoUgicsU1AwRcNf25Ugy-GdlnNywVso-W4MA3s&dib_tag=se&keywords=wireless+keyboard&qid=1733686669&sr=8-290
"Wireless Keyboard and Mouse Combo, Ergonomic Keyboard with Wrist Rest, Phone Holder, Sleep Mode, 2.4G Lag-Free Rechargeable Compact Silent Cordless Keyboard Mouse for Windows, Mac, Laptop, PC (Black)",$36.99,4.1,448.0,https://www.amazon.com/Wireless-Keyboard-Ergonomic-Lag-Free-Rechargeable/dp/B0CL7LVC5H/ref=sr_1_291?dib=eyJ2IjoiMSJ9.XUAY-mP4mFz15mQS13ajyd0qd4c9LNLF6DX8Tc3Wy2impxRGkzIbX2P44-y4g1A4xCYPg5IrlKfurNUrxPsjENKXypEXqt0S8tqMEI0s8SYxzGIvRO5ERC5QGdOOVGQPRKutbZysrj22kgdO5PCS-SWQOSsJcxySX-LQZvFacZ277NJf4YpgUgEEa6uNkD57Q2kKG3jJipGthNepwH23RyOlKGRYSZbKpf_3sbUIMqw.PpwMsfoUgicsU1AwRcNf25Ugy-GdlnNywVso-W4MA3s&dib_tag=se&keywords=wireless+keyboard&qid=1733686669&sr=8-291
"Corsair K70 RGB PRO Mechanical Wired Gaming Keyboard – Cherry MX Brown Tactile Switches – 8,000hz Hyper-Polling – PBT Double-Shot Keycaps – iCUE Compatible – PC, Mac, Xbox – QWERTY NA – Black",$122.50,4.5,1697.0,https://www.amazon.com/Corsair-Mechanical-Gaming-Keyboard-Hyper-Polling/dp/B09NMM4FY6/ref=sr_1_292?dib=eyJ2IjoiMSJ9.XUAY-mP4mFz15mQS13ajyd0qd4c9LNLF6DX8Tc3Wy2impxRGkzIbX2P44-y4g1A4xCYPg5IrlKfurNUrxPsjENKXypEXqt0S8tqMEI0s8SYxzGIvRO5ERC5QGdOOVGQPRKutbZysrj22kgdO5PCS-SWQOSsJcxySX-LQZvFacZ277NJf4YpgUgEEa6uNkD57Q2kKG3jJipGthNepwH23RyOlKGRYSZbKpf_3sbUIMqw.PpwMsfoUgicsU1AwRcNf25Ugy-GdlnNywVso-W4MA3s&dib_tag=se&keywords=wireless+keyboard&qid=1733686669&sr=8-292
"Wireless Keyboard and Mouse Combo, 2.4GHz USB Cordless Round Keys Set for Laptop, Computer, TV (White+Rose Red)",$29.99,4.3,190.0,https://www.amazon.com/sspa/click?ie=UTF8&spc=MTo0MDc3MjcwMTY5MTI2MTA1OjE3MzM2ODY2Njk6c3BfYnRmOjMwMDE0MzY4MjYwNDIwMjo6MDo6&url=%2FTKVPJYYI-Wireless-Keyboard-Cordless-Computer%2Fdp%2FB0CLV1BM8T%2Fref%3Dsr_1_293_sspa%3Fdib%3DeyJ2IjoiMSJ9.XUAY-mP4mFz15mQS13ajyd0qd4c9LNLF6DX8Tc3Wy2impxRGkzIbX2P44-y4g1A4xCYPg5IrlKfurNUrxPsjENKXypEXqt0S8tqMEI0s8SYxzGIvRO5ERC5QGdOOVGQPRKutbZysrj22kgdO5PCS-SWQOSsJcxySX-LQZvFacZ277NJf4YpgUgEEa6uNkD57Q2kKG3jJipGthNepwH23RyOlKGRYSZbKpf_3sbUIMqw.PpwMsfoUgicsU1AwRcNf25Ugy-GdlnNywVso-W4MA3s%26dib_tag%3Dse%26keywords%3Dwireless%2Bkeyboard%26qid%3D1733686669%26sr%3D8-293-spons%26sp_csd%3Dd2lkZ2V0TmFtZT1zcF9idGY%26psc%3D1
"Wireless Number Pads, Cute Colorful Numeric Keypad Numpad Portable 2.4 GHz Financial Accounting Number Keyboard Extensions, 18 Key Number Numpad for Laptop Desktop, PC (Blue)",$17.99,4.6,19.0,https://www.amazon.com/sspa/click?ie=UTF8&spc=MTo0MDc3MjcwMTY5MTI2MTA1OjE3MzM2ODY2Njk6c3BfYnRmOjMwMDI4Nzk0MjE0NzQwMjo6MDo6&url=%2FMOWUX-Wireless-Financial-Accounting-Extensions%2Fdp%2FB0D5D1CSXK%2Fref%3Dsr_1_294_sspa%3Fdib%3DeyJ2IjoiMSJ9.XUAY-mP4mFz15mQS13ajyd0qd4c9LNLF6DX8Tc3Wy2impxRGkzIbX2P44-y4g1A4xCYPg5IrlKfurNUrxPsjENKXypEXqt0S8tqMEI0s8SYxzGIvRO5ERC5QGdOOVGQPRKutbZysrj22kgdO5PCS-SWQOSsJcxySX-LQZvFacZ277NJf4YpgUgEEa6uNkD57Q2kKG3jJipGthNepwH23RyOlKGRYSZbKpf_3sbUIMqw.PpwMsfoUgicsU1AwRcNf25Ugy-GdlnNywVso-W4MA3s%26dib_tag%3Dse%26keywords%3Dwireless%2Bkeyboard%26qid%3D1733686669%26sr%3D8-294-spons%26sp_csd%3Dd2lkZ2V0TmFtZT1zcF9idGY%26psc%3D1
"Wireless Keyboard Mouse Combo, 104 Keys Cute Colorful Keyboard with Number Pad & Mouse for Windows, Computer, PC, Notebook, Laptop (White)",$35.99,4.4,731.0,https://www.amazon.com/sspa/click?ie=UTF8&spc=MTo2NjYwMzUzODI2ODc2OTkxOjE3MzM2ODY2ODQ6c3BfYXRmX25leHQ6MzAwNDc3NjM4OTQ2MDAyOjowOjo&url=%2FWireless-Keyboard-Colorful-Typewriter-Keyboards%2Fdp%2FB0B6GLD2RD%2Fref%3Dsr_1_289_sspa%3Fdib%3DeyJ2IjoiMSJ9.gTTGbBrKQCIg_71sFebMROneAU4LZJBmtq5hfqQ1UkY9ySdzC7T74vtWrwm6im0AQm33cxZHuBJ70x283m-FMKEdYGdLZztTpCF-WmhTKzr0AsHn-t0mfP7RtIutlhbBEAf5Cpzmg-tYnNMJfe6OjBf5MMfjfhMupcuBZg4jbVJb5G0WGvSwmyEL56I4sqMmgiJ0Fu7A9WUFDb-9-N3KMjVPH_Lthcpoh6p0kpDDKqY.f0XNflQm2VXhTSRu38AiwEIl0f1rLOaANVoml_12NG4%26dib_tag%3Dse%26keywords%3Dwireless%2Bkeyboard%26qid%3D1733686684%26sr%3D8-289-spons%26sp_csd%3Dd2lkZ2V0TmFtZT1zcF9hdGZfbmV4dA%26psc%3D1
"Wireless Keyboard and Mouse, KOOTOP Cute Keyboard and Mouse, 2.4G Wireless Keyboard with Retro Round Keycap for PC, Mac, Laptop,Tablet,Computer Windows (Grey)",$30.39,4.3,1876.0,https://www.amazon.com/sspa/click?ie=UTF8&spc=MTo2NjYwMzUzODI2ODc2OTkxOjE3MzM2ODY2ODQ6c3BfYXRmX25leHQ6MzAwMTcxMDEzMjI4MTAyOjowOjo&url=%2FWireless-Keyboard-KOOTOP-Computer-Windows%2Fdp%2FB0CJ2K8H8P%2Fref%3Dsr_1_290_sspa%3Fdib%3DeyJ2IjoiMSJ9.gTTGbBrKQCIg_71sFebMROneAU4LZJBmtq5hfqQ1UkY9ySdzC7T74vtWrwm6im0AQm33cxZHuBJ70x283m-FMKEdYGdLZztTpCF-WmhTKzr0AsHn-t0mfP7RtIutlhbBEAf5Cpzmg-tYnNMJfe6OjBf5MMfjfhMupcuBZg4jbVJb5G0WGvSwmyEL56I4sqMmgiJ0Fu7A9WUFDb-9-N3KMjVPH_Lthcpoh6p0kpDDKqY.f0XNflQm2VXhTSRu38AiwEIl0f1rLOaANVoml_12NG4%26dib_tag%3Dse%26keywords%3Dwireless%2Bkeyboard%26qid%3D1733686684%26sr%3D8-290-spons%26sp_csd%3Dd2lkZ2V0TmFtZT1zcF9hdGZfbmV4dA%26psc%3D1
"Snpurdiri 60% Wireless Gaming Keyboard and Mouse Combo,LED Backlit Rechargeable 2000mAh Battery,Small Membrane But Mechanical Feel Keyboard + Popular RGB Mice for Gaming,Business Office",$37.98,3.9,1319.0,https://www.amazon.com/Snpurdiri-Wireless-Rechargeable-Mechanical-Anti-ghosting/dp/B0B7QQ4ZXC/ref=sr_1_291?dib=eyJ2IjoiMSJ9.gTTGbBrKQCIg_71sFebMROneAU4LZJBmtq5hfqQ1UkY9ySdzC7T74vtWrwm6im0AQm33cxZHuBJ70x283m-FMKEdYGdLZztTpCF-WmhTKzr0AsHn-t0mfP7RtIutlhbBEAf5Cpzmg-tYnNMJfe6OjBf5MMfjfhMupcuBZg4jbVJb5G0WGvSwmyEL56I4sqMmgiJ0Fu7A9WUFDb-9-N3KMjVPH_Lthcpoh6p0kpDDKqY.f0XNflQm2VXhTSRu38AiwEIl0f1rLOaANVoml_12NG4&dib_tag=se&keywords=wireless+keyboard&qid=1733686684&sr=8-291
"JLab Epic Wireless Keyboard, Black, 108 Keys, Connect Via Bluetooth or USB Wireless Dongle, Multi-Device Toggle, Soft Touch Keys, Smart Media Knob, Custom User Profiles, Rechargeable (1 Pack)",$45.49,4.0,133.0,https://www.amazon.com/JLab-Wireless-Bluetooth-Multi-Device-Rechargeable/dp/B0BFK15W43/ref=sr_1_292?dib=eyJ2IjoiMSJ9.gTTGbBrKQCIg_71sFebMROneAU4LZJBmtq5hfqQ1UkY9ySdzC7T74vtWrwm6im0AQm33cxZHuBJ70x283m-FMKEdYGdLZztTpCF-WmhTKzr0AsHn-t0mfP7RtIutlhbBEAf5Cpzmg-tYnNMJfe6OjBf5MMfjfhMupcuBZg4jbVJb5G0WGvSwmyEL56I4sqMmgiJ0Fu7A9WUFDb-9-N3KMjVPH_Lthcpoh6p0kpDDKqY.f0XNflQm2VXhTSRu38AiwEIl0f1rLOaANVoml_12NG4&dib_tag=se&keywords=wireless+keyboard&qid=1733686684&sr=8-292
"Logitech K270 Wireless Keyboard and M185 Wireless Mouse Combo — Keyboard and Mouse Included, Long Battery Life (Black with Mouse)",$35.84,4.2,356.0,https://www.amazon.com/Logitech-Wireless-Keyboard-Mouse-Combo/dp/B07SD98VP7/ref=sr_1_293?dib=eyJ2IjoiMSJ9.gTTGbBrKQCIg_71sFebMROneAU4LZJBmtq5hfqQ1UkY9ySdzC7T74vtWrwm6im0AQm33cxZHuBJ70x283m-FMKEdYGdLZztTpCF-WmhTKzr0AsHn-t0mfP7RtIutlhbBEAf5Cpzmg-tYnNMJfe6OjBf5MMfjfhMupcuBZg4jbVJb5G0WGvSwmyEL56I4sqMmgiJ0Fu7A9WUFDb-9-N3KMjVPH_Lthcpoh6p0kpDDKqY.f0XNflQm2VXhTSRu38AiwEIl0f1rLOaANVoml_12NG4&dib_tag=se&keywords=wireless+keyboard&qid=1733686684&sr=8-293
"Rii (Upgrade) i4 Mini Bluetooth Keyboard with Touchpad, Blacklit Portable Wireless Keyboard with 2.4G USB Dongle for Smartphones, PC, Tablet, Laptop TV Box iOS Android Windows Mac.Black",$33.88,4.4,4592.0,https://www.amazon.com/Rii-Bluetooth-Keyboard-Smartphones-Mac-Black/dp/B07T13GLY3/ref=sr_1_294?dib=eyJ2IjoiMSJ9.gTTGbBrKQCIg_71sFebMROneAU4LZJBmtq5hfqQ1UkY9ySdzC7T74vtWrwm6im0AQm33cxZHuBJ70x283m-FMKEdYGdLZztTpCF-WmhTKzr0AsHn-t0mfP7RtIutlhbBEAf5Cpzmg-tYnNMJfe6OjBf5MMfjfhMupcuBZg4jbVJb5G0WGvSwmyEL56I4sqMmgiJ0Fu7A9WUFDb-9-N3KMjVPH_Lthcpoh6p0kpDDKqY.f0XNflQm2VXhTSRu38AiwEIl0f1rLOaANVoml_12NG4&dib_tag=se&keywords=wireless+keyboard&qid=1733686684&sr=8-294
"Logitech Signature Slim MK955 for Business Wireless Keyboard and Mouse Combo, Quiet Typing, Secure Receiver, Bluetooth, Globally Certified, Windows/Mac/Chrome/Linux - Graphite",$99.99,4.6,45.0,https://www.amazon.com/Logitech-Signature-Business-Bluetooth-Certified/dp/B0CT4MLLSQ/ref=sr_1_295?dib=eyJ2IjoiMSJ9.gTTGbBrKQCIg_71sFebMROneAU4LZJBmtq5hfqQ1UkY9ySdzC7T74vtWrwm6im0AQm33cxZHuBJ70x283m-FMKEdYGdLZztTpCF-WmhTKzr0AsHn-t0mfP7RtIutlhbBEAf5Cpzmg-tYnNMJfe6OjBf5MMfjfhMupcuBZg4jbVJb5G0WGvSwmyEL56I4sqMmgiJ0Fu7A9WUFDb-9-N3KMjVPH_Lthcpoh6p0kpDDKqY.f0XNflQm2VXhTSRu38AiwEIl0f1rLOaANVoml_12NG4&dib_tag=se&keywords=wireless+keyboard&qid=1733686684&sr=8-295
"Redragon K652 75% Wireless RGB Mechanical Keyboard, Tri-Mode 84 Keys Ultra-Thin Gaming Keyboard w/Aluminum Top Plate, 100% Supported Win/Mac System & Low Profile Blue Switch",$64.99,4.4,343.0,https://www.amazon.com/Redragon-K652-Mechanical-Ultra-Thin-Supported/dp/B0BYJWV36Y/ref=sr_1_296?dib=eyJ2IjoiMSJ9.gTTGbBrKQCIg_71sFebMROneAU4LZJBmtq5hfqQ1UkY9ySdzC7T74vtWrwm6im0AQm33cxZHuBJ70x283m-FMKEdYGdLZztTpCF-WmhTKzr0AsHn-t0mfP7RtIutlhbBEAf5Cpzmg-tYnNMJfe6OjBf5MMfjfhMupcuBZg4jbVJb5G0WGvSwmyEL56I4sqMmgiJ0Fu7A9WUFDb-9-N3KMjVPH_Lthcpoh6p0kpDDKqY.f0XNflQm2VXhTSRu38AiwEIl0f1rLOaANVoml_12NG4&dib_tag=se&keywords=wireless+keyboard&qid=1733686684&sr=8-296
"Logitech Pebble 2 Combo for Mac, Wireless Keyboard and Mouse, Slim, Quiet and Portable, Customizable, Bluetooth Mouse and Keyboard, Easy-Switch, for macOS, iPadOS - Tonal White",$47.75,4.6,439.0,https://www.amazon.com/Logitech-Wireless-Customizable-Bluetooth-Easy-Switch/dp/B0BT4J2KMR/ref=sr_1_297?dib=eyJ2IjoiMSJ9.gTTGbBrKQCIg_71sFebMROneAU4LZJBmtq5hfqQ1UkY9ySdzC7T74vtWrwm6im0AQm33cxZHuBJ70x283m-FMKEdYGdLZztTpCF-WmhTKzr0AsHn-t0mfP7RtIutlhbBEAf5Cpzmg-tYnNMJfe6OjBf5MMfjfhMupcuBZg4jbVJb5G0WGvSwmyEL56I4sqMmgiJ0Fu7A9WUFDb-9-N3KMjVPH_Lthcpoh6p0kpDDKqY.f0XNflQm2VXhTSRu38AiwEIl0f1rLOaANVoml_12NG4&dib_tag=se&keywords=wireless+keyboard&qid=1733686684&sr=8-297
"Wireless Keyboard and Mouse Combo, 104 Keys Full-Sized 2.4 GHz Round Keycap Colorful Keyboards, USB Receiver Plug and Play, for Windows, PC, Laptop, Desktop (Milk Tea)",$39.99,4.3,643.0,https://www.amazon.com/Dilter-Wireless-Keyboard-Full-Sized-Keyboards/dp/B0B2V8CN93/ref=sr_1_298?dib=eyJ2IjoiMSJ9.gTTGbBrKQCIg_71sFebMROneAU4LZJBmtq5hfqQ1UkY9ySdzC7T74vtWrwm6im0AQm33cxZHuBJ70x283m-FMKEdYGdLZztTpCF-WmhTKzr0AsHn-t0mfP7RtIutlhbBEAf5Cpzmg-tYnNMJfe6OjBf5MMfjfhMupcuBZg4jbVJb5G0WGvSwmyEL56I4sqMmgiJ0Fu7A9WUFDb-9-N3KMjVPH_Lthcpoh6p0kpDDKqY.f0XNflQm2VXhTSRu38AiwEIl0f1rLOaANVoml_12NG4&dib_tag=se&keywords=wireless+keyboard&qid=1733686684&sr=8-298
"YUNZII C68 Panda Wireless Mechanical Gaming Keyboard,68 Keys Cute Keyboard with PBT Keycaps, RGB Backlit, Hot Swappable Creamy Keyboard with BT5.0/2.4G/Wired for Win/Mac(Panda Switch,White)",$63.69,4.7,50.0,https://www.amazon.com/sspa/click?ie=UTF8&spc=MTo2NjYwMzUzODI2ODc2OTkxOjE3MzM2ODY2ODQ6c3BfbXRmOjMwMDI3NDgzNDEwMTkwMjo6MDo6&url=%2FYUNZII-C68-Wireless-Mechanical-Swappable%2Fdp%2FB0D5DCF35D%2Fref%3Dsr_1_299_sspa%3Fdib%3DeyJ2IjoiMSJ9.gTTGbBrKQCIg_71sFebMROneAU4LZJBmtq5hfqQ1UkY9ySdzC7T74vtWrwm6im0AQm33cxZHuBJ70x283m-FMKEdYGdLZztTpCF-WmhTKzr0AsHn-t0mfP7RtIutlhbBEAf5Cpzmg-tYnNMJfe6OjBf5MMfjfhMupcuBZg4jbVJb5G0WGvSwmyEL56I4sqMmgiJ0Fu7A9WUFDb-9-N3KMjVPH_Lthcpoh6p0kpDDKqY.f0XNflQm2VXhTSRu38AiwEIl0f1rLOaANVoml_12NG4%26dib_tag%3Dse%26keywords%3Dwireless%2Bkeyboard%26qid%3D1733686684%26sr%3D8-299-spons%26sp_csd%3Dd2lkZ2V0TmFtZT1zcF9tdGY%26psc%3D1
"Wireless Mechanical Keyboard, Triple Mode 2.4G/USB-C/BT Gaming Keyboard 100 Keys RGB Backlit, Blue Switch Keyboard | Rechargeable Keyboard | Mechanical Gaming Keyboard | Brown Combo",$39.98,4.2,156.0,https://www.amazon.com/sspa/click?ie=UTF8&spc=MTo2NjYwMzUzODI2ODc2OTkxOjE3MzM2ODY2ODQ6c3BfbXRmOjMwMDE4NTE5MDk3NjUwMjo6MDo6&url=%2FMerdia-Wireless-Mechanical-Keyboard-Rechargeable%2Fdp%2FB0CJ2NQDSQ%2Fref%3Dsr_1_300_sspa%3Fdib%3DeyJ2IjoiMSJ9.gTTGbBrKQCIg_71sFebMROneAU4LZJBmtq5hfqQ1UkY9ySdzC7T74vtWrwm6im0AQm33cxZHuBJ70x283m-FMKEdYGdLZztTpCF-WmhTKzr0AsHn-t0mfP7RtIutlhbBEAf5Cpzmg-tYnNMJfe6OjBf5MMfjfhMupcuBZg4jbVJb5G0WGvSwmyEL56I4sqMmgiJ0Fu7A9WUFDb-9-N3KMjVPH_Lthcpoh6p0kpDDKqY.f0XNflQm2VXhTSRu38AiwEIl0f1rLOaANVoml_12NG4%26dib_tag%3Dse%26keywords%3Dwireless%2Bkeyboard%26qid%3D1733686684%26sr%3D8-300-spons%26sp_csd%3Dd2lkZ2V0TmFtZT1zcF9tdGY%26psc%3D1
"Amazon Basics Modern Wireless Keyboard with Numeric Keypad, Compact US Layout (QWERTY), 2.4GHz, Black",$22.45,4.0,824.0,https://www.amazon.com/AmazonBasics-Wireless-Keyboard-Quiet-Compact-US-Layout/dp/B07WV5WN7B/ref=sr_1_301?dib=eyJ2IjoiMSJ9.gTTGbBrKQCIg_71sFebMROneAU4LZJBmtq5hfqQ1UkY9ySdzC7T74vtWrwm6im0AQm33cxZHuBJ70x283m-FMKEdYGdLZztTpCF-WmhTKzr0AsHn-t0mfP7RtIutlhbBEAf5Cpzmg-tYnNMJfe6OjBf5MMfjfhMupcuBZg4jbVJb5G0WGvSwmyEL56I4sqMmgiJ0Fu7A9WUFDb-9-N3KMjVPH_Lthcpoh6p0kpDDKqY.f0XNflQm2VXhTSRu38AiwEIl0f1rLOaANVoml_12NG4&dib_tag=se&keywords=wireless+keyboard&qid=1733686684&sr=8-301
Wireless Gaming Keyboard Mouse Bluetooth Headset Kit with 16 RGB Backlit Rechargeable Battery Metal Mechanical Ergonomic Waterproof Dustproof Removable Palm Rest for Laptop PC Gamer(Rainbow RGB),$92.99,4.0,712.0,https://www.amazon.com/Bluetooth-Rechargeable-Mechanical-Ergonomic-Waterproof/dp/B08CD9THXG/ref=sr_1_302?dib=eyJ2IjoiMSJ9.gTTGbBrKQCIg_71sFebMROneAU4LZJBmtq5hfqQ1UkY9ySdzC7T74vtWrwm6im0AQm33cxZHuBJ70x283m-FMKEdYGdLZztTpCF-WmhTKzr0AsHn-t0mfP7RtIutlhbBEAf5Cpzmg-tYnNMJfe6OjBf5MMfjfhMupcuBZg4jbVJb5G0WGvSwmyEL56I4sqMmgiJ0Fu7A9WUFDb-9-N3KMjVPH_Lthcpoh6p0kpDDKqY.f0XNflQm2VXhTSRu38AiwEIl0f1rLOaANVoml_12NG4&dib_tag=se&keywords=wireless+keyboard&qid=1733686684&sr=8-302
"ASUS ROG Azoth 75 Wireless DIY Custom Gaming Keyboard, OLED Display, Gasket-Mount, Three-Layer Dampening, Hot-Swappable Pre-lubed ROG NX Snow Switches & Keyboard Stabilizers, PBT Keycaps, RGB",$209.99,4.6,768.0,https://www.amazon.com/ASUS-ROG-Gasket-Mount-Hot-Swappable-PBT/dp/B0CP6J59XB/ref=sr_1_303?dib=eyJ2IjoiMSJ9.gTTGbBrKQCIg_71sFebMROneAU4LZJBmtq5hfqQ1UkY9ySdzC7T74vtWrwm6im0AQm33cxZHuBJ70x283m-FMKEdYGdLZztTpCF-WmhTKzr0AsHn-t0mfP7RtIutlhbBEAf5Cpzmg-tYnNMJfe6OjBf5MMfjfhMupcuBZg4jbVJb5G0WGvSwmyEL56I4sqMmgiJ0Fu7A9WUFDb-9-N3KMjVPH_Lthcpoh6p0kpDDKqY.f0XNflQm2VXhTSRu38AiwEIl0f1rLOaANVoml_12NG4&dib_tag=se&keywords=wireless+keyboard&qid=1733686684&sr=8-303
"HP 460 Multi-Device Bluetooth Keyboard - Multi-OS Compatible - Full-Size Keyboard w/Numpad - 12 Programmable Buttons, Quick Switch Key - 24-Month, AAA Battery Life - Responsibly Made (Black)",$34.99,4.1,49.0,https://www.amazon.com/HP-460-Multi-Device-Bluetooth-Keyboard/dp/B0CHN8J9L3/ref=sr_1_304?dib=eyJ2IjoiMSJ9.gTTGbBrKQCIg_71sFebMROneAU4LZJBmtq5hfqQ1UkY9ySdzC7T74vtWrwm6im0AQm33cxZHuBJ70x283m-FMKEdYGdLZztTpCF-WmhTKzr0AsHn-t0mfP7RtIutlhbBEAf5Cpzmg-tYnNMJfe6OjBf5MMfjfhMupcuBZg4jbVJb5G0WGvSwmyEL56I4sqMmgiJ0Fu7A9WUFDb-9-N3KMjVPH_Lthcpoh6p0kpDDKqY.f0XNflQm2VXhTSRu38AiwEIl0f1rLOaANVoml_12NG4&dib_tag=se&keywords=wireless+keyboard&qid=1733686684&sr=8-304
"RK ROYAL KLUDGE RK61 Plus Wireless Mechanical Keyboard, 60% Percent Gaming Keyboard with Bluetooth/2.4G/Wired, Hot Swappable RGB PC Keyboards with USB Hub for Win/Mac, Silence Linear SkyCyan Switches",$49.99,4.4,624.0,https://www.amazon.com/RK-ROYAL-KLUDGE-Mechanical-Swappable/dp/B0B5R4RPBT/ref=sr_1_305?dib=eyJ2IjoiMSJ9.gTTGbBrKQCIg_71sFebMROneAU4LZJBmtq5hfqQ1UkY9ySdzC7T74vtWrwm6im0AQm33cxZHuBJ70x283m-FMKEdYGdLZztTpCF-WmhTKzr0AsHn-t0mfP7RtIutlhbBEAf5Cpzmg-tYnNMJfe6OjBf5MMfjfhMupcuBZg4jbVJb5G0WGvSwmyEL56I4sqMmgiJ0Fu7A9WUFDb-9-N3KMjVPH_Lthcpoh6p0kpDDKqY.f0XNflQm2VXhTSRu38AiwEIl0f1rLOaANVoml_12NG4&dib_tag=se&keywords=wireless+keyboard&qid=1733686684&sr=8-305
"8Bitdo Retro Mechanical Keyboard, Bluetooth/2.4G/USB-C Hot Swappable Gaming Keyboard with 87 Keys, Dual Super Programmable Buttons for Windows and Android - N Edition",$89.99,4.7,1356.0,https://www.amazon.com/Mechanical-Keyboard-Bluetooth-Swappable-Programmable-PC/dp/B0CCP8KYGG/ref=sr_1_306?dib=eyJ2IjoiMSJ9.gTTGbBrKQCIg_71sFebMROneAU4LZJBmtq5hfqQ1UkY9ySdzC7T74vtWrwm6im0AQm33cxZHuBJ70x283m-FMKEdYGdLZztTpCF-WmhTKzr0AsHn-t0mfP7RtIutlhbBEAf5Cpzmg-tYnNMJfe6OjBf5MMfjfhMupcuBZg4jbVJb5G0WGvSwmyEL56I4sqMmgiJ0Fu7A9WUFDb-9-N3KMjVPH_Lthcpoh6p0kpDDKqY.f0XNflQm2VXhTSRu38AiwEIl0f1rLOaANVoml_12NG4&dib_tag=se&keywords=wireless+keyboard&qid=1733686684&sr=8-306
"SABLUTE Wireless Keyboard and Mouse Backlit, Quiet Light Up Keys, Tilt Legs, Sleep Mode - Rechargeable USB Cordless Combo for Computer, iMac, PC, Laptop (Pink)",$39.99,4.1,2505.0,https://www.amazon.com/Wireless-Keyboard-Mouse-Backlit-Foldable/dp/B09V83SV47/ref=sr_1_307?dib=eyJ2IjoiMSJ9.gTTGbBrKQCIg_71sFebMROneAU4LZJBmtq5hfqQ1UkY9ySdzC7T74vtWrwm6im0AQm33cxZHuBJ70x283m-FMKEdYGdLZztTpCF-WmhTKzr0AsHn-t0mfP7RtIutlhbBEAf5Cpzmg-tYnNMJfe6OjBf5MMfjfhMupcuBZg4jbVJb5G0WGvSwmyEL56I4sqMmgiJ0Fu7A9WUFDb-9-N3KMjVPH_Lthcpoh6p0kpDDKqY.f0XNflQm2VXhTSRu38AiwEIl0f1rLOaANVoml_12NG4&dib_tag=se&keywords=wireless+keyboard&qid=1733686684&sr=8-307
"Wireless Keyboard and Mouse Combo Telylou Ergonomic Quiet Keyboard Mouse Combo 7 Backlit Effects, Wrist Rest, Phone Tablet Holder 2.4GHz Ergonomic Mouse and Keyboard for Windows, Mac, Computer, PC",$35.99,3.8,283.0,https://www.amazon.com/Wireless-Keyboard-Telylou-Ergonomic-Computer/dp/B0D2R38MCN/ref=sr_1_308?dib=eyJ2IjoiMSJ9.gTTGbBrKQCIg_71sFebMROneAU4LZJBmtq5hfqQ1UkY9ySdzC7T74vtWrwm6im0AQm33cxZHuBJ70x283m-FMKEdYGdLZztTpCF-WmhTKzr0AsHn-t0mfP7RtIutlhbBEAf5Cpzmg-tYnNMJfe6OjBf5MMfjfhMupcuBZg4jbVJb5G0WGvSwmyEL56I4sqMmgiJ0Fu7A9WUFDb-9-N3KMjVPH_Lthcpoh6p0kpDDKqY.f0XNflQm2VXhTSRu38AiwEIl0f1rLOaANVoml_12NG4&dib_tag=se&keywords=wireless+keyboard&qid=1733686684&sr=8-308
"Wireless Keyboard and Mouse, Wrist Rest, Sleep Mode, Long Battery Life, 2.4G Lag-Free Ergonomic Keyboards Mouse Combo, Silent Keyboard Cordless Set for Computer, Laptop, PC, Mac, Windows",$25.99,5.0,10.0,https://www.amazon.com/sspa/click?ie=UTF8&spc=MTo2NjYwMzUzODI2ODc2OTkxOjE3MzM2ODY2ODQ6c3BfYnRmOjMwMDU1NDI5MDY5NTYwMjo6MDo6&url=%2FWireless-Keyboard-Lag-Free-Ergonomic-Keyboards%2Fdp%2FB0DJSTF63F%2Fref%3Dsr_1_309_sspa%3Fdib%3DeyJ2IjoiMSJ9.gTTGbBrKQCIg_71sFebMROneAU4LZJBmtq5hfqQ1UkY9ySdzC7T74vtWrwm6im0AQm33cxZHuBJ70x283m-FMKEdYGdLZztTpCF-WmhTKzr0AsHn-t0mfP7RtIutlhbBEAf5Cpzmg-tYnNMJfe6OjBf5MMfjfhMupcuBZg4jbVJb5G0WGvSwmyEL56I4sqMmgiJ0Fu7A9WUFDb-9-N3KMjVPH_Lthcpoh6p0kpDDKqY.f0XNflQm2VXhTSRu38AiwEIl0f1rLOaANVoml_12NG4%26dib_tag%3Dse%26keywords%3Dwireless%2Bkeyboard%26qid%3D1733686684%26sr%3D8-309-spons%26sp_csd%3Dd2lkZ2V0TmFtZT1zcF9idGY%26psc%3D1
"Logitech Wave Keys MK670 Combo, Wireless Ergonomic Keyboard with Signature M550 L Wireless Mouse, Comfortable Natural Typing, Bluetooth, Logi Bolt, for Multi-OS, Windows/Mac - Graphite",$79.99,4.3,1709.0,https://www.amazon.com/sspa/click?ie=UTF8&spc=MTo2NjYwMzUzODI2ODc2OTkxOjE3MzM2ODY2ODQ6c3BfYnRmOjMwMDA2NzI3NjQ0MjQwMjo6MDo6&url=%2FLogitech-MK670-Wave-Keys-Combo%2Fdp%2FB0BTNXW6W2%2Fref%3Dsr_1_310_sspa%3Fdib%3DeyJ2IjoiMSJ9.gTTGbBrKQCIg_71sFebMROneAU4LZJBmtq5hfqQ1UkY9ySdzC7T74vtWrwm6im0AQm33cxZHuBJ70x283m-FMKEdYGdLZztTpCF-WmhTKzr0AsHn-t0mfP7RtIutlhbBEAf5Cpzmg-tYnNMJfe6OjBf5MMfjfhMupcuBZg4jbVJb5G0WGvSwmyEL56I4sqMmgiJ0Fu7A9WUFDb-9-N3KMjVPH_Lthcpoh6p0kpDDKqY.f0XNflQm2VXhTSRu38AiwEIl0f1rLOaANVoml_12NG4%26dib_tag%3Dse%26keywords%3Dwireless%2Bkeyboard%26qid%3D1733686684%26sr%3D8-310-spons%26sp_csd%3Dd2lkZ2V0TmFtZT1zcF9idGY%26psc%3D1
"Wireless Gaming Keyboard, RGB & Single-Color Backlit, Full-Size Waterproof Computer Keyboard, Silent Keys, Wrist Rest, Sleep Mode, Rechargeable 2.4G Wireless Keyboard for Windows, Mac, PC, Laptop",$29.99,4.5,1712.0,https://www.amazon.com/sspa/click?ie=UTF8&spc=MTo2MzA5MDYzNDM5OTA0MzU0OjE3MzM2ODY2OTc6c3BfYXRmX25leHQ6MzAwNTE4MjQ4ODMzODAyOjowOjo&url=%2FWireless-Single-Color-Full-Size-Waterproof-Rechargeable%2Fdp%2FB0D8HY51MZ%2Fref%3Dsr_1_305_sspa%3Fdib%3DeyJ2IjoiMSJ9.sj1iiYrIK7cSI8yY89gssIlVv6JG6YfwvRzViOf-lF0.oLHkv3r0HldbV_P-UGtO8da9IvGefil-PPMxWKVZIc0%26dib_tag%3Dse%26keywords%3Dwireless%2Bkeyboard%26qid%3D1733686697%26sr%3D8-305-spons%26sp_csd%3Dd2lkZ2V0TmFtZT1zcF9hdGZfbmV4dA%26psc%3D1
2.4GHz USB Wireless Keyboard and Mouse Ultra-Thin Cordless Compact-Sized Silent Retro Computer Keyboard Mouse Combo for PC Computer/Laptop/Windows/Mac/Tablets (Graffiti Green),$34.99,4.4,170.0,https://www.amazon.com/sspa/click?ie=UTF8&spc=MTo2MzA5MDYzNDM5OTA0MzU0OjE3MzM2ODY2OTc6c3BfYXRmX25leHQ6MzAwNTU0OTI4NDk0OTAyOjowOjo&url=%2FMobifice-Wireless-Keyboard-Ultra-Thin-Compact-Sized%2Fdp%2FB0D1G1NK9N%2Fref%3Dsr_1_306_sspa%3Fdib%3DeyJ2IjoiMSJ9.sj1iiYrIK7cSI8yY89gssIlVv6JG6YfwvRzViOf-lF0.oLHkv3r0HldbV_P-UGtO8da9IvGefil-PPMxWKVZIc0%26dib_tag%3Dse%26keywords%3Dwireless%2Bkeyboard%26qid%3D1733686697%26sr%3D8-306-spons%26sp_csd%3Dd2lkZ2V0TmFtZT1zcF9hdGZfbmV4dA%26psc%3D1
"MageGee Wireless Gaming Keyboard and Mouse Combo V560, RGB Backlit Rechargeable Mechanical Feel Keyboard 2.4GHz Quiet Blue White Purple Keyboard Mouse for Mac Laptop PC Gamer",$39.99,4.2,35.0,https://www.amazon.com/MageGee-Wireless-Keyboard-Rechargeable-Mechanical/dp/B0D1MGVRR8/ref=sr_1_307?dib=eyJ2IjoiMSJ9.sj1iiYrIK7cSI8yY89gssIlVv6JG6YfwvRzViOf-lF0.oLHkv3r0HldbV_P-UGtO8da9IvGefil-PPMxWKVZIc0&dib_tag=se&keywords=wireless+keyboard&qid=1733686697&sr=8-307
seenda Rechargeable Wireless Keyboard Mouse Combo Full Size Cordless Keyboard & Mouse Sets with Build-in Lithium Battery Ultra Thin Quiet Keyboard Mice (Rose Gold & Black),$39.99,4.5,3560.0,https://www.amazon.com/seenda-Rechargeable-Wireless-Keyboard-Cordless/dp/B08R5CCRFD/ref=sr_1_308?dib=eyJ2IjoiMSJ9.sj1iiYrIK7cSI8yY89gssIlVv6JG6YfwvRzViOf-lF0.oLHkv3r0HldbV_P-UGtO8da9IvGefil-PPMxWKVZIc0&dib_tag=se&keywords=wireless+keyboard&qid=1733686697&sr=8-308
"Wireless Colorful Keyboard and Mouse, seenda 2.4G USB Green & Yellow Keyboard Mouse Combo, Full Size Cute Keyboard for Windows, Laptop, PC, Notebook",$29.99,4.5,29.0,https://www.amazon.com/sspa/click?ie=UTF8&spc=MTo2MzA5MDYzNDM5OTA0MzU0OjE3MzM2ODY2OTc6c3BfbXRmOjMwMDU4MDQ1MzI5NDgwMjo6MDo6&url=%2FWireless-Colorful-Keyboard-seenda-Ergonomic%2Fdp%2FB0CZLJS8MH%2Fref%3Dsr_1_309_sspa%3Fdib%3DeyJ2IjoiMSJ9.sj1iiYrIK7cSI8yY89gssIlVv6JG6YfwvRzViOf-lF0.oLHkv3r0HldbV_P-UGtO8da9IvGefil-PPMxWKVZIc0%26dib_tag%3Dse%26keywords%3Dwireless%2Bkeyboard%26qid%3D1733686697%26sr%3D8-309-spons%26sp_csd%3Dd2lkZ2V0TmFtZT1zcF9tdGY%26psc%3D1
"EWEADN V3 Wireless Keyboard and Mouse with Single Backlit, Metal Panel, Bluetooth/2.4G Rechargeable Computer Keyboard and Mouse Combo Silent Lighted Full Size Cute Keyboard-Rose Pink",$59.99,4.1,25.0,https://www.amazon.com/sspa/click?ie=UTF8&spc=MTo2MzA5MDYzNDM5OTA0MzU0OjE3MzM2ODY2OTc6c3BfbXRmOjMwMDUyNDkzNTg5NzgwMjo6MDo6&url=%2FSEUNKWANG-V3-Bluetooth-Rechargeable-Keyboard-Rose%2Fdp%2FB0D7PW9L1G%2Fref%3Dsr_1_310_sspa%3Fdib%3DeyJ2IjoiMSJ9.sj1iiYrIK7cSI8yY89gssIlVv6JG6YfwvRzViOf-lF0.oLHkv3r0HldbV_P-UGtO8da9IvGefil-PPMxWKVZIc0%26dib_tag%3Dse%26keywords%3Dwireless%2Bkeyboard%26qid%3D1733686697%26sr%3D8-310-spons%26sp_csd%3Dd2lkZ2V0TmFtZT1zcF9tdGY%26psc%3D1
"Bluetooth Keyboard, Ultra-Slim Wireless Keyboard for iPad, Rechargeable Ergonomic Computer Keyboard for iOS, Android, Windows PC Tablets Phone, Black",$16.99,4.3,982.0,https://www.amazon.com/sspa/click?ie=UTF8&spc=MTo2MzA5MDYzNDM5OTA0MzU0OjE3MzM2ODY2OTc6c3BfYnRmOjMwMDE1NDU4MDE0MTgwMjo6MDo6&url=%2FQulose-Bluetooth-Ultra-Slim-Rechargeable-Ergonomic%2Fdp%2FB0C998BW1T%2Fref%3Dsr_1_311_sspa%3Fdib%3DeyJ2IjoiMSJ9.sj1iiYrIK7cSI8yY89gssIlVv6JG6YfwvRzViOf-lF0.oLHkv3r0HldbV_P-UGtO8da9IvGefil-PPMxWKVZIc0%26dib_tag%3Dse%26keywords%3Dwireless%2Bkeyboard%26qid%3D1733686697%26sr%3D8-311-spons%26sp_csd%3Dd2lkZ2V0TmFtZT1zcF9idGY%26psc%3D1
"Arteck Bluetooth Keyboard Universal Wave Comfortable Keyboard with Palm Rest Multi-Device Full Size Wireless Keyboard for Windows iOS iPad OS Android, Computer Desktop Laptop Surface Tablet Smartphone",$29.99,4.0,448.0,https://www.amazon.com/sspa/click?ie=UTF8&spc=MTo2MzA5MDYzNDM5OTA0MzU0OjE3MzM2ODY2OTc6c3BfYnRmOjIwMDA5MjgwMjMyMTg5ODo6MDo6&url=%2FArteck-Universal-Ergonomic-Multi-Device-Smartphone%2Fdp%2FB0B3XCK4CH%2Fref%3Dsr_1_312_sspa%3Fdib%3DeyJ2IjoiMSJ9.sj1iiYrIK7cSI8yY89gssIlVv6JG6YfwvRzViOf-lF0.oLHkv3r0HldbV_P-UGtO8da9IvGefil-PPMxWKVZIc0%26dib_tag%3Dse%26keywords%3Dwireless%2Bkeyboard%26qid%3D1733686697%26sr%3D8-312-spons%26sp_csd%3Dd2lkZ2V0TmFtZT1zcF9idGY%26psc%3D1
